run,epoch,name,numel,error_energy_fraction,second_moment_energy_fraction,second_moment_cosine,sqrt_scaled_error_energy_fraction
packed-ac-full-scale-4-20m-0-0048,10,embedding.weight,10240000,0.43320046353222147,0.9740494999674385,0.9980857583354994,0.47969725885186265
packed-ac-full-scale-4-20m-0-0048,10,blocks.0.attention_norm.weight,320,2.3176329103416756e-05,0.0003554382565977851,0.9856064120588188,0.0024736832626435037
packed-ac-full-scale-4-20m-0-0048,10,blocks.0.attention.q_proj.weight,102400,0.001444288865928701,7.154676063192586e-09,0.9910881114211945,3.631818530960434e-05
packed-ac-full-scale-4-20m-0-0048,10,blocks.0.attention.k_proj.weight,102400,0.001081598962162974,9.756940987520269e-09,0.9901855855990201,4.5160847095587334e-05
packed-ac-full-scale-4-20m-0-0048,10,blocks.0.attention.v_proj.weight,102400,0.00212552774355419,0.00017785019458842758,0.9828214076535374,0.010620784849162783
packed-ac-full-scale-4-20m-0-0048,10,blocks.0.attention.out_proj.weight,102400,0.0016221138366331893,0.0004951036341361459,0.9917360571249244,0.012075734945269971
packed-ac-full-scale-4-20m-0-0048,10,blocks.0.ffn_norm.weight,320,2.2670648247748132e-05,5.7759154322666923e-05,0.99545457962552,0.00105659923033268
packed-ac-full-scale-4-20m-0-0048,10,blocks.0.ffn.gate_proj.weight,286720,0.013404652253089138,4.364518465394604e-05,0.9916728352804265,0.02057148400838272
packed-ac-full-scale-4-20m-0-0048,10,blocks.0.ffn.up_proj.weight,286720,0.01394747733582461,7.881294319675138e-05,0.9959625175101575,0.026384604124849765
packed-ac-full-scale-4-20m-0-0048,10,blocks.0.ffn.down_proj.weight,286720,0.013749989497205607,0.000389231132682373,0.9966685989343468,0.05659653530184205
packed-ac-full-scale-4-20m-0-0048,10,blocks.1.attention_norm.weight,320,2.8967367271825307e-05,2.860926182054709e-06,0.9945913007949949,4.613207425230197e-05
packed-ac-full-scale-4-20m-0-0048,10,blocks.1.attention.q_proj.weight,102400,0.00478700997505748,1.4635038937655269e-08,0.995506783184193,4.929417577701793e-05
packed-ac-full-scale-4-20m-0-0048,10,blocks.1.attention.k_proj.weight,102400,0.004689164538257628,1.4736518489668543e-08,0.9950828329987399,3.697051151209217e-05
packed-ac-full-scale-4-20m-0-0048,10,blocks.1.attention.v_proj.weight,102400,0.0021457278152132394,1.4716530224516145e-07,0.9821378308981717,0.0002592530695717931
packed-ac-full-scale-4-20m-0-0048,10,blocks.1.attention.out_proj.weight,102400,0.0015568966496181797,2.018528324460162e-06,0.9849253924965627,0.0009100537166929773
packed-ac-full-scale-4-20m-0-0048,10,blocks.1.ffn_norm.weight,320,1.6722215837873717e-05,4.114787116902032e-06,0.9961671535526432,8.158953561366412e-05
packed-ac-full-scale-4-20m-0-0048,10,blocks.1.ffn.gate_proj.weight,286720,0.009091902020689432,3.943765858941454e-06,0.9848752459364394,0.0033040883247233187
packed-ac-full-scale-4-20m-0-0048,10,blocks.1.ffn.up_proj.weight,286720,0.009105360141024487,3.2880239947188427e-06,0.9865794619787952,0.002839960612534309
packed-ac-full-scale-4-20m-0-0048,10,blocks.1.ffn.down_proj.weight,286720,0.009821330108936165,0.0003237136261965311,0.9974807967257949,0.017318752720009854
packed-ac-full-scale-4-20m-0-0048,10,blocks.2.attention_norm.weight,320,2.6289782666460933e-05,0.00022125077396031599,0.9995022065328891,0.00022416759130971901
packed-ac-full-scale-4-20m-0-0048,10,blocks.2.attention.q_proj.weight,102400,0.006382134171147653,2.1826659182127508e-07,0.9978437344872756,0.00029784745214801647
packed-ac-full-scale-4-20m-0-0048,10,blocks.2.attention.k_proj.weight,102400,0.005750636066017167,3.856467637756848e-07,0.9981673429318957,0.00022451836291150198
packed-ac-full-scale-4-20m-0-0048,10,blocks.2.attention.v_proj.weight,102400,0.004219097173067917,1.2419179140459205e-05,0.9979235381942426,0.0009553409867133222
packed-ac-full-scale-4-20m-0-0048,10,blocks.2.attention.out_proj.weight,102400,0.0036569921522613615,3.363092306153957e-06,0.996284344818025,0.0021371331798783785
packed-ac-full-scale-4-20m-0-0048,10,blocks.2.ffn_norm.weight,320,2.3505736851892473e-05,1.1004699216449387e-06,0.9960721900678179,7.162052168754354e-05
packed-ac-full-scale-4-20m-0-0048,10,blocks.2.ffn.gate_proj.weight,286720,0.011845248200037765,6.41301105624601e-07,0.9938759307113717,0.001781747073893327
packed-ac-full-scale-4-20m-0-0048,10,blocks.2.ffn.up_proj.weight,286720,0.011917648869167081,2.0516196277027423e-06,0.9894011806257534,0.0017653314829473186
packed-ac-full-scale-4-20m-0-0048,10,blocks.2.ffn.down_proj.weight,286720,0.011193104390689056,8.140256725127246e-06,0.9935236648281162,0.005686935015054826
packed-ac-full-scale-4-20m-0-0048,10,blocks.3.attention_norm.weight,320,2.8708433027125252e-05,0.00016860101400250637,0.9928846101165488,0.00031315459323447386
packed-ac-full-scale-4-20m-0-0048,10,blocks.3.attention.q_proj.weight,102400,0.007512465314154097,2.206416491115253e-07,0.9972645985998296,0.00024667636766033266
packed-ac-full-scale-4-20m-0-0048,10,blocks.3.attention.k_proj.weight,102400,0.007345270501565834,1.6798333794331175e-07,0.9886025320288669,0.0003385258232749176
packed-ac-full-scale-4-20m-0-0048,10,blocks.3.attention.v_proj.weight,102400,0.005233365410588636,1.3830590228301372e-05,0.9978846598220391,0.0017422234005845015
packed-ac-full-scale-4-20m-0-0048,10,blocks.3.attention.out_proj.weight,102400,0.004609477350025375,5.032605945471172e-06,0.9976836425801491,0.0031235549599727035
packed-ac-full-scale-4-20m-0-0048,10,blocks.3.ffn_norm.weight,320,2.835097782072036e-05,0.00010505835166231744,0.9987100342339569,0.00022058791842390313
packed-ac-full-scale-4-20m-0-0048,10,blocks.3.ffn.gate_proj.weight,286720,0.015876209186473502,9.242849942393761e-07,0.9952656332422244,0.0013914550044258431
packed-ac-full-scale-4-20m-0-0048,10,blocks.3.ffn.up_proj.weight,286720,0.015693728549749167,1.6576421698916447e-06,0.9974281806827934,0.001335403877776433
packed-ac-full-scale-4-20m-0-0048,10,blocks.3.ffn.down_proj.weight,286720,0.01388155067792281,0.00024944536041376713,0.9983145653510598,0.005359783456865284
packed-ac-full-scale-4-20m-0-0048,10,blocks.4.attention_norm.weight,320,2.2754411850909265e-05,0.0007710588260737614,0.9997357741939282,0.000567489544022537
packed-ac-full-scale-4-20m-0-0048,10,blocks.4.attention.q_proj.weight,102400,0.006867357832333071,1.1989422608137663e-05,0.9983881708686843,0.001958575646428911
packed-ac-full-scale-4-20m-0-0048,10,blocks.4.attention.k_proj.weight,102400,0.006409932345525319,8.47590922757764e-05,0.9984486179595855,0.0041534532594446295
packed-ac-full-scale-4-20m-0-0048,10,blocks.4.attention.v_proj.weight,102400,0.0061519424872581675,0.0005248999119201718,0.9981733427351015,0.008220738069753862
packed-ac-full-scale-4-20m-0-0048,10,blocks.4.attention.out_proj.weight,102400,0.005747501814095339,3.1486329573559636e-05,0.9985316038935174,0.01053705261628331
packed-ac-full-scale-4-20m-0-0048,10,blocks.4.ffn_norm.weight,320,2.753521068869099e-05,2.184156509331655e-05,0.9985602448309416,0.0003697067279071391
packed-ac-full-scale-4-20m-0-0048,10,blocks.4.ffn.gate_proj.weight,286720,0.023771731557306552,1.4386329678130387e-06,0.9973178189226508,0.005474850768759359
packed-ac-full-scale-4-20m-0-0048,10,blocks.4.ffn.up_proj.weight,286720,0.02346416268255127,2.3383773098744456e-06,0.9981134537702346,0.005078132186196556
packed-ac-full-scale-4-20m-0-0048,10,blocks.4.ffn.down_proj.weight,286720,0.02144294133182587,4.999652280523163e-06,0.9974871023068276,0.009025612596046537
packed-ac-full-scale-4-20m-0-0048,10,blocks.5.attention_norm.weight,320,2.093580767230393e-05,0.0015463437253516838,0.9995863818824273,0.0008252108692870686
packed-ac-full-scale-4-20m-0-0048,10,blocks.5.attention.q_proj.weight,102400,0.006169135171744998,7.257158321473544e-06,0.9984785254307963,0.002298139757579441
packed-ac-full-scale-4-20m-0-0048,10,blocks.5.attention.k_proj.weight,102400,0.00534340971805391,5.1817298203479754e-05,0.9988700326270973,0.0030687185267897943
packed-ac-full-scale-4-20m-0-0048,10,blocks.5.attention.v_proj.weight,102400,0.004965489186054546,0.00044998877069790124,0.9983178418745702,0.006400202693539468
packed-ac-full-scale-4-20m-0-0048,10,blocks.5.attention.out_proj.weight,102400,0.005082235478556086,2.8458372300227544e-05,0.9986752454730397,0.009418386317293144
packed-ac-full-scale-4-20m-0-0048,10,blocks.5.ffn_norm.weight,320,2.499911521892818e-05,3.313001007812597e-05,0.9991536535149387,0.0004018695264192691
packed-ac-full-scale-4-20m-0-0048,10,blocks.5.ffn.gate_proj.weight,286720,0.022323243093595086,2.8186888507558687e-06,0.9933924003087817,0.007691043360868685
packed-ac-full-scale-4-20m-0-0048,10,blocks.5.ffn.up_proj.weight,286720,0.022055216470878224,2.8230543649430473e-06,0.9973831914364127,0.006569325832850054
packed-ac-full-scale-4-20m-0-0048,10,blocks.5.ffn.down_proj.weight,286720,0.02043425469434764,6.545482267017699e-06,0.9965990627060496,0.010592736191151475
packed-ac-full-scale-4-20m-0-0048,10,blocks.6.attention_norm.weight,320,1.9236257746464824e-05,0.0007788410324650136,0.9991522212478907,0.0005982531387304935
packed-ac-full-scale-4-20m-0-0048,10,blocks.6.attention.q_proj.weight,102400,0.006588750752706335,1.0589782110712585e-05,0.9974767434351864,0.003245176085808608
packed-ac-full-scale-4-20m-0-0048,10,blocks.6.attention.k_proj.weight,102400,0.006538050224616719,0.00013334924019377768,0.998491626367248,0.00564217549950277
packed-ac-full-scale-4-20m-0-0048,10,blocks.6.attention.v_proj.weight,102400,0.005470532105895373,0.0006108236810330996,0.9979948268807993,0.010254300228317274
packed-ac-full-scale-4-20m-0-0048,10,blocks.6.attention.out_proj.weight,102400,0.005761818129583113,7.298115209256048e-05,0.9983963155089451,0.015148750475148437
packed-ac-full-scale-4-20m-0-0048,10,blocks.6.ffn_norm.weight,320,2.3544267759220602e-05,0.0002881441228943448,0.998664932167129,0.0009977701991835293
packed-ac-full-scale-4-20m-0-0048,10,blocks.6.ffn.gate_proj.weight,286720,0.021335048501161417,5.806547922556691e-06,0.9953379230988144,0.009743255058814857
packed-ac-full-scale-4-20m-0-0048,10,blocks.6.ffn.up_proj.weight,286720,0.02088956373438992,4.225470788873219e-06,0.9966772535616933,0.006914199961541163
packed-ac-full-scale-4-20m-0-0048,10,blocks.6.ffn.down_proj.weight,286720,0.019273514110084322,1.0139223794891036e-05,0.9869386565722261,0.010075514779947498
packed-ac-full-scale-4-20m-0-0048,10,blocks.7.attention_norm.weight,320,1.7004140665160406e-05,0.0019487800474791823,0.9995296067477525,0.0009369135896380404
packed-ac-full-scale-4-20m-0-0048,10,blocks.7.attention.q_proj.weight,102400,0.007243919043297656,0.0020685038391212245,0.9974273391646649,0.03739177039308927
packed-ac-full-scale-4-20m-0-0048,10,blocks.7.attention.k_proj.weight,102400,0.006720839636642867,0.005366028975594452,0.9974810493040659,0.06176832325948208
packed-ac-full-scale-4-20m-0-0048,10,blocks.7.attention.v_proj.weight,102400,0.005462217245467288,0.0006594403946543287,0.998659435193776,0.013568649621807108
packed-ac-full-scale-4-20m-0-0048,10,blocks.7.attention.out_proj.weight,102400,0.005556652109561845,3.3385854814393436e-05,0.9978919123307189,0.012112774100661883
packed-ac-full-scale-4-20m-0-0048,10,blocks.7.ffn_norm.weight,320,2.2251514331621473e-05,0.00022047205501500935,0.9987656959284896,0.0005618871043581549
packed-ac-full-scale-4-20m-0-0048,10,blocks.7.ffn.gate_proj.weight,286720,0.021141264552456216,2.4175790280976115e-05,0.9950463565436829,0.01895961573372098
packed-ac-full-scale-4-20m-0-0048,10,blocks.7.ffn.up_proj.weight,286720,0.020600948152218128,1.583221739807148e-05,0.9955421746292288,0.012398536817829885
packed-ac-full-scale-4-20m-0-0048,10,blocks.7.ffn.down_proj.weight,286720,0.019906083125925025,7.975114951434627e-05,0.974634771072563,0.024433946474819324
packed-ac-full-scale-4-20m-0-0048,10,norm.weight,320,1.5161206823506703e-05,0.007302752397980547,0.9995466575844385,0.0009766775707765532
packed-ac-full-scale-4-20m-0-0048,15,embedding.weight,10240000,0.4603523183783691,0.8535915919726029,0.9948344653105402,0.9959542543648575
packed-ac-full-scale-4-20m-0-0048,15,blocks.0.attention_norm.weight,320,1.909698455812792e-05,0.0024888243787244938,0.9965023477165559,9.570212578989154e-07
packed-ac-full-scale-4-20m-0-0048,15,blocks.0.attention.q_proj.weight,102400,0.0020890330600491637,3.7226888514109713e-09,0.9971719934377937,8.409850854418486e-09
packed-ac-full-scale-4-20m-0-0048,15,blocks.0.attention.k_proj.weight,102400,0.0015925893694419125,6.282742004249879e-09,0.9977883035674585,1.0805230347360147e-08
packed-ac-full-scale-4-20m-0-0048,15,blocks.0.attention.v_proj.weight,102400,0.002443266545670886,0.00025890491732690163,0.9927400185900014,2.4991463562448878e-06
packed-ac-full-scale-4-20m-0-0048,15,blocks.0.attention.out_proj.weight,102400,0.002236657881326107,0.000436722796360509,0.9964670021925244,2.6158825540627053e-06
packed-ac-full-scale-4-20m-0-0048,15,blocks.0.ffn_norm.weight,320,1.7948744945724954e-05,0.00043904426106972246,0.9950848466096146,3.579670102591992e-07
packed-ac-full-scale-4-20m-0-0048,15,blocks.0.ffn.gate_proj.weight,286720,0.012948118405876282,2.9303727080453286e-05,0.995525971234141,4.124741388539076e-06
packed-ac-full-scale-4-20m-0-0048,15,blocks.0.ffn.up_proj.weight,286720,0.013066178854976275,8.155211408958421e-05,0.9968055518370975,5.864829197141828e-06
packed-ac-full-scale-4-20m-0-0048,15,blocks.0.ffn.down_proj.weight,286720,0.01324980124101146,0.00037103782908222784,0.998227928893308,1.2251457567517531e-05
packed-ac-full-scale-4-20m-0-0048,15,blocks.1.attention_norm.weight,320,2.630271513176647e-05,1.3834786397120666e-05,0.9992565664633397,2.6995967730197185e-08
packed-ac-full-scale-4-20m-0-0048,15,blocks.1.attention.q_proj.weight,102400,0.004383209410386774,2.6091235541886675e-08,0.9932936172221049,1.1472747124076966e-08
packed-ac-full-scale-4-20m-0-0048,15,blocks.1.attention.k_proj.weight,102400,0.004929772938189141,2.4302931793779682e-08,0.9969284644096624,1.0993253968913981e-08
packed-ac-full-scale-4-20m-0-0048,15,blocks.1.attention.v_proj.weight,102400,0.003589671886863279,9.405424925262511e-07,0.9974212357601006,9.368326693909328e-08
packed-ac-full-scale-4-20m-0-0048,15,blocks.1.attention.out_proj.weight,102400,0.0026763411661001237,6.159680661702225e-07,0.9951123278669152,2.041330376131941e-07
packed-ac-full-scale-4-20m-0-0048,15,blocks.1.ffn_norm.weight,320,1.7683385016209222e-05,1.0806405043539515e-05,0.9993736299927951,3.9472942797923314e-08
packed-ac-full-scale-4-20m-0-0048,15,blocks.1.ffn.gate_proj.weight,286720,0.010222551068053413,1.7670501440397002e-06,0.9918710767213486,5.701585615011241e-07
packed-ac-full-scale-4-20m-0-0048,15,blocks.1.ffn.up_proj.weight,286720,0.010585037829279307,1.6131170232811765e-06,0.9917408926650463,5.202649352425001e-07
packed-ac-full-scale-4-20m-0-0048,15,blocks.1.ffn.down_proj.weight,286720,0.01086571980766698,0.0003041291703293682,0.9975184721310001,3.7143156192632847e-06
packed-ac-full-scale-4-20m-0-0048,15,blocks.2.attention_norm.weight,320,2.0516497760212413e-05,0.001245772350264055,0.9994124538417269,1.220416789649067e-07
packed-ac-full-scale-4-20m-0-0048,15,blocks.2.attention.q_proj.weight,102400,0.005891527112131945,9.027170534969703e-07,0.9982981316346029,9.342237668715306e-08
packed-ac-full-scale-4-20m-0-0048,15,blocks.2.attention.k_proj.weight,102400,0.005468817668914626,1.0682099518403986e-06,0.9986618403267378,7.444913647363673e-08
packed-ac-full-scale-4-20m-0-0048,15,blocks.2.attention.v_proj.weight,102400,0.005173588361197569,0.0001428335813145543,0.9980951306163545,5.239111197335707e-07
packed-ac-full-scale-4-20m-0-0048,15,blocks.2.attention.out_proj.weight,102400,0.004548799744106512,4.458786374734384e-06,0.9985159409366341,6.107306041625378e-07
packed-ac-full-scale-4-20m-0-0048,15,blocks.2.ffn_norm.weight,320,2.1437915327815545e-05,7.846453302789401e-06,0.9980216027850242,3.8718767108975467e-08
packed-ac-full-scale-4-20m-0-0048,15,blocks.2.ffn.gate_proj.weight,286720,0.013006725427958669,4.228952145214764e-07,0.9963093235029126,3.806803203047041e-07
packed-ac-full-scale-4-20m-0-0048,15,blocks.2.ffn.up_proj.weight,286720,0.013169050790337289,3.0504599801732216e-06,0.9979465067922324,4.1593754704328555e-07
packed-ac-full-scale-4-20m-0-0048,15,blocks.2.ffn.down_proj.weight,286720,0.012393005057622511,5.373800309691431e-06,0.9957764078046084,1.2147009777217344e-06
packed-ac-full-scale-4-20m-0-0048,15,blocks.3.attention_norm.weight,320,2.0114943542118603e-05,0.0010750406878948214,0.9988323650216103,2.4478275456811446e-07
packed-ac-full-scale-4-20m-0-0048,15,blocks.3.attention.q_proj.weight,102400,0.0067867428265398905,1.6705736640128185e-06,0.9994202397596478,8.70170604501463e-08
packed-ac-full-scale-4-20m-0-0048,15,blocks.3.attention.k_proj.weight,102400,0.006510219073369865,1.5376881020586593e-06,0.9991101249729285,1.1420519431351449e-07
packed-ac-full-scale-4-20m-0-0048,15,blocks.3.attention.v_proj.weight,102400,0.005622706828203255,0.00022352108270202753,0.9980321385093739,7.782879125048671e-07
packed-ac-full-scale-4-20m-0-0048,15,blocks.3.attention.out_proj.weight,102400,0.005249672853843024,6.812076651661759e-06,0.99848266527472,8.97481753530606e-07
packed-ac-full-scale-4-20m-0-0048,15,blocks.3.ffn_norm.weight,320,2.1807642951076582e-05,0.0010284756323897149,0.99967951555394,1.1950433879159238e-07
packed-ac-full-scale-4-20m-0-0048,15,blocks.3.ffn.gate_proj.weight,286720,0.017665075154907374,2.016977386008221e-06,0.9916294068741505,4.3476468024938433e-07
packed-ac-full-scale-4-20m-0-0048,15,blocks.3.ffn.up_proj.weight,286720,0.01772205061412634,5.318953767616398e-06,0.9972739140149619,4.582529915728187e-07
packed-ac-full-scale-4-20m-0-0048,15,blocks.3.ffn.down_proj.weight,286720,0.015907915157914773,0.0006218180569944412,0.9973050193874343,1.6105348106628117e-06
packed-ac-full-scale-4-20m-0-0048,15,blocks.4.attention_norm.weight,320,1.7184878133296655e-05,0.0022931305313162397,0.9997727292536506,1.4544705130055097e-07
packed-ac-full-scale-4-20m-0-0048,15,blocks.4.attention.q_proj.weight,102400,0.0056668650980685065,2.8358213838470255e-05,0.9990755974315962,4.829931784765435e-07
packed-ac-full-scale-4-20m-0-0048,15,blocks.4.attention.k_proj.weight,102400,0.005426608250206884,0.00013058100956763765,0.9989781404800295,8.164761587052777e-07
packed-ac-full-scale-4-20m-0-0048,15,blocks.4.attention.v_proj.weight,102400,0.005650005732434639,0.0028146637152387634,0.9986036276961334,3.017702663445874e-06
packed-ac-full-scale-4-20m-0-0048,15,blocks.4.attention.out_proj.weight,102400,0.005532747052822442,3.770759680129269e-05,0.9987551232720547,2.8197834824681963e-06
packed-ac-full-scale-4-20m-0-0048,15,blocks.4.ffn_norm.weight,320,1.9668403781208565e-05,0.00013656794596464888,0.9994358641584009,1.284100801881204e-07
packed-ac-full-scale-4-20m-0-0048,15,blocks.4.ffn.gate_proj.weight,286720,0.01877247348714981,2.9903661095897763e-06,0.9979677554041034,1.7234004972791663e-06
packed-ac-full-scale-4-20m-0-0048,15,blocks.4.ffn.up_proj.weight,286720,0.018650114805203302,5.539715606098439e-06,0.9985065693225149,1.652957239261656e-06
packed-ac-full-scale-4-20m-0-0048,15,blocks.4.ffn.down_proj.weight,286720,0.017848546360835355,7.5954497287418985e-06,0.9875468814881218,2.5839806998733703e-06
packed-ac-full-scale-4-20m-0-0048,15,blocks.5.attention_norm.weight,320,1.5911026179955404e-05,0.002932483828973486,0.9990606507670224,2.1001251401477998e-07
packed-ac-full-scale-4-20m-0-0048,15,blocks.5.attention.q_proj.weight,102400,0.005671208957276959,1.4014429095782852e-05,0.9988995445005519,5.374243246490594e-07
packed-ac-full-scale-4-20m-0-0048,15,blocks.5.attention.k_proj.weight,102400,0.005231198837226218,5.8252221823768817e-05,0.9989560151792077,7.613142261714404e-07
packed-ac-full-scale-4-20m-0-0048,15,blocks.5.attention.v_proj.weight,102400,0.004993012318329307,0.0019258795152340639,0.9985099523422725,2.247345479940725e-06
packed-ac-full-scale-4-20m-0-0048,15,blocks.5.attention.out_proj.weight,102400,0.004979233818401271,3.334129530689388e-05,0.9986857575816462,2.3552542059314804e-06
packed-ac-full-scale-4-20m-0-0048,15,blocks.5.ffn_norm.weight,320,1.8282309957286192e-05,0.00024890091317715047,0.9990628214461298,1.9943710188753667e-07
packed-ac-full-scale-4-20m-0-0048,15,blocks.5.ffn.gate_proj.weight,286720,0.018327925840267423,5.42395672651998e-06,0.9961344222854313,2.2946036351329916e-06
packed-ac-full-scale-4-20m-0-0048,15,blocks.5.ffn.up_proj.weight,286720,0.018249756386043207,5.968348931496793e-06,0.9979609054534099,1.997891861992979e-06
packed-ac-full-scale-4-20m-0-0048,15,blocks.5.ffn.down_proj.weight,286720,0.017535545932884353,1.0441909300840653e-05,0.9877227090330084,2.9683342445472944e-06
packed-ac-full-scale-4-20m-0-0048,15,blocks.6.attention_norm.weight,320,1.458365438775959e-05,0.0014004392011232542,0.9974898080381301,1.7868373721297946e-07
packed-ac-full-scale-4-20m-0-0048,15,blocks.6.attention.q_proj.weight,102400,0.006099756311456237,2.5424612827484396e-05,0.9984748075939702,1.0553595256811821e-06
packed-ac-full-scale-4-20m-0-0048,15,blocks.6.attention.k_proj.weight,102400,0.005953321839326972,0.000233607619716583,0.9965759057276548,1.8592288198385969e-06
packed-ac-full-scale-4-20m-0-0048,15,blocks.6.attention.v_proj.weight,102400,0.0054852540921983385,0.00283609732276765,0.9982397720014698,3.915557059961058e-06
packed-ac-full-scale-4-20m-0-0048,15,blocks.6.attention.out_proj.weight,102400,0.0059151259825084256,9.783341481963547e-05,0.9983648388589158,4.337981655869731e-06
packed-ac-full-scale-4-20m-0-0048,15,blocks.6.ffn_norm.weight,320,1.8390053567645764e-05,0.0016440657735367471,0.9991076215904432,3.220535985319096e-07
packed-ac-full-scale-4-20m-0-0048,15,blocks.6.ffn.gate_proj.weight,286720,0.018539849152164105,1.0713864043895554e-05,0.9961093339343635,3.0123647753811614e-06
packed-ac-full-scale-4-20m-0-0048,15,blocks.6.ffn.up_proj.weight,286720,0.018587524816079,7.118574297210468e-06,0.9972293209554528,2.1666457909438446e-06
packed-ac-full-scale-4-20m-0-0048,15,blocks.6.ffn.down_proj.weight,286720,0.017621826519313426,4.081249796470343e-05,0.9947889268627198,3.0495632914057943e-06
packed-ac-full-scale-4-20m-0-0048,15,blocks.7.attention_norm.weight,320,1.493138714169582e-05,0.004882027116775796,0.9996270330224717,4.108263899142375e-07
packed-ac-full-scale-4-20m-0-0048,15,blocks.7.attention.q_proj.weight,102400,0.00647714258094575,0.00331572706946146,0.9984744966129697,9.814786165018426e-06
packed-ac-full-scale-4-20m-0-0048,15,blocks.7.attention.k_proj.weight,102400,0.006104491483041364,0.009426518368709677,0.9978527237426746,1.7183615563320014e-05
packed-ac-full-scale-4-20m-0-0048,15,blocks.7.attention.v_proj.weight,102400,0.00570153383742104,0.0021259719276457306,0.9985030784526235,4.614020193574728e-06
packed-ac-full-scale-4-20m-0-0048,15,blocks.7.attention.out_proj.weight,102400,0.005933174941586353,4.734970798558185e-05,0.993503754797524,3.8330643919170105e-06
packed-ac-full-scale-4-20m-0-0048,15,blocks.7.ffn_norm.weight,320,1.8803359499041937e-05,0.0004884674833554745,0.9961841385893696,3.0106310533063953e-07
packed-ac-full-scale-4-20m-0-0048,15,blocks.7.ffn.gate_proj.weight,286720,0.018060215726083503,3.9662030966388085e-05,0.9917973997799386,5.449971482670143e-06
packed-ac-full-scale-4-20m-0-0048,15,blocks.7.ffn.up_proj.weight,286720,0.01787162267354709,2.72800074219676e-05,0.9921428690512735,3.646558667264852e-06
packed-ac-full-scale-4-20m-0-0048,15,blocks.7.ffn.down_proj.weight,286720,0.01814923923211537,0.0001230973368404758,0.9726194954642403,7.912149888532275e-06
packed-ac-full-scale-4-20m-0-0048,15,norm.weight,320,0.00031584951874839205,0.10012725468824968,0.9689442825681603,0.0039036381976249907
packed-ac-full-scale-4-20m-0-0048,20,embedding.weight,10240000,0.26363863292339773,0.13217620540508623,0.9909845573992926,1.113531891732427e-05
packed-ac-full-scale-4-20m-0-0048,20,blocks.0.attention_norm.weight,320,1.5830273219711428e-05,0.0013086285354263886,0.9987598690075535,1.492310444811002e-07
packed-ac-full-scale-4-20m-0-0048,20,blocks.0.attention.q_proj.weight,102400,0.002702583934716376,6.118079618433956e-10,0.9982006561532799,7.690134485343545e-10
packed-ac-full-scale-4-20m-0-0048,20,blocks.0.attention.k_proj.weight,102400,0.002462575533735992,1.0933474645321755e-09,0.9971636709236665,8.709697953000368e-10
packed-ac-full-scale-4-20m-0-0048,20,blocks.0.attention.v_proj.weight,102400,0.005434399183954198,6.062369771834313e-05,0.9869800207788106,3.6597150659892646e-07
packed-ac-full-scale-4-20m-0-0048,20,blocks.0.attention.out_proj.weight,102400,0.009133457765389456,7.27122620824572e-05,0.9970727633129125,4.810230649798774e-07
packed-ac-full-scale-4-20m-0-0048,20,blocks.0.ffn_norm.weight,320,1.2402110026738565e-05,0.00012124742003433675,0.9969029907097369,3.518494732294802e-08
packed-ac-full-scale-4-20m-0-0048,20,blocks.0.ffn.gate_proj.weight,286720,0.010581611412506919,4.227888545149352e-06,0.9777574140011085,3.4268250893051327e-07
packed-ac-full-scale-4-20m-0-0048,20,blocks.0.ffn.up_proj.weight,286720,0.010894557516375114,1.3926462343750613e-05,0.9929068214382281,5.642461869881356e-07
packed-ac-full-scale-4-20m-0-0048,20,blocks.0.ffn.down_proj.weight,286720,0.010645079060272258,5.4580395064635597e-05,0.9953770258878961,1.0586332648059284e-06
packed-ac-full-scale-4-20m-0-0048,20,blocks.1.attention_norm.weight,320,1.3535256110546745e-05,4.021061279618688e-06,0.9946581024442992,2.237739229854986e-09
packed-ac-full-scale-4-20m-0-0048,20,blocks.1.attention.q_proj.weight,102400,0.0032591105307863723,6.355353802659165e-09,0.9777153907578272,9.794777944788067e-10
packed-ac-full-scale-4-20m-0-0048,20,blocks.1.attention.k_proj.weight,102400,0.003070468104064304,6.042982524774884e-09,0.992489963338366,8.204743137193734e-10
packed-ac-full-scale-4-20m-0-0048,20,blocks.1.attention.v_proj.weight,102400,0.0036801497111953775,1.3043288255245171e-06,0.9965984435818847,1.3763480868208388e-08
packed-ac-full-scale-4-20m-0-0048,20,blocks.1.attention.out_proj.weight,102400,0.0030836470698988017,1.299526468279701e-07,0.9117924525137858,1.9991220940746083e-08
packed-ac-full-scale-4-20m-0-0048,20,blocks.1.ffn_norm.weight,320,1.164071318646611e-05,3.455439267769307e-06,0.9779911154230022,3.136196370241721e-09
packed-ac-full-scale-4-20m-0-0048,20,blocks.1.ffn.gate_proj.weight,286720,0.00958312682416345,1.3075510623542698e-07,0.9946767713534421,4.491374379881246e-08
packed-ac-full-scale-4-20m-0-0048,20,blocks.1.ffn.up_proj.weight,286720,0.009836260372421244,1.2617518371164405e-07,0.992354843413391,4.3055672640506866e-08
packed-ac-full-scale-4-20m-0-0048,20,blocks.1.ffn.down_proj.weight,286720,0.009646917169980024,4.464627232159854e-05,0.9979986555826418,3.0393607713755404e-07
packed-ac-full-scale-4-20m-0-0048,20,blocks.2.attention_norm.weight,320,1.3671786974699517e-05,0.00018346276372684615,0.9996261173811826,1.3652869968092244e-08
packed-ac-full-scale-4-20m-0-0048,20,blocks.2.attention.q_proj.weight,102400,0.004477965408458066,1.865341274749997e-07,0.9982861889085641,1.0444792007067817e-08
packed-ac-full-scale-4-20m-0-0048,20,blocks.2.attention.k_proj.weight,102400,0.004422862586605121,3.9213226829683743e-07,0.9993272657333646,1.0738780521576284e-08
packed-ac-full-scale-4-20m-0-0048,20,blocks.2.attention.v_proj.weight,102400,0.004527623689530948,5.865153315255852e-05,0.9978564124817607,6.353430079429788e-08
packed-ac-full-scale-4-20m-0-0048,20,blocks.2.attention.out_proj.weight,102400,0.004222760687393037,1.3623187384622577e-06,0.9886878506201885,7.139858829107861e-08
packed-ac-full-scale-4-20m-0-0048,20,blocks.2.ffn_norm.weight,320,1.4677927363592453e-05,4.794940753754456e-06,0.9856606935698554,4.849019228066328e-09
packed-ac-full-scale-4-20m-0-0048,20,blocks.2.ffn.gate_proj.weight,286720,0.011546309571498594,5.353146921123673e-08,0.996061689173954,3.662006519863585e-08
packed-ac-full-scale-4-20m-0-0048,20,blocks.2.ffn.up_proj.weight,286720,0.011715512239798258,7.616209601479904e-07,0.9981023529791345,4.330911410216201e-08
packed-ac-full-scale-4-20m-0-0048,20,blocks.2.ffn.down_proj.weight,286720,0.010916930017919196,7.562958508860815e-07,0.9795932989455555,1.0923814359121411e-07
packed-ac-full-scale-4-20m-0-0048,20,blocks.3.attention_norm.weight,320,1.3321858600578874e-05,0.0001542880193209078,0.9993172197061023,1.4593975921298866e-08
packed-ac-full-scale-4-20m-0-0048,20,blocks.3.attention.q_proj.weight,102400,0.004836024344428672,7.064470404109211e-07,0.9994539858196578,1.0243925738392248e-08
packed-ac-full-scale-4-20m-0-0048,20,blocks.3.attention.k_proj.weight,102400,0.004537200268377755,2.2400113227216885e-06,0.9996617709969295,1.217601370205725e-08
packed-ac-full-scale-4-20m-0-0048,20,blocks.3.attention.v_proj.weight,102400,0.004398926331476068,0.00019575836109551954,0.9985886036698107,1.0164156962020236e-07
packed-ac-full-scale-4-20m-0-0048,20,blocks.3.attention.out_proj.weight,102400,0.004245961415711925,1.3346994579691206e-06,0.9930271789609874,9.904210671787312e-08
packed-ac-full-scale-4-20m-0-0048,20,blocks.3.ffn_norm.weight,320,1.3195041660924327e-05,0.000297884239469667,0.9966013003753434,9.273555837613438e-09
packed-ac-full-scale-4-20m-0-0048,20,blocks.3.ffn.gate_proj.weight,286720,0.014246467134169487,5.680425060130548e-07,0.9946228803279716,5.772435546878204e-08
packed-ac-full-scale-4-20m-0-0048,20,blocks.3.ffn.up_proj.weight,286720,0.014186932945241667,1.956686043831383e-06,0.995646926334329,5.7229975245103024e-08
packed-ac-full-scale-4-20m-0-0048,20,blocks.3.ffn.down_proj.weight,286720,0.013311763094427106,0.00018212175489136845,0.9984985262983811,1.829488420408089e-07
packed-ac-full-scale-4-20m-0-0048,20,blocks.4.attention_norm.weight,320,1.1563293859600759e-05,0.00017378669431040132,0.9988300708673373,1.740381199299538e-08
packed-ac-full-scale-4-20m-0-0048,20,blocks.4.attention.q_proj.weight,102400,0.004137787512285611,4.9352735353047136e-06,0.999053734654888,4.4534230960130944e-08
packed-ac-full-scale-4-20m-0-0048,20,blocks.4.attention.k_proj.weight,102400,0.0039852815492590525,1.97335431194562e-05,0.998780477266418,7.108825440308829e-08
packed-ac-full-scale-4-20m-0-0048,20,blocks.4.attention.v_proj.weight,102400,0.004282647908387406,0.0011102515015209832,0.9986411137662566,3.707538889527099e-07
packed-ac-full-scale-4-20m-0-0048,20,blocks.4.attention.out_proj.weight,102400,0.004281229296350312,6.9141652103524085e-06,0.9934017692610224,2.7902210343760483e-07
packed-ac-full-scale-4-20m-0-0048,20,blocks.4.ffn_norm.weight,320,1.2516023923296017e-05,2.9245637386403818e-05,0.9958186168764542,1.0417103762045913e-08
packed-ac-full-scale-4-20m-0-0048,20,blocks.4.ffn.gate_proj.weight,286720,0.013182851448064841,8.077464039250286e-07,0.9982302545726119,1.9407153121205707e-07
packed-ac-full-scale-4-20m-0-0048,20,blocks.4.ffn.up_proj.weight,286720,0.013196317576304739,1.552752134893177e-06,0.998400665321512,1.875092409333249e-07
packed-ac-full-scale-4-20m-0-0048,20,blocks.4.ffn.down_proj.weight,286720,0.012693190395175618,1.753617832054311e-06,0.9854464126318531,2.657612072790401e-07
packed-ac-full-scale-4-20m-0-0048,20,blocks.5.attention_norm.weight,320,9.72125388591049e-06,0.0001805286469577435,0.9985900653637715,1.145785115789019e-08
packed-ac-full-scale-4-20m-0-0048,20,blocks.5.attention.q_proj.weight,102400,0.004039178649259398,1.910325778032197e-06,0.9985635082001146,4.586420749830264e-08
packed-ac-full-scale-4-20m-0-0048,20,blocks.5.attention.k_proj.weight,102400,0.0038177801216125458,7.594850992137155e-06,0.9988884537264746,6.516705256378735e-08
packed-ac-full-scale-4-20m-0-0048,20,blocks.5.attention.v_proj.weight,102400,0.003929236918385935,0.000508454350630586,0.998295924202692,2.2452233009258955e-07
packed-ac-full-scale-4-20m-0-0048,20,blocks.5.attention.out_proj.weight,102400,0.00400136624551398,6.853671698526338e-06,0.9816262467252992,2.2921935387134186e-07
packed-ac-full-scale-4-20m-0-0048,20,blocks.5.ffn_norm.weight,320,1.188088393069143e-05,3.708260102955566e-05,0.9982009158039649,9.466743144328522e-09
packed-ac-full-scale-4-20m-0-0048,20,blocks.5.ffn.gate_proj.weight,286720,0.012673787259997045,1.3274252474819255e-06,0.9978029936039182,2.3726298564087653e-07
packed-ac-full-scale-4-20m-0-0048,20,blocks.5.ffn.up_proj.weight,286720,0.012711276088054693,1.5640038496229873e-06,0.9976327259528643,2.1166560461905493e-07
packed-ac-full-scale-4-20m-0-0048,20,blocks.5.ffn.down_proj.weight,286720,0.012380522799787328,2.998167382643138e-06,0.9668144441014155,2.918852838137893e-07
packed-ac-full-scale-4-20m-0-0048,20,blocks.6.attention_norm.weight,320,1.054128501760465e-05,0.00010829367237626979,0.9987529709113733,1.6108596246875762e-08
packed-ac-full-scale-4-20m-0-0048,20,blocks.6.attention.q_proj.weight,102400,0.004195496049930492,5.138748587674159e-06,0.99830821151608,9.929570490177105e-08
packed-ac-full-scale-4-20m-0-0048,20,blocks.6.attention.k_proj.weight,102400,0.004025831832081594,4.196755017544858e-05,0.9980044985977009,1.7364317525390444e-07
packed-ac-full-scale-4-20m-0-0048,20,blocks.6.attention.v_proj.weight,102400,0.003804339763357666,0.001128872910260375,0.9977182157549,3.7125248448535385e-07
packed-ac-full-scale-4-20m-0-0048,20,blocks.6.attention.out_proj.weight,102400,0.004055625361570538,2.1434773472841435e-05,0.9795511340011118,3.849402246890877e-07
packed-ac-full-scale-4-20m-0-0048,20,blocks.6.ffn_norm.weight,320,1.1279899641529467e-05,0.0003318943946486716,0.9858924755957558,2.1298937789767916e-08
packed-ac-full-scale-4-20m-0-0048,20,blocks.6.ffn.gate_proj.weight,286720,0.012640534536501036,2.4340268797340782e-06,0.9959720546127783,2.9838367782124895e-07
packed-ac-full-scale-4-20m-0-0048,20,blocks.6.ffn.up_proj.weight,286720,0.012623743456408503,1.6106096462922593e-06,0.996885419255822,2.159921509553254e-07
packed-ac-full-scale-4-20m-0-0048,20,blocks.6.ffn.down_proj.weight,286720,0.01204741569453281,2.3225537938821026e-05,0.990543299953238,2.8997705894403275e-07
packed-ac-full-scale-4-20m-0-0048,20,blocks.7.attention_norm.weight,320,9.82086104262575e-06,0.0014162965335816676,0.9970564952732683,2.1417525578232148e-08
packed-ac-full-scale-4-20m-0-0048,20,blocks.7.attention.q_proj.weight,102400,0.004219103277511644,0.0005843942851556837,0.998232779871216,8.058371398301884e-07
packed-ac-full-scale-4-20m-0-0048,20,blocks.7.attention.k_proj.weight,102400,0.00410981525050863,0.001754314705361896,0.9976977724574362,1.59341097659712e-06
packed-ac-full-scale-4-20m-0-0048,20,blocks.7.attention.v_proj.weight,102400,0.0038641868309846257,0.0007905223690337805,0.9964865282285668,4.2477336242648107e-07
packed-ac-full-scale-4-20m-0-0048,20,blocks.7.attention.out_proj.weight,102400,0.0038876790881609636,0.0001733606972991048,0.9505193078931872,3.4621086657858956e-07
packed-ac-full-scale-4-20m-0-0048,20,blocks.7.ffn_norm.weight,320,1.0742175468223518e-05,0.09451267488271176,0.9507298265260241,4.242754541086961e-08
packed-ac-full-scale-4-20m-0-0048,20,blocks.7.ffn.gate_proj.weight,286720,0.012118872321422258,0.1560470457991024,0.9907374955405822,8.207427775724163e-07
packed-ac-full-scale-4-20m-0-0048,20,blocks.7.ffn.up_proj.weight,286720,0.01204439099898369,0.13764517020159484,0.9795263876585248,8.484008768256939e-07
packed-ac-full-scale-4-20m-0-0048,20,blocks.7.ffn.down_proj.weight,286720,0.32759868902950934,0.41138512331160293,0.9265091695461779,0.9999749158491161
packed-ac-full-scale-4-20m-0-0048,20,norm.weight,320,9.665248291640384e-06,0.056975669928929294,0.9794491579866267,6.753951502841589e-08
packed-ac-full-scale-4-20m-0-0048,24,embedding.weight,10240000,0.4477184910184948,0.20613501458229877,0.9205335863082409,0.5765840298764526
packed-ac-full-scale-4-20m-0-0048,24,blocks.0.attention_norm.weight,320,1.1183913023439033e-05,0.001214064367310315,0.9987467779019424,1.3172395755774464e-07
packed-ac-full-scale-4-20m-0-0048,24,blocks.0.attention.q_proj.weight,102400,0.001751010450354976,5.665612371653065e-10,0.997721663546851,3.4481956630337296e-10
packed-ac-full-scale-4-20m-0-0048,24,blocks.0.attention.k_proj.weight,102400,0.002805064106286763,9.934710153794616e-10,0.9970503757237287,5.642102345918427e-10
packed-ac-full-scale-4-20m-0-0048,24,blocks.0.attention.v_proj.weight,102400,0.0035461897602975597,7.483482881590798e-05,0.9896291530016335,1.7720694516741015e-07
packed-ac-full-scale-4-20m-0-0048,24,blocks.0.attention.out_proj.weight,102400,0.0032932768464036845,7.522475900354862e-05,0.9973399991074717,1.9545001215918715e-07
packed-ac-full-scale-4-20m-0-0048,24,blocks.0.ffn_norm.weight,320,1.5520511127358412e-05,0.00011664328888473195,0.9915987612334506,3.4823382786878464e-08
packed-ac-full-scale-4-20m-0-0048,24,blocks.0.ffn.gate_proj.weight,286720,0.006560573017110134,3.2327935684536943e-06,0.9723258540654159,1.4524027746499133e-07
packed-ac-full-scale-4-20m-0-0048,24,blocks.0.ffn.up_proj.weight,286720,0.008000734537042632,1.3517723077056128e-05,0.9937629576753902,3.0848100595907647e-07
packed-ac-full-scale-4-20m-0-0048,24,blocks.0.ffn.down_proj.weight,286720,0.007293761134122188,5.038359008915865e-05,0.9828848563643707,4.859894392448973e-07
packed-ac-full-scale-4-20m-0-0048,24,blocks.1.attention_norm.weight,320,1.1946103560203692e-05,3.675347031171377e-06,0.9970298590227801,1.5942315357920156e-09
packed-ac-full-scale-4-20m-0-0048,24,blocks.1.attention.q_proj.weight,102400,0.0029085268463158146,5.35138503810388e-09,0.9953903283844304,6.342578924241474e-10
packed-ac-full-scale-4-20m-0-0048,24,blocks.1.attention.k_proj.weight,102400,0.003415134451824924,7.363578454073302e-09,0.9955838912744212,6.907136197106578e-10
packed-ac-full-scale-4-20m-0-0048,24,blocks.1.attention.v_proj.weight,102400,0.004115151258794534,5.1630362006761275e-06,0.9939280062972516,3.12975754082309e-08
packed-ac-full-scale-4-20m-0-0048,24,blocks.1.attention.out_proj.weight,102400,0.003707983307625796,1.541706526785688e-07,0.9654800712275984,1.2283988985011442e-08
packed-ac-full-scale-4-20m-0-0048,24,blocks.1.ffn_norm.weight,320,1.8963574556872783e-05,3.485875823586393e-06,0.9984025832505582,3.6991771700962078e-09
packed-ac-full-scale-4-20m-0-0048,24,blocks.1.ffn.gate_proj.weight,286720,0.006718587452061674,8.825243976962068e-08,0.983792920181567,1.9488277297922393e-08
packed-ac-full-scale-4-20m-0-0048,24,blocks.1.ffn.up_proj.weight,286720,0.007178059221390862,9.563589222097373e-08,0.9775052527961083,2.0458536885125315e-08
packed-ac-full-scale-4-20m-0-0048,24,blocks.1.ffn.down_proj.weight,286720,0.006945306763041432,3.842662505991007e-05,0.9967590405099838,1.7666367122370304e-07
packed-ac-full-scale-4-20m-0-0048,24,blocks.2.attention_norm.weight,320,9.162792034555403e-06,0.00016192238319384205,0.998397281905448,4.280746650128048e-09
packed-ac-full-scale-4-20m-0-0048,24,blocks.2.attention.q_proj.weight,102400,0.0026351745068668203,2.5402242188768067e-07,0.9981876851725255,4.261310293962747e-09
packed-ac-full-scale-4-20m-0-0048,24,blocks.2.attention.k_proj.weight,102400,0.0028635861026808456,6.075479293991432e-07,0.9991917764892863,3.98960662965337e-09
packed-ac-full-scale-4-20m-0-0048,24,blocks.2.attention.v_proj.weight,102400,0.0037689734609683088,0.0001408808684021488,0.994913359695814,1.5819841705195925e-07
packed-ac-full-scale-4-20m-0-0048,24,blocks.2.attention.out_proj.weight,102400,0.0035702524075348963,2.373650538415876e-06,0.9257448683964279,4.345050653168181e-08
packed-ac-full-scale-4-20m-0-0048,24,blocks.2.ffn_norm.weight,320,1.4072685536296497e-05,6.479623286156164e-06,0.9969929697055196,6.165188088575255e-09
packed-ac-full-scale-4-20m-0-0048,24,blocks.2.ffn.gate_proj.weight,286720,0.007636932132199517,5.013474683333719e-08,0.9935644691080919,1.922599694915075e-08
packed-ac-full-scale-4-20m-0-0048,24,blocks.2.ffn.up_proj.weight,286720,0.007734651806994654,9.015906101719059e-07,0.9974145289774984,2.416473918167173e-08
packed-ac-full-scale-4-20m-0-0048,24,blocks.2.ffn.down_proj.weight,286720,0.007450794574589181,7.673347742813637e-07,0.9558588976514869,6.030925467691195e-08
packed-ac-full-scale-4-20m-0-0048,24,blocks.3.attention_norm.weight,320,1.04977869136213e-05,0.00013534089126534228,0.9990286889591912,1.158959795122464e-08
packed-ac-full-scale-4-20m-0-0048,24,blocks.3.attention.q_proj.weight,102400,0.0027962024588859898,1.22447437589342e-06,0.9986941743817161,8.283884287148758e-09
packed-ac-full-scale-4-20m-0-0048,24,blocks.3.attention.k_proj.weight,102400,0.0030437550842802056,7.728655548307278e-06,0.9997019783513946,1.2281868334518027e-08
packed-ac-full-scale-4-20m-0-0048,24,blocks.3.attention.v_proj.weight,102400,0.004182643865502692,0.0005085042021099815,0.9971552181431361,2.447947979295875e-07
packed-ac-full-scale-4-20m-0-0048,24,blocks.3.attention.out_proj.weight,102400,0.004322148967486021,1.8729388714863527e-06,0.9626244755829987,6.791875611858593e-08
packed-ac-full-scale-4-20m-0-0048,24,blocks.3.ffn_norm.weight,320,1.2000574211092962e-05,0.00030475697731225824,0.9987437347926057,8.929868651718767e-09
packed-ac-full-scale-4-20m-0-0048,24,blocks.3.ffn.gate_proj.weight,286720,0.008473201763241558,7.597757022298522e-07,0.99202693155945,3.6908323588385364e-08
packed-ac-full-scale-4-20m-0-0048,24,blocks.3.ffn.up_proj.weight,286720,0.008474297210612956,3.040257646215248e-06,0.9566383496947851,3.7338115951446983e-08
packed-ac-full-scale-4-20m-0-0048,24,blocks.3.ffn.down_proj.weight,286720,0.008520124175664268,0.0002667733084153268,0.988661722779808,4.0522777368111455e-07
packed-ac-full-scale-4-20m-0-0048,24,blocks.4.attention_norm.weight,320,9.005564399411882e-06,0.00013072457921666945,0.9972578705542715,1.5789366088997504e-08
packed-ac-full-scale-4-20m-0-0048,24,blocks.4.attention.q_proj.weight,102400,0.0024352107607870663,6.142269995688403e-06,0.9980130225303294,2.3626412290213682e-08
packed-ac-full-scale-4-20m-0-0048,24,blocks.4.attention.k_proj.weight,102400,0.002410536623012764,1.58735504428591e-05,0.9987671803375414,3.2540622869048106e-08
packed-ac-full-scale-4-20m-0-0048,24,blocks.4.attention.v_proj.weight,102400,0.0032723596030228034,0.0021830179173011562,0.9958908099969136,6.959820281149016e-07
packed-ac-full-scale-4-20m-0-0048,24,blocks.4.attention.out_proj.weight,102400,0.0032592210431035694,7.687737672324918e-06,0.9499319081578813,1.4136529587794145e-07
packed-ac-full-scale-4-20m-0-0048,24,blocks.4.ffn_norm.weight,320,8.947662213499023e-06,2.8103618109278704e-05,0.9994012966998791,1.0834364350415236e-08
packed-ac-full-scale-4-20m-0-0048,24,blocks.4.ffn.gate_proj.weight,286720,0.007517983966095094,1.0203524095757264e-06,0.9975424020452475,9.324190287990799e-08
packed-ac-full-scale-4-20m-0-0048,24,blocks.4.ffn.up_proj.weight,286720,0.0078114459480460655,1.9517312349304038e-06,0.9976629365803763,9.53151143269919e-08
packed-ac-full-scale-4-20m-0-0048,24,blocks.4.ffn.down_proj.weight,286720,0.0074388219427966975,2.4020823053179003e-06,0.9031104599558782,1.3540801866270138e-07
packed-ac-full-scale-4-20m-0-0048,24,blocks.5.attention_norm.weight,320,1.4192496692522327e-05,0.0001562378468602533,0.9980698272289209,3.591607193691358e-08
packed-ac-full-scale-4-20m-0-0048,24,blocks.5.attention.q_proj.weight,102400,0.002340128787875717,2.2422063735700803e-06,0.9974705430015215,2.4665524210247042e-08
packed-ac-full-scale-4-20m-0-0048,24,blocks.5.attention.k_proj.weight,102400,0.002418358164222423,6.172356959570252e-06,0.9982874053900631,3.3439534815763274e-08
packed-ac-full-scale-4-20m-0-0048,24,blocks.5.attention.v_proj.weight,102400,0.004808706097409758,0.0009571374941155894,0.992958165262297,6.546009700137644e-07
packed-ac-full-scale-4-20m-0-0048,24,blocks.5.attention.out_proj.weight,102400,0.004377313435243362,9.258961970768325e-06,0.8734243195831279,1.3678398079957768e-07
packed-ac-full-scale-4-20m-0-0048,24,blocks.5.ffn_norm.weight,320,1.0892043437595665e-05,4.428524953594572e-05,0.9964892157511707,8.91381477879037e-09
packed-ac-full-scale-4-20m-0-0048,24,blocks.5.ffn.gate_proj.weight,286720,0.008193530576701143,1.5982120494959759e-06,0.9941707304511226,1.2241634613817427e-07
packed-ac-full-scale-4-20m-0-0048,24,blocks.5.ffn.up_proj.weight,286720,0.008893818083981769,2.1951040507062866e-06,0.9859880932340035,1.243296650748663e-07
packed-ac-full-scale-4-20m-0-0048,24,blocks.5.ffn.down_proj.weight,286720,0.00785912266727127,6.8218687369269225e-06,0.8386630468504537,1.955312738242342e-07
packed-ac-full-scale-4-20m-0-0048,24,blocks.6.attention_norm.weight,320,1.617594935682917e-05,0.00010097252239864292,0.9980082116825008,3.749557058885182e-08
packed-ac-full-scale-4-20m-0-0048,24,blocks.6.attention.q_proj.weight,102400,0.0024386513163389286,6.139544727423729e-06,0.9977363009109655,5.026610390135401e-08
packed-ac-full-scale-4-20m-0-0048,24,blocks.6.attention.k_proj.weight,102400,0.0025007577896742866,4.103640706984946e-05,0.9965193138970591,9.653584103172116e-08
packed-ac-full-scale-4-20m-0-0048,24,blocks.6.attention.v_proj.weight,102400,0.0055884455067261975,0.002292579802652428,0.9758645652387452,1.250324645078127e-06
packed-ac-full-scale-4-20m-0-0048,24,blocks.6.attention.out_proj.weight,102400,0.0050927875057232164,3.175941756370415e-05,0.8415343022323004,2.627191469430462e-07
packed-ac-full-scale-4-20m-0-0048,24,blocks.6.ffn_norm.weight,320,1.7004840912953442e-05,0.0004595343905031109,0.9978371327857931,4.9855525634635846e-08
packed-ac-full-scale-4-20m-0-0048,24,blocks.6.ffn.gate_proj.weight,286720,0.009348033265137078,2.7538806457124174e-06,0.9895110321102143,1.71726227325144e-07
packed-ac-full-scale-4-20m-0-0048,24,blocks.6.ffn.up_proj.weight,286720,0.010099491174762693,1.8521753411047367e-06,0.9785133663863442,1.390156856727024e-07
packed-ac-full-scale-4-20m-0-0048,24,blocks.6.ffn.down_proj.weight,286720,0.009315992201833479,4.34807500733152e-05,0.9043172335558944,2.7836406825279576e-07
packed-ac-full-scale-4-20m-0-0048,24,blocks.7.attention_norm.weight,320,1.5528634864018775e-05,0.0011977944522102639,0.9974779726021898,1.5091647877176876e-07
packed-ac-full-scale-4-20m-0-0048,24,blocks.7.attention.q_proj.weight,102400,0.004119935054609866,0.0005601219508318921,0.9980980345668254,3.5336856400539377e-07
packed-ac-full-scale-4-20m-0-0048,24,blocks.7.attention.k_proj.weight,102400,0.004154785598260199,0.0016856054295739233,0.9980300382908336,6.202743988914365e-07
packed-ac-full-scale-4-20m-0-0048,24,blocks.7.attention.v_proj.weight,102400,0.013276244754466272,0.001344044857655012,0.9801994394655424,1.5878081915804198e-06
packed-ac-full-scale-4-20m-0-0048,24,blocks.7.attention.out_proj.weight,102400,0.004014635968994463,0.0003359703355058426,0.6323587141644303,2.9747389427246707e-07
packed-ac-full-scale-4-20m-0-0048,24,blocks.7.ffn_norm.weight,320,5.9879251287120344e-05,0.03456625438016603,0.8989837959306898,1.1941115059090895e-05
packed-ac-full-scale-4-20m-0-0048,24,blocks.7.ffn.gate_proj.weight,286720,0.23040341756642824,0.43025750070565616,0.6391734223630879,0.39454115259277756
packed-ac-full-scale-4-20m-0-0048,24,blocks.7.ffn.up_proj.weight,286720,0.028070785058973338,0.25627169631630936,0.8357448881803596,0.028847486235163207
packed-ac-full-scale-4-20m-0-0048,24,blocks.7.ffn.down_proj.weight,286720,0.006839206388288637,0.040418684035358365,0.8503556509176021,2.0234215355356703e-06
packed-ac-full-scale-4-20m-0-0048,24,norm.weight,320,1.4710077410590099e-05,0.017541087718123446,0.9823581943753302,2.535961130130989e-06
packed-ac-full-scale-4-20m-0-0048,26,embedding.weight,10240000,0.05223481119550313,0.0009882377187944622,0.9250490369739915,1.9099685013374646e-07
packed-ac-full-scale-4-20m-0-0048,26,blocks.0.attention_norm.weight,320,1.4510774201186555e-05,2.6752714802593635e-06,0.9962359879910444,2.6705635213025277e-09
packed-ac-full-scale-4-20m-0-0048,26,blocks.0.attention.q_proj.weight,102400,0.004066493269507383,8.751943651879132e-13,0.9954699664241163,8.110038086756007e-12
packed-ac-full-scale-4-20m-0-0048,26,blocks.0.attention.k_proj.weight,102400,0.006159945352445345,1.6222545316102094e-12,0.9937342741286899,1.053098429442816e-11
packed-ac-full-scale-4-20m-0-0048,26,blocks.0.attention.v_proj.weight,102400,0.008789961977401442,1.7432065417931937e-07,0.9701387201739827,5.037267741984176e-09
packed-ac-full-scale-4-20m-0-0048,26,blocks.0.attention.out_proj.weight,102400,0.0049880694220130126,1.6004927995240865e-07,0.9922669639659508,4.601689846215661e-09
packed-ac-full-scale-4-20m-0-0048,26,blocks.0.ffn_norm.weight,320,1.1388455239831151e-05,2.376215715293298e-07,0.9903647748240166,5.276913640082379e-10
packed-ac-full-scale-4-20m-0-0048,26,blocks.0.ffn.gate_proj.weight,286720,0.007591525625902331,5.122515647652885e-09,0.960338097783203,2.48826029115404e-09
packed-ac-full-scale-4-20m-0-0048,26,blocks.0.ffn.up_proj.weight,286720,0.011183820852625592,2.5235817546395632e-08,0.9904809878473331,7.491833376825577e-09
packed-ac-full-scale-4-20m-0-0048,26,blocks.0.ffn.down_proj.weight,286720,0.00910108616003592,1.026228690787872e-07,0.9130653251485752,1.136261262267986e-08
packed-ac-full-scale-4-20m-0-0048,26,blocks.1.attention_norm.weight,320,1.4132060676300154e-05,6.082708542435522e-09,0.9944257334186245,3.7058221219250554e-11
packed-ac-full-scale-4-20m-0-0048,26,blocks.1.attention.q_proj.weight,102400,0.0035158405711182713,7.964403686019439e-12,0.9753470791617153,1.4126244806891163e-11
packed-ac-full-scale-4-20m-0-0048,26,blocks.1.attention.k_proj.weight,102400,0.005014748560235063,1.3558791046960261e-11,0.9680003268820716,2.2352660655290497e-11
packed-ac-full-scale-4-20m-0-0048,26,blocks.1.attention.v_proj.weight,102400,0.005072537985711224,1.1200347752164293e-08,0.9945840282519262,7.139396130793566e-10
packed-ac-full-scale-4-20m-0-0048,26,blocks.1.attention.out_proj.weight,102400,0.004162540435181621,3.1506423057839236e-10,0.9730229094247895,2.4343854240907844e-10
packed-ac-full-scale-4-20m-0-0048,26,blocks.1.ffn_norm.weight,320,1.188526944589926e-05,1.1108691773268279e-08,0.9972952628048475,7.82868756964069e-11
packed-ac-full-scale-4-20m-0-0048,26,blocks.1.ffn.gate_proj.weight,286720,0.008716821817156222,1.8639812820709493e-10,0.8806452160737588,4.337200591671982e-10
packed-ac-full-scale-4-20m-0-0048,26,blocks.1.ffn.up_proj.weight,286720,0.008622717457154188,1.9238401574016812e-10,0.8987935857267492,4.120970318350242e-10
packed-ac-full-scale-4-20m-0-0048,26,blocks.1.ffn.down_proj.weight,286720,0.007771500315232112,8.884105961694253e-08,0.8395902386705627,3.0176560080284013e-09
packed-ac-full-scale-4-20m-0-0048,26,blocks.2.attention_norm.weight,320,9.107219553695619e-06,2.2708391165875371e-07,0.9986295007286078,9.02046469841506e-11
packed-ac-full-scale-4-20m-0-0048,26,blocks.2.attention.q_proj.weight,102400,0.002573530803289496,4.91956379736219e-10,0.9864294409394635,9.238556340084608e-11
packed-ac-full-scale-4-20m-0-0048,26,blocks.2.attention.k_proj.weight,102400,0.0032644259910186327,1.0421229048490525e-09,0.9808503825850994,1.1618735052767938e-10
packed-ac-full-scale-4-20m-0-0048,26,blocks.2.attention.v_proj.weight,102400,0.005621085506564808,3.1747626954448265e-07,0.9949698925974287,4.623293539590037e-09
packed-ac-full-scale-4-20m-0-0048,26,blocks.2.attention.out_proj.weight,102400,0.005414712921298574,4.558396197565275e-09,0.9656101126842268,1.1196020957363935e-09
packed-ac-full-scale-4-20m-0-0048,26,blocks.2.ffn_norm.weight,320,1.03395421494287e-05,1.7555352163426408e-08,0.9973406818384447,4.878832917742451e-11
packed-ac-full-scale-4-20m-0-0048,26,blocks.2.ffn.gate_proj.weight,286720,0.009008703750107172,1.1683651813503625e-10,0.9200460647516371,3.5299396637352087e-10
packed-ac-full-scale-4-20m-0-0048,26,blocks.2.ffn.up_proj.weight,286720,0.009157084702661756,1.9237800514877862e-09,0.9850821336070062,4.772175877837093e-10
packed-ac-full-scale-4-20m-0-0048,26,blocks.2.ffn.down_proj.weight,286720,0.007037550985061098,2.2402312070975986e-09,0.6921425356171079,9.579706866691754e-10
packed-ac-full-scale-4-20m-0-0048,26,blocks.3.attention_norm.weight,320,1.1287874846652763e-05,2.583254810699884e-07,0.9928219426381432,2.3366995473396914e-10
packed-ac-full-scale-4-20m-0-0048,26,blocks.3.attention.q_proj.weight,102400,0.0031874181393118646,2.4776722723700794e-09,0.9968143345714143,1.4100791882952633e-10
packed-ac-full-scale-4-20m-0-0048,26,blocks.3.attention.k_proj.weight,102400,0.003218110126291057,1.6987180661740728e-08,0.9990930099692613,1.7232790663835266e-10
packed-ac-full-scale-4-20m-0-0048,26,blocks.3.attention.v_proj.weight,102400,0.006045221807135266,1.0843694839718188e-06,0.9968444639034422,4.867799857027509e-09
packed-ac-full-scale-4-20m-0-0048,26,blocks.3.attention.out_proj.weight,102400,0.004872684220983841,3.566886776790948e-09,0.9621941660791599,1.299326604423351e-09
packed-ac-full-scale-4-20m-0-0048,26,blocks.3.ffn_norm.weight,320,8.736309294951593e-06,5.037150390186769e-07,0.9994474244750604,1.9917930297823188e-10
packed-ac-full-scale-4-20m-0-0048,26,blocks.3.ffn.gate_proj.weight,286720,0.009748993513678583,1.4681930390478253e-09,0.9764978612778988,6.837516601663904e-10
packed-ac-full-scale-4-20m-0-0048,26,blocks.3.ffn.up_proj.weight,286720,0.009685144081927083,4.918139022342192e-09,0.9722325455372639,6.55079932701413e-10
packed-ac-full-scale-4-20m-0-0048,26,blocks.3.ffn.down_proj.weight,286720,0.008428134756737203,5.042228375730856e-06,0.5796535545013116,4.845317912942457e-09
packed-ac-full-scale-4-20m-0-0048,26,blocks.4.attention_norm.weight,320,9.596241312295363e-06,1.8168739865393299e-07,0.9990537422189342,1.9456769081402767e-10
packed-ac-full-scale-4-20m-0-0048,26,blocks.4.attention.q_proj.weight,102400,0.0030410759977387964,9.24880451028742e-09,0.9963633222743195,3.820440714636121e-10
packed-ac-full-scale-4-20m-0-0048,26,blocks.4.attention.k_proj.weight,102400,0.0032187476743529707,2.4037757861704916e-08,0.998062612555526,6.883609246783967e-10
packed-ac-full-scale-4-20m-0-0048,26,blocks.4.attention.v_proj.weight,102400,0.004680438206676397,3.776704964302538e-06,0.996066098040132,1.3080255794915343e-08
packed-ac-full-scale-4-20m-0-0048,26,blocks.4.attention.out_proj.weight,102400,0.004473573187395754,1.5562993884330587e-08,0.9611208749646316,3.242490559888197e-09
packed-ac-full-scale-4-20m-0-0048,26,blocks.4.ffn_norm.weight,320,7.302386533387054e-06,3.874003523401467e-08,0.9992367588374599,5.800438920659344e-11
packed-ac-full-scale-4-20m-0-0048,26,blocks.4.ffn.gate_proj.weight,286720,0.008193012944342099,1.7769556074253715e-09,0.9856201571443006,1.564258457310971e-09
packed-ac-full-scale-4-20m-0-0048,26,blocks.4.ffn.up_proj.weight,286720,0.008315358603089455,3.425824631599546e-09,0.990984212868093,1.5348173133881424e-09
packed-ac-full-scale-4-20m-0-0048,26,blocks.4.ffn.down_proj.weight,286720,0.007152619310501879,6.8128320429041186e-09,0.739985001828499,2.3483052623367936e-09
packed-ac-full-scale-4-20m-0-0048,26,blocks.5.attention_norm.weight,320,1.0766853763518472e-05,2.242636463305256e-07,0.9989096792517489,8.657681109101592e-11
packed-ac-full-scale-4-20m-0-0048,26,blocks.5.attention.q_proj.weight,102400,0.0025225190048767075,3.2333078617132737e-09,0.9963403709862303,2.8746729779780565e-10
packed-ac-full-scale-4-20m-0-0048,26,blocks.5.attention.k_proj.weight,102400,0.0026767322565002067,9.343206412942046e-09,0.9981142376876431,4.771327059227163e-10
packed-ac-full-scale-4-20m-0-0048,26,blocks.5.attention.v_proj.weight,102400,0.005880469738998899,1.8595534371544248e-06,0.99405572452946,1.099075654192135e-08
packed-ac-full-scale-4-20m-0-0048,26,blocks.5.attention.out_proj.weight,102400,0.005447973835840742,2.1643021581701565e-08,0.9376270130682348,3.582515660666496e-09
packed-ac-full-scale-4-20m-0-0048,26,blocks.5.ffn_norm.weight,320,9.159439648019538e-06,6.21029805217069e-08,0.9961459878057736,1.1640419660740458e-10
packed-ac-full-scale-4-20m-0-0048,26,blocks.5.ffn.gate_proj.weight,286720,0.008771781961529512,2.8933593881065364e-09,0.976553812003525,2.0513962547904405e-09
packed-ac-full-scale-4-20m-0-0048,26,blocks.5.ffn.up_proj.weight,286720,0.009418122694204627,4.2948505754728666e-09,0.9799836683404858,2.119627233964641e-09
packed-ac-full-scale-4-20m-0-0048,26,blocks.5.ffn.down_proj.weight,286720,0.00800727934743807,2.4427301516275463e-08,0.5911136367153683,3.1767110089325776e-09
packed-ac-full-scale-4-20m-0-0048,26,blocks.6.attention_norm.weight,320,1.6941536554430676e-05,1.758916111362898e-07,0.9970894141999794,2.1932517467740258e-10
packed-ac-full-scale-4-20m-0-0048,26,blocks.6.attention.q_proj.weight,102400,0.002483359600872276,8.363276894905993e-09,0.9969569233329155,6.677885675262822e-10
packed-ac-full-scale-4-20m-0-0048,26,blocks.6.attention.k_proj.weight,102400,0.0026513786644434966,6.910135125488194e-08,0.9969775940712564,1.6073553839044602e-09
packed-ac-full-scale-4-20m-0-0048,26,blocks.6.attention.v_proj.weight,102400,0.007447517111990105,4.442016524366583e-06,0.9885338363126016,1.2837474968074602e-08
packed-ac-full-scale-4-20m-0-0048,26,blocks.6.attention.out_proj.weight,102400,0.005341048383297377,1.0416934416096056e-07,0.906151872895709,7.139809740876925e-09
packed-ac-full-scale-4-20m-0-0048,26,blocks.6.ffn_norm.weight,320,1.3613404582040872e-05,5.864327699237167e-07,0.9974216589954806,2.960491816286275e-10
packed-ac-full-scale-4-20m-0-0048,26,blocks.6.ffn.gate_proj.weight,286720,0.009319146994174845,5.368134333819767e-09,0.9582872387177886,2.8106945224739903e-09
packed-ac-full-scale-4-20m-0-0048,26,blocks.6.ffn.up_proj.weight,286720,0.009931383934520643,3.6398819292332343e-09,0.9456652403285268,2.1158051981518077e-09
packed-ac-full-scale-4-20m-0-0048,26,blocks.6.ffn.down_proj.weight,286720,0.007916117934543958,1.1159997133328168e-07,0.5937875857050868,3.5768165840841932e-09
packed-ac-full-scale-4-20m-0-0048,26,blocks.7.attention_norm.weight,320,1.8829512854761075e-05,5.889249531720856e-06,0.9949381440524102,4.936906909447245e-09
packed-ac-full-scale-4-20m-0-0048,26,blocks.7.attention.q_proj.weight,102400,0.007296898029482921,7.058558038651163e-07,0.9958283854347764,5.5778172820205636e-09
packed-ac-full-scale-4-20m-0-0048,26,blocks.7.attention.k_proj.weight,102400,0.00693311471017573,2.3972396501821914e-06,0.9972150066338062,9.644057601200812e-09
packed-ac-full-scale-4-20m-0-0048,26,blocks.7.attention.v_proj.weight,102400,0.013084223691154943,4.301045804428017e-06,0.9891545971574717,3.826875646016499e-08
packed-ac-full-scale-4-20m-0-0048,26,blocks.7.attention.out_proj.weight,102400,0.001655115228164986,9.656830486067382e-07,0.8547000346728458,1.4774971487843563e-08
packed-ac-full-scale-4-20m-0-0048,26,blocks.7.ffn_norm.weight,320,1.0187630287181761e-05,0.005646785270042927,0.999590752875747,1.4336029161367697e-09
packed-ac-full-scale-4-20m-0-0048,26,blocks.7.ffn.gate_proj.weight,286720,0.5175700002514532,0.7246656817750853,0.9717831237789335,0.8678440124620269
packed-ac-full-scale-4-20m-0-0048,26,blocks.7.ffn.up_proj.weight,286720,0.0900537885199112,0.2535319573618143,0.9504813545178203,0.13215557154142693
packed-ac-full-scale-4-20m-0-0048,26,blocks.7.ffn.down_proj.weight,286720,0.0020722165734797884,0.01511086719300652,0.9935659822680352,1.26838273998593e-08
packed-ac-full-scale-4-20m-0-0048,26,norm.weight,320,1.9787946154297706e-06,1.944653170317918e-05,0.9879491880582353,2.796045926652092e-10
packed-ac-full-scale-4-20m-0-0048,40,embedding.weight,10240000,0.010620453378958008,0.07256334948728665,0.9945947763111648,1.6976367101396962e-07
packed-ac-full-scale-4-20m-0-0048,40,blocks.0.attention_norm.weight,320,4.898121682409848e-07,0.00041670965684986744,0.9992344488027056,7.235803173466527e-10
packed-ac-full-scale-4-20m-0-0048,40,blocks.0.attention.q_proj.weight,102400,0.0001651204111549625,1.3569444620361945e-09,0.99894727799199,9.251291932664617e-12
packed-ac-full-scale-4-20m-0-0048,40,blocks.0.attention.k_proj.weight,102400,0.00015268730380243393,3.8313893131909695e-09,0.9985016727192018,1.4329291302662635e-11
packed-ac-full-scale-4-20m-0-0048,40,blocks.0.attention.v_proj.weight,102400,0.00015301723959969748,0.0004969807809638984,0.9982671327049104,5.1407221570512385e-09
packed-ac-full-scale-4-20m-0-0048,40,blocks.0.attention.out_proj.weight,102400,0.00015940508156520025,0.0003729874178231438,0.9986407305589037,4.650153225992296e-09
packed-ac-full-scale-4-20m-0-0048,40,blocks.0.ffn_norm.weight,320,4.835835366999601e-07,0.0002625460052655115,0.9988858791041205,3.352537416831887e-10
packed-ac-full-scale-4-20m-0-0048,40,blocks.0.ffn.gate_proj.weight,286720,0.0004788139314653767,1.1878668543030904e-05,0.998004848602768,5.324612431615304e-09
packed-ac-full-scale-4-20m-0-0048,40,blocks.0.ffn.up_proj.weight,286720,0.00046689601343551015,5.7034366458073837e-05,0.9983373506958841,9.524655485283385e-09
packed-ac-full-scale-4-20m-0-0048,40,blocks.0.ffn.down_proj.weight,286720,0.0004607737166960278,0.0002130835680032957,0.9977551449521633,1.6167879936475637e-08
packed-ac-full-scale-4-20m-0-0048,40,blocks.1.attention_norm.weight,320,5.177355196250155e-07,5.2091206476499596e-06,0.9993129600699802,3.809405247684446e-11
packed-ac-full-scale-4-20m-0-0048,40,blocks.1.attention.q_proj.weight,102400,0.00017418826389305433,1.112778903063103e-08,0.9900588515481772,1.826527246420189e-11
packed-ac-full-scale-4-20m-0-0048,40,blocks.1.attention.k_proj.weight,102400,0.00017005622528952916,3.209853276107637e-08,0.9949541063511779,2.2591924589573678e-11
packed-ac-full-scale-4-20m-0-0048,40,blocks.1.attention.v_proj.weight,102400,0.0001909518930596713,0.00016729692345102696,0.9987403062701681,1.0949754712995685e-09
packed-ac-full-scale-4-20m-0-0048,40,blocks.1.attention.out_proj.weight,102400,0.00019453372191165837,1.7650391275847303e-06,0.9904338489897876,6.288263326778486e-10
packed-ac-full-scale-4-20m-0-0048,40,blocks.1.ffn_norm.weight,320,5.096975162959147e-07,1.9093478981312314e-05,0.9994071551762304,6.597412032331693e-11
packed-ac-full-scale-4-20m-0-0048,40,blocks.1.ffn.gate_proj.weight,286720,0.000506126463526391,4.54680911912175e-07,0.9888666248492523,1.0568569030330735e-09
packed-ac-full-scale-4-20m-0-0048,40,blocks.1.ffn.up_proj.weight,286720,0.0005094195799033842,6.342447687938336e-07,0.9943595650115148,1.1641388706720113e-09
packed-ac-full-scale-4-20m-0-0048,40,blocks.1.ffn.down_proj.weight,286720,0.0004938041904231589,0.00015011137544208058,0.9915116894345818,5.612840494956697e-09
packed-ac-full-scale-4-20m-0-0048,40,blocks.2.attention_norm.weight,320,4.452826065347391e-07,0.00015906580947432447,0.9994371305113227,1.478912329410991e-10
packed-ac-full-scale-4-20m-0-0048,40,blocks.2.attention.q_proj.weight,102400,0.0001663619727337709,1.923357714805468e-06,0.9983026192301608,2.0207905998310744e-10
packed-ac-full-scale-4-20m-0-0048,40,blocks.2.attention.k_proj.weight,102400,0.0001587969407592648,4.22368384722483e-06,0.9986413817225821,2.1860839508316825e-10
packed-ac-full-scale-4-20m-0-0048,40,blocks.2.attention.v_proj.weight,102400,0.00017730342909395283,0.00411204258641779,0.9987912914478775,4.662557551569299e-09
packed-ac-full-scale-4-20m-0-0048,40,blocks.2.attention.out_proj.weight,102400,0.00017932691515369626,2.474831920992785e-05,0.9986562733191416,2.2742275122312248e-09
packed-ac-full-scale-4-20m-0-0048,40,blocks.2.ffn_norm.weight,320,4.774609008612933e-07,3.171928121905004e-05,0.9995571796015383,6.521663292817164e-11
packed-ac-full-scale-4-20m-0-0048,40,blocks.2.ffn.gate_proj.weight,286720,0.0005083298691459659,5.802768888817151e-07,0.9978276493983417,1.2688352956775326e-09
packed-ac-full-scale-4-20m-0-0048,40,blocks.2.ffn.up_proj.weight,286720,0.0005137329482836211,8.643595583479128e-06,0.9989235189531159,1.5644007015300572e-09
packed-ac-full-scale-4-20m-0-0048,40,blocks.2.ffn.down_proj.weight,286720,0.0005003539907310808,9.926717037261277e-06,0.7668502412878514,2.9846768621410306e-09
packed-ac-full-scale-4-20m-0-0048,40,blocks.3.attention_norm.weight,320,4.517260984717602e-07,0.0017968326160715795,0.9998419500492863,2.1939567104794181e-10
packed-ac-full-scale-4-20m-0-0048,40,blocks.3.attention.q_proj.weight,102400,0.00017025071209420174,6.635184186389163e-05,0.9990374737926565,6.61799017633176e-10
packed-ac-full-scale-4-20m-0-0048,40,blocks.3.attention.k_proj.weight,102400,0.00017120244822691933,9.230354566543108e-05,0.9993201279818448,8.363423923690624e-10
packed-ac-full-scale-4-20m-0-0048,40,blocks.3.attention.v_proj.weight,102400,0.00018787951423579556,0.013818584848587646,0.9987903313212559,8.216878609595654e-09
packed-ac-full-scale-4-20m-0-0048,40,blocks.3.attention.out_proj.weight,102400,0.0001817320673844839,1.5154872288132084e-05,0.9985215605591562,3.257280359125322e-09
packed-ac-full-scale-4-20m-0-0048,40,blocks.3.ffn_norm.weight,320,5.282321817845078e-07,0.00037862293409799184,0.9998795016022415,1.1740036742857764e-10
packed-ac-full-scale-4-20m-0-0048,40,blocks.3.ffn.gate_proj.weight,286720,0.0005040136098348908,5.849999043090358e-06,0.9984487867784204,2.387946995901549e-09
packed-ac-full-scale-4-20m-0-0048,40,blocks.3.ffn.up_proj.weight,286720,0.0005093100100957564,1.4693014155868207e-05,0.9986528096703547,2.5225140935300735e-09
packed-ac-full-scale-4-20m-0-0048,40,blocks.3.ffn.down_proj.weight,286720,0.0005002416948288083,0.013016492316537329,0.998771607877396,1.1760524577271379e-08
packed-ac-full-scale-4-20m-0-0048,40,blocks.4.attention_norm.weight,320,4.7272721240004304e-07,0.00015903213742650017,0.9996962155268464,1.260149898472237e-10
packed-ac-full-scale-4-20m-0-0048,40,blocks.4.attention.q_proj.weight,102400,0.0001646292133125509,1.9907322464456827e-05,0.9990071318246133,7.460128164306143e-10
packed-ac-full-scale-4-20m-0-0048,40,blocks.4.attention.k_proj.weight,102400,0.00016176632831601498,5.5101787769984146e-05,0.9989051180257297,1.1598761609320956e-09
packed-ac-full-scale-4-20m-0-0048,40,blocks.4.attention.v_proj.weight,102400,0.00017497224452762603,0.027653745473519686,0.9986749820800159,1.690197991265566e-08
packed-ac-full-scale-4-20m-0-0048,40,blocks.4.attention.out_proj.weight,102400,0.00017405587814596843,3.9132791918396504e-05,0.9976617620662372,5.8670346758983425e-09
packed-ac-full-scale-4-20m-0-0048,40,blocks.4.ffn_norm.weight,320,4.576923915185702e-07,4.3049053466914124e-05,0.9996544377412718,1.0975643971298348e-10
packed-ac-full-scale-4-20m-0-0048,40,blocks.4.ffn.gate_proj.weight,286720,0.0004729925092950574,8.968530641487967e-06,0.998640328323776,4.6715003761723295e-09
packed-ac-full-scale-4-20m-0-0048,40,blocks.4.ffn.up_proj.weight,286720,0.00048184362373569214,1.5208850953557624e-05,0.9987708548491553,5.06512309225993e-09
packed-ac-full-scale-4-20m-0-0048,40,blocks.4.ffn.down_proj.weight,286720,0.00047603425423654427,1.2942054774012062e-05,0.9758406337947366,6.006101649971189e-09
packed-ac-full-scale-4-20m-0-0048,40,blocks.5.attention_norm.weight,320,4.3963525439533826e-07,0.0001577400384271813,0.9996146484231749,8.752330018255447e-11
packed-ac-full-scale-4-20m-0-0048,40,blocks.5.attention.q_proj.weight,102400,0.0001590185639117917,7.785845335780752e-06,0.9986067212091642,6.691779317444495e-10
packed-ac-full-scale-4-20m-0-0048,40,blocks.5.attention.k_proj.weight,102400,0.00015304691328150532,2.4148721815440416e-05,0.9989835001014612,1.0775708389803298e-09
packed-ac-full-scale-4-20m-0-0048,40,blocks.5.attention.v_proj.weight,102400,0.0001663168166158652,0.010394053749703433,0.9987926201584797,9.02138586132368e-09
packed-ac-full-scale-4-20m-0-0048,40,blocks.5.attention.out_proj.weight,102400,0.00016893786366996286,4.6058841763934345e-05,0.9954799418910255,4.887009024080281e-09
packed-ac-full-scale-4-20m-0-0048,40,blocks.5.ffn_norm.weight,320,4.683896331270905e-07,4.125533811315934e-05,0.9993509639771107,9.429253763711607e-11
packed-ac-full-scale-4-20m-0-0048,40,blocks.5.ffn.gate_proj.weight,286720,0.0004619305615394412,1.1591785272504191e-05,0.997644240039861,5.162167691035271e-09
packed-ac-full-scale-4-20m-0-0048,40,blocks.5.ffn.up_proj.weight,286720,0.00047053017847447514,1.62581489309456e-05,0.9984714164623284,5.165303890468656e-09
packed-ac-full-scale-4-20m-0-0048,40,blocks.5.ffn.down_proj.weight,286720,0.0004641970452747143,2.8105932892959808e-05,0.9778552740118598,6.366598690561016e-09
packed-ac-full-scale-4-20m-0-0048,40,blocks.6.attention_norm.weight,320,4.636890263007462e-07,9.945081456654387e-05,0.9996458652653958,1.2704667588419377e-10
packed-ac-full-scale-4-20m-0-0048,40,blocks.6.attention.q_proj.weight,102400,0.00016177231523191752,1.7784786391040534e-05,0.99889974390018,1.4911461891207382e-09
packed-ac-full-scale-4-20m-0-0048,40,blocks.6.attention.k_proj.weight,102400,0.0001611504471178153,0.00011930139466900466,0.9988187222523783,3.1246862553339107e-09
packed-ac-full-scale-4-20m-0-0048,40,blocks.6.attention.v_proj.weight,102400,0.0001616563863471312,0.02398722579256224,0.9987112739328369,1.1941005635783983e-08
packed-ac-full-scale-4-20m-0-0048,40,blocks.6.attention.out_proj.weight,102400,0.00016623806655612257,9.036196234564744e-05,0.9924874256851495,7.467249946159435e-09
packed-ac-full-scale-4-20m-0-0048,40,blocks.6.ffn_norm.weight,320,4.54476068745297e-07,0.00016685408338497598,0.9997214545877925,1.537959622183634e-10
packed-ac-full-scale-4-20m-0-0048,40,blocks.6.ffn.gate_proj.weight,286720,0.0004690196450370084,1.8554163692631107e-05,0.9956849504162709,6.335363398251409e-09
packed-ac-full-scale-4-20m-0-0048,40,blocks.6.ffn.up_proj.weight,286720,0.00047187628324803655,1.1225520480579063e-05,0.9979441193691142,4.891322623488035e-09
packed-ac-full-scale-4-20m-0-0048,40,blocks.6.ffn.down_proj.weight,286720,0.00046778675124366253,1.595663048108993e-05,0.9422551595087265,5.883868587986517e-09
packed-ac-full-scale-4-20m-0-0048,40,blocks.7.attention_norm.weight,320,4.7137476110899867e-07,0.001365406414528541,0.9994958305852855,1.2285015696416855e-10
packed-ac-full-scale-4-20m-0-0048,40,blocks.7.attention.q_proj.weight,102400,0.00015990508131730083,0.001035420401714873,0.9988423771727014,9.04090180809238e-09
packed-ac-full-scale-4-20m-0-0048,40,blocks.7.attention.k_proj.weight,102400,0.00016078292328078908,0.00530885690776877,0.9987828046968003,1.8162294332087183e-08
packed-ac-full-scale-4-20m-0-0048,40,blocks.7.attention.v_proj.weight,102400,0.00015377807408579802,0.013680628190394839,0.9987497008222394,1.09310073954661e-08
packed-ac-full-scale-4-20m-0-0048,40,blocks.7.attention.out_proj.weight,102400,0.0001585448152555946,6.770181040409071e-05,0.9621782073064961,6.417429405872217e-09
packed-ac-full-scale-4-20m-0-0048,40,blocks.7.ffn_norm.weight,320,4.306911957685138e-07,0.0007401487522360521,0.9892283866106845,8.777905226177715e-11
packed-ac-full-scale-4-20m-0-0048,40,blocks.7.ffn.gate_proj.weight,286720,0.06525024332448699,0.3807147299762778,0.9893483667261517,0.0689580191486715
packed-ac-full-scale-4-20m-0-0048,40,blocks.7.ffn.up_proj.weight,286720,0.9081261193739278,0.39663019502827945,0.8936037788088699,0.9310415404050861
packed-ac-full-scale-4-20m-0-0048,40,blocks.7.ffn.down_proj.weight,286720,0.00044781750678201564,0.028276722519614637,0.9993105265615494,1.6284353432448968e-08
packed-ac-full-scale-4-20m-0-0048,40,norm.weight,320,3.912683865744245e-07,0.0006224456001336775,0.9995027112574156,7.446386332084715e-11
packed-ac-full-scale-4-20m-0-0048-t2,40,embedding.weight,10240000,0.43416541953706417,0.09132362355644123,0.9831270373014217,0.42792363885852697
packed-ac-full-scale-4-20m-0-0048-t2,40,blocks.0.attention_norm.weight,320,7.507738148351567e-07,1.8803108447747286e-05,0.9702349438084749,1.0967784778439552e-09
packed-ac-full-scale-4-20m-0-0048-t2,40,blocks.0.attention.q_proj.weight,102400,0.00012098305153860684,4.7225106948564657e-11,0.8936685143726811,1.5136116239002516e-12
packed-ac-full-scale-4-20m-0-0048-t2,40,blocks.0.attention.k_proj.weight,102400,0.00011457822246369627,6.775887859659066e-11,0.7091087077472742,2.449847817824926e-12
packed-ac-full-scale-4-20m-0-0048-t2,40,blocks.0.attention.v_proj.weight,102400,0.00015176039211877213,6.146529572084161e-06,0.8931018457244563,1.093641336756162e-09
packed-ac-full-scale-4-20m-0-0048-t2,40,blocks.0.attention.out_proj.weight,102400,0.00013295211951974277,1.538904458988564e-05,0.996958942784127,1.6435521026320718e-09
packed-ac-full-scale-4-20m-0-0048-t2,40,blocks.0.ffn_norm.weight,320,9.327137016909647e-07,1.8521156180887916e-05,0.9843599258737207,5.171961810039762e-10
packed-ac-full-scale-4-20m-0-0048-t2,40,blocks.0.ffn.gate_proj.weight,286720,0.0004436160633325865,2.4990855366805902e-05,0.990218284844329,1.1750967197179772e-09
packed-ac-full-scale-4-20m-0-0048-t2,40,blocks.0.ffn.up_proj.weight,286720,0.0005470558918719343,2.26464051826942e-05,0.9819189666172904,2.7355579893008557e-09
packed-ac-full-scale-4-20m-0-0048-t2,40,blocks.0.ffn.down_proj.weight,286720,0.0006348748716805214,5.773458295567798e-05,0.8769633455484005,1.498507837473683e-08
packed-ac-full-scale-4-20m-0-0048-t2,40,blocks.1.attention_norm.weight,320,8.466225956965042e-07,5.217818609895082e-07,0.9462401174811346,4.706790403328174e-11
packed-ac-full-scale-4-20m-0-0048-t2,40,blocks.1.attention.q_proj.weight,102400,0.00011315057707627102,4.323721028632432e-09,0.8069684487120549,1.097201015570159e-11
packed-ac-full-scale-4-20m-0-0048-t2,40,blocks.1.attention.k_proj.weight,102400,0.00012709993547130576,4.441134752613853e-09,0.7895787312462015,1.232808822993666e-11
packed-ac-full-scale-4-20m-0-0048-t2,40,blocks.1.attention.v_proj.weight,102400,0.00035697722386964675,2.600014347759464e-05,0.9834205211494921,6.599660474296393e-09
packed-ac-full-scale-4-20m-0-0048-t2,40,blocks.1.attention.out_proj.weight,102400,0.00028984096653516964,2.1976134633853068e-07,0.8709439226270375,4.154379441589279e-10
packed-ac-full-scale-4-20m-0-0048-t2,40,blocks.1.ffn_norm.weight,320,7.620812923075994e-07,6.545043319768775e-07,0.9950439272649286,1.1978669148605323e-10
packed-ac-full-scale-4-20m-0-0048-t2,40,blocks.1.ffn.gate_proj.weight,286720,0.0005428969442004238,8.342470651194412e-08,0.7975705211617226,2.2994177260162635e-10
packed-ac-full-scale-4-20m-0-0048-t2,40,blocks.1.ffn.up_proj.weight,286720,0.0005497612223136366,9.07392653378799e-08,0.8690137710762906,2.659506571245259e-10
packed-ac-full-scale-4-20m-0-0048-t2,40,blocks.1.ffn.down_proj.weight,286720,0.0005104690160228312,4.934938452459576e-05,0.6480747506928158,5.327394804143841e-09
packed-ac-full-scale-4-20m-0-0048-t2,40,blocks.2.attention_norm.weight,320,6.455610027958651e-07,5.722833862348769e-06,0.9995752311778179,1.167619669959414e-10
packed-ac-full-scale-4-20m-0-0048-t2,40,blocks.2.attention.q_proj.weight,102400,0.00012567847957638712,9.545426988323778e-08,0.9931046841829492,6.645686260624614e-11
packed-ac-full-scale-4-20m-0-0048-t2,40,blocks.2.attention.k_proj.weight,102400,0.00012679827850330306,3.5599055705889195e-08,0.9673366724674124,6.824561441704826e-11
packed-ac-full-scale-4-20m-0-0048-t2,40,blocks.2.attention.v_proj.weight,102400,0.0003281554592921947,0.0005051859473081817,0.9942646227002135,2.340988423556642e-08
packed-ac-full-scale-4-20m-0-0048-t2,40,blocks.2.attention.out_proj.weight,102400,0.0002240550453598269,1.5782207362162482e-06,0.9531499516788159,1.2594244412416119e-09
packed-ac-full-scale-4-20m-0-0048-t2,40,blocks.2.ffn_norm.weight,320,6.330283853032102e-07,7.837852643737993e-07,0.9950000829154791,2.0942484374213462e-11
packed-ac-full-scale-4-20m-0-0048-t2,40,blocks.2.ffn.gate_proj.weight,286720,0.0005233437562354575,2.6437737188664513e-08,0.9491182894426937,3.1017573435886873e-10
packed-ac-full-scale-4-20m-0-0048-t2,40,blocks.2.ffn.up_proj.weight,286720,0.0005358555116652557,2.248430568421308e-07,0.9912195467161729,3.500861852574243e-10
packed-ac-full-scale-4-20m-0-0048-t2,40,blocks.2.ffn.down_proj.weight,286720,0.0005072400094090316,4.387663881379828e-06,0.4346811406657043,2.160410486338889e-09
packed-ac-full-scale-4-20m-0-0048-t2,40,blocks.3.attention_norm.weight,320,7.862130425862593e-07,6.015988800718881e-06,0.9970720187246264,4.8981176390515414e-11
packed-ac-full-scale-4-20m-0-0048-t2,40,blocks.3.attention.q_proj.weight,102400,0.00014674937263078655,1.2087308978987268e-07,0.9940691478167946,8.426909051664535e-11
packed-ac-full-scale-4-20m-0-0048-t2,40,blocks.3.attention.k_proj.weight,102400,0.00015082918254740149,6.79269459813717e-08,0.9842321371840961,1.0285497638188137e-10
packed-ac-full-scale-4-20m-0-0048-t2,40,blocks.3.attention.v_proj.weight,102400,0.0003327178530729291,0.0005590696100809858,0.9950205226696508,2.4021897599246563e-08
packed-ac-full-scale-4-20m-0-0048-t2,40,blocks.3.attention.out_proj.weight,102400,0.00023978272263343932,5.624283501983385e-06,0.9525212973793078,2.5947731034125467e-09
packed-ac-full-scale-4-20m-0-0048-t2,40,blocks.3.ffn_norm.weight,320,7.785605258024612e-07,2.28720858201717e-05,0.9986768539846382,9.176692022231372e-11
packed-ac-full-scale-4-20m-0-0048-t2,40,blocks.3.ffn.gate_proj.weight,286720,0.00044311552446281606,6.244643899296654e-07,0.7840733072670066,7.21396985857887e-10
packed-ac-full-scale-4-20m-0-0048-t2,40,blocks.3.ffn.up_proj.weight,286720,0.000473178054154697,1.2323485853579421e-06,0.9716504684597628,1.1377529025222354e-09
packed-ac-full-scale-4-20m-0-0048-t2,40,blocks.3.ffn.down_proj.weight,286720,0.0004481682877672991,0.001318593539855043,0.8616527089513576,7.1198266437344315e-09
packed-ac-full-scale-4-20m-0-0048-t2,40,blocks.4.attention_norm.weight,320,5.831745172476294e-07,4.724340147657812e-06,0.9997012149919052,9.608451573838855e-11
packed-ac-full-scale-4-20m-0-0048-t2,40,blocks.4.attention.q_proj.weight,102400,0.00012727200823273892,3.9453073109728007e-07,0.9986489934296069,1.2796346167640502e-10
packed-ac-full-scale-4-20m-0-0048-t2,40,blocks.4.attention.k_proj.weight,102400,0.00010794641133161479,2.4222594741652414e-07,0.9983695681378318,1.4444255643872186e-10
packed-ac-full-scale-4-20m-0-0048-t2,40,blocks.4.attention.v_proj.weight,102400,0.0002235805488172211,0.0011169144801577273,0.9971435418745664,2.6535173988429975e-08
packed-ac-full-scale-4-20m-0-0048-t2,40,blocks.4.attention.out_proj.weight,102400,0.00020926753615296947,1.6062333894873043e-05,0.979927064360904,4.893025851547521e-09
packed-ac-full-scale-4-20m-0-0048-t2,40,blocks.4.ffn_norm.weight,320,6.059247918169547e-07,1.1522607412532296e-06,0.9990696625646881,3.905590459302809e-11
packed-ac-full-scale-4-20m-0-0048-t2,40,blocks.4.ffn.gate_proj.weight,286720,0.0004237950473017037,4.105894982251683e-07,0.95475908725429,1.0111748104793895e-09
packed-ac-full-scale-4-20m-0-0048-t2,40,blocks.4.ffn.up_proj.weight,286720,0.0004549631321432542,5.288874337594265e-07,0.9839195099213042,1.1579603459026902e-09
packed-ac-full-scale-4-20m-0-0048-t2,40,blocks.4.ffn.down_proj.weight,286720,0.0005023906592365949,0.00013573570679808886,0.8944825739284777,8.457775162250486e-09
packed-ac-full-scale-4-20m-0-0048-t2,40,blocks.5.attention_norm.weight,320,7.599111364525988e-07,1.5250581916075298e-06,0.9990580191030566,3.800389714369722e-11
packed-ac-full-scale-4-20m-0-0048-t2,40,blocks.5.attention.q_proj.weight,102400,0.0001277856860328193,4.453006402109927e-07,0.998664239689937,1.400908744834281e-10
packed-ac-full-scale-4-20m-0-0048-t2,40,blocks.5.attention.k_proj.weight,102400,0.0001244262774218446,2.9896535644091726e-07,0.9979778812646279,1.6761428624984474e-10
packed-ac-full-scale-4-20m-0-0048-t2,40,blocks.5.attention.v_proj.weight,102400,0.0003678684436363984,0.0008232437594566471,0.9922840259782432,3.353401501667575e-08
packed-ac-full-scale-4-20m-0-0048-t2,40,blocks.5.attention.out_proj.weight,102400,0.0003019577980925567,2.1507986288560628e-05,0.9762152795238972,7.223751235178261e-09
packed-ac-full-scale-4-20m-0-0048-t2,40,blocks.5.ffn_norm.weight,320,1.0020556252044117e-06,2.918221087929355e-06,0.9929721712755318,8.219349997500888e-11
packed-ac-full-scale-4-20m-0-0048-t2,40,blocks.5.ffn.gate_proj.weight,286720,0.0005077782626839595,4.975427672866491e-06,0.8651142408119625,1.9147831018359183e-09
packed-ac-full-scale-4-20m-0-0048-t2,40,blocks.5.ffn.up_proj.weight,286720,0.0005354123888692594,1.1941856157085373e-06,0.9546491512368709,2.1076354689825747e-09
packed-ac-full-scale-4-20m-0-0048-t2,40,blocks.5.ffn.down_proj.weight,286720,0.0005123236376710511,0.00028318821196585104,0.8791454311372274,1.3889357411541943e-08
packed-ac-full-scale-4-20m-0-0048-t2,40,blocks.6.attention_norm.weight,320,9.183394372220186e-07,2.3580531992118392e-06,0.9984490307598414,6.392198242232123e-11
packed-ac-full-scale-4-20m-0-0048-t2,40,blocks.6.attention.q_proj.weight,102400,0.0001230299576390971,4.2620024726726535e-07,0.9975826755320893,4.07745752923244e-10
packed-ac-full-scale-4-20m-0-0048-t2,40,blocks.6.attention.k_proj.weight,102400,0.00011411708197883041,2.0880860449698245e-06,0.9977456265192574,6.692466861825583e-10
packed-ac-full-scale-4-20m-0-0048-t2,40,blocks.6.attention.v_proj.weight,102400,0.0003901354279163174,0.0007198690982902117,0.9900490434635382,2.1921608151837694e-08
packed-ac-full-scale-4-20m-0-0048-t2,40,blocks.6.attention.out_proj.weight,102400,0.0003631788033532353,0.00023102869424178622,0.9777895724101199,2.472533004569706e-08
packed-ac-full-scale-4-20m-0-0048-t2,40,blocks.6.ffn_norm.weight,320,1.1643466311403649e-06,1.9063677541133794e-05,0.9658222508229896,3.084437411396526e-10
packed-ac-full-scale-4-20m-0-0048-t2,40,blocks.6.ffn.gate_proj.weight,286720,0.0007541501489966258,2.986453843824294e-06,0.8815708034247729,5.770739656537349e-09
packed-ac-full-scale-4-20m-0-0048-t2,40,blocks.6.ffn.up_proj.weight,286720,0.0007476444649128264,2.979177230725361e-06,0.8212907708872347,3.859461381008011e-09
packed-ac-full-scale-4-20m-0-0048-t2,40,blocks.6.ffn.down_proj.weight,286720,0.000339572796012132,0.10358237745684344,0.9935992527730352,2.083127313755977e-06
packed-ac-full-scale-4-20m-0-0048-t2,40,blocks.7.attention_norm.weight,320,8.62129864024375e-07,0.00010743272421391725,0.9899957353843455,3.492468177064587e-10
packed-ac-full-scale-4-20m-0-0048-t2,40,blocks.7.attention.q_proj.weight,102400,0.00032640644864596685,9.881620102997255e-06,0.9952480370042247,3.0147074810783653e-09
packed-ac-full-scale-4-20m-0-0048-t2,40,blocks.7.attention.k_proj.weight,102400,0.0002917867424806252,5.12378473500428e-05,0.9966132754956903,3.5165049540900515e-09
packed-ac-full-scale-4-20m-0-0048-t2,40,blocks.7.attention.v_proj.weight,102400,0.0009223246494207974,0.005334575470046874,0.99254660024544,9.387006900618267e-08
packed-ac-full-scale-4-20m-0-0048-t2,40,blocks.7.attention.out_proj.weight,102400,0.00030102753515152335,0.009819247395580693,0.9730496363220363,1.8294429599208984e-07
packed-ac-full-scale-4-20m-0-0048-t2,40,blocks.7.ffn_norm.weight,320,7.202688422637134e-05,0.043533745482786,0.8320296452283734,5.798404095841083e-05
packed-ac-full-scale-4-20m-0-0048-t2,40,blocks.7.ffn.gate_proj.weight,286720,0.0002741694367228076,0.003017713850036375,0.6532277107735871,2.847574670789775e-08
packed-ac-full-scale-4-20m-0-0048-t2,40,blocks.7.ffn.up_proj.weight,286720,0.05882373641014614,0.16346681316424516,0.8866418660034626,0.06660816621383392
packed-ac-full-scale-4-20m-0-0048-t2,40,blocks.7.ffn.down_proj.weight,286720,0.48821063238059353,0.5731684376088262,0.6486577129137632,0.5054075562539861
packed-ac-full-scale-4-20m-0-0048-t2,40,norm.weight,320,1.5798542486852717e-07,0.000515229703371058,0.9826778309627296,8.289895741510995e-11
packed-ac-full-scale-4-20m-0-0048-t3,40,embedding.weight,10240000,0.013630427496146631,0.11117470889579871,0.9868954268034734,2.8106609095830096e-07
packed-ac-full-scale-4-20m-0-0048-t3,40,blocks.0.attention_norm.weight,320,1.0128021001972658e-06,0.00014109849798604868,0.9972997466734301,1.1325536272830149e-09
packed-ac-full-scale-4-20m-0-0048-t3,40,blocks.0.attention.q_proj.weight,102400,9.871264204011302e-05,8.72422760732286e-10,0.9852880114112089,5.2798674940844715e-12
packed-ac-full-scale-4-20m-0-0048-t3,40,blocks.0.attention.k_proj.weight,102400,8.843033697768353e-05,3.743446276110667e-09,0.995119670787327,1.0292491140322905e-11
packed-ac-full-scale-4-20m-0-0048-t3,40,blocks.0.attention.v_proj.weight,102400,0.00015596891277039747,0.00031393281923660363,0.9866085488175812,5.8173005946475566e-09
packed-ac-full-scale-4-20m-0-0048-t3,40,blocks.0.attention.out_proj.weight,102400,0.00017339957329936325,0.00033727646107464533,0.9973155671510686,5.256469890717853e-09
packed-ac-full-scale-4-20m-0-0048-t3,40,blocks.0.ffn_norm.weight,320,1.028780681943131e-06,0.00012535472716695563,0.9943399364372887,6.737346813472405e-10
packed-ac-full-scale-4-20m-0-0048-t3,40,blocks.0.ffn.gate_proj.weight,286720,0.0006180394256742461,8.213928024847403e-06,0.9729729477736365,5.144443974133036e-09
packed-ac-full-scale-4-20m-0-0048-t3,40,blocks.0.ffn.up_proj.weight,286720,0.0006272794928867021,3.71459504502938e-05,0.9933982819396947,9.800565579891492e-09
packed-ac-full-scale-4-20m-0-0048-t3,40,blocks.0.ffn.down_proj.weight,286720,0.0006702910933786392,0.000364045871807417,0.6489685654405843,1.930894530703177e-08
packed-ac-full-scale-4-20m-0-0048-t3,40,blocks.1.attention_norm.weight,320,7.360140875987507e-07,6.130686729428685e-06,0.9933665401741713,6.837172982343057e-11
packed-ac-full-scale-4-20m-0-0048-t3,40,blocks.1.attention.q_proj.weight,102400,0.00014586367999975034,2.0679515119244473e-08,0.9929325083568573,2.692955832663027e-11
packed-ac-full-scale-4-20m-0-0048-t3,40,blocks.1.attention.k_proj.weight,102400,0.00013489393127853053,5.279516624711031e-08,0.9909059838654435,3.431158678684794e-11
packed-ac-full-scale-4-20m-0-0048-t3,40,blocks.1.attention.v_proj.weight,102400,0.00015558215796132423,0.00044351523487785177,0.905960249194954,3.13065540567324e-09
packed-ac-full-scale-4-20m-0-0048-t3,40,blocks.1.attention.out_proj.weight,102400,0.00019591954514576327,4.8311758154085855e-06,0.777735691234028,8.787129776851298e-10
packed-ac-full-scale-4-20m-0-0048-t3,40,blocks.1.ffn_norm.weight,320,6.974068331426823e-07,5.1072088146990326e-05,0.9751308712664989,1.4969797433032014e-10
packed-ac-full-scale-4-20m-0-0048-t3,40,blocks.1.ffn.gate_proj.weight,286720,0.0005466384308187088,1.0246389225257341e-06,0.7707799630935047,9.179480123739994e-10
packed-ac-full-scale-4-20m-0-0048-t3,40,blocks.1.ffn.up_proj.weight,286720,0.000551045935265362,1.6604080395928526e-06,0.7862339198451417,9.951196991817741e-10
packed-ac-full-scale-4-20m-0-0048-t3,40,blocks.1.ffn.down_proj.weight,286720,0.0006113208168994605,0.00021021944834879176,0.6338492414935487,6.229794131428372e-09
packed-ac-full-scale-4-20m-0-0048-t3,40,blocks.2.attention_norm.weight,320,7.164021848696065e-07,0.0003093827284525515,0.9988832432970719,2.369373400443803e-10
packed-ac-full-scale-4-20m-0-0048-t3,40,blocks.2.attention.q_proj.weight,102400,0.00016376142929524316,1.2233505925298159e-06,0.9971204699961951,1.9052501873611578e-10
packed-ac-full-scale-4-20m-0-0048-t3,40,blocks.2.attention.k_proj.weight,102400,0.00014956615554620272,5.638511543618286e-06,0.9985401985187686,2.897856089710885e-10
packed-ac-full-scale-4-20m-0-0048-t3,40,blocks.2.attention.v_proj.weight,102400,0.0001825613159220488,0.0034639655458979187,0.9464107010000048,1.0028223381150487e-08
packed-ac-full-scale-4-20m-0-0048-t3,40,blocks.2.attention.out_proj.weight,102400,0.00021591668108072388,1.330743486806163e-05,0.8186983525088113,2.408436400471789e-09
packed-ac-full-scale-4-20m-0-0048-t3,40,blocks.2.ffn_norm.weight,320,9.047538179169696e-07,4.683296786763043e-05,0.992306655584621,2.1029469984472262e-10
packed-ac-full-scale-4-20m-0-0048-t3,40,blocks.2.ffn.gate_proj.weight,286720,0.000577725431206472,6.65788442400478e-07,0.991137386149134,1.2277381533310575e-09
packed-ac-full-scale-4-20m-0-0048-t3,40,blocks.2.ffn.up_proj.weight,286720,0.000582104088248348,7.79610401662017e-06,0.996723831514284,1.563465735700399e-09
packed-ac-full-scale-4-20m-0-0048-t3,40,blocks.2.ffn.down_proj.weight,286720,0.0006209846748568073,2.188445693164147e-05,0.5711865375910145,3.126171956800486e-09
packed-ac-full-scale-4-20m-0-0048-t3,40,blocks.3.attention_norm.weight,320,8.545859741374682e-07,0.00011742578310224881,0.9987866415890245,1.9321569787846015e-10
packed-ac-full-scale-4-20m-0-0048-t3,40,blocks.3.attention.q_proj.weight,102400,0.00017438195402857796,8.276994805167829e-07,0.9984077758419371,2.3947707089131824e-10
packed-ac-full-scale-4-20m-0-0048-t3,40,blocks.3.attention.k_proj.weight,102400,0.00017566998108187363,1.323991891240539e-06,0.9985452245052174,4.0541703846569926e-10
packed-ac-full-scale-4-20m-0-0048-t3,40,blocks.3.attention.v_proj.weight,102400,0.00021697950478167147,0.0029631700827273486,0.990156827006894,9.766009728802834e-09
packed-ac-full-scale-4-20m-0-0048-t3,40,blocks.3.attention.out_proj.weight,102400,0.00023924983867099086,5.115244592806095e-05,0.7367031322047675,4.292038815373409e-09
packed-ac-full-scale-4-20m-0-0048-t3,40,blocks.3.ffn_norm.weight,320,8.744990944607428e-07,0.00040880606212012843,0.998231680749897,3.778542232731471e-10
packed-ac-full-scale-4-20m-0-0048-t3,40,blocks.3.ffn.gate_proj.weight,286720,0.0006149489321709419,2.529114324469452e-06,0.9803918003474831,2.420183470402217e-09
packed-ac-full-scale-4-20m-0-0048-t3,40,blocks.3.ffn.up_proj.weight,286720,0.0006143871947579684,2.6298433979456254e-05,0.9297465013153133,2.8540340473041187e-09
packed-ac-full-scale-4-20m-0-0048-t3,40,blocks.3.ffn.down_proj.weight,286720,0.0006327213881568695,0.004394933978860496,0.9805090520019837,1.3720785007731983e-08
packed-ac-full-scale-4-20m-0-0048-t3,40,blocks.4.attention_norm.weight,320,9.341072451897999e-07,0.00010875645874513464,0.9978792739488279,2.527025721398646e-10
packed-ac-full-scale-4-20m-0-0048-t3,40,blocks.4.attention.q_proj.weight,102400,0.00019177079685369752,3.7455002503905637e-06,0.9975387322736414,5.950344581426889e-10
packed-ac-full-scale-4-20m-0-0048-t3,40,blocks.4.attention.k_proj.weight,102400,0.00019357410439588263,9.697276426940834e-06,0.9985734483788979,1.0256882134450328e-09
packed-ac-full-scale-4-20m-0-0048-t3,40,blocks.4.attention.v_proj.weight,102400,0.000235178778604493,0.005173272710911313,0.9955214761834724,1.3969815870668827e-08
packed-ac-full-scale-4-20m-0-0048-t3,40,blocks.4.attention.out_proj.weight,102400,0.00025501635002746323,0.00033223892544750677,0.7283476490070765,8.817461291488423e-09
packed-ac-full-scale-4-20m-0-0048-t3,40,blocks.4.ffn_norm.weight,320,9.204816881716967e-07,1.5768861498679715e-05,0.9986564891589649,1.8296813030310253e-10
packed-ac-full-scale-4-20m-0-0048-t3,40,blocks.4.ffn.gate_proj.weight,286720,0.0006462624247204556,7.2270318448420705e-06,0.989278207667772,5.607871239193085e-09
packed-ac-full-scale-4-20m-0-0048-t3,40,blocks.4.ffn.up_proj.weight,286720,0.000656159391208746,8.029163618889581e-06,0.9936302958163087,5.975514217464538e-09
packed-ac-full-scale-4-20m-0-0048-t3,40,blocks.4.ffn.down_proj.weight,286720,0.0006569970985981797,0.005010682322059053,0.6238331332156897,9.949742466495005e-09
packed-ac-full-scale-4-20m-0-0048-t3,40,blocks.5.attention_norm.weight,320,8.658825933686954e-07,0.00011739388729777045,0.9975732300014761,1.8630843474007236e-10
packed-ac-full-scale-4-20m-0-0048-t3,40,blocks.5.attention.q_proj.weight,102400,0.00018314982492079068,8.087693949434043e-06,0.9961514366951113,6.741959007255234e-10
packed-ac-full-scale-4-20m-0-0048-t3,40,blocks.5.attention.k_proj.weight,102400,0.00018097026817195908,1.764583980365201e-05,0.9982327186806712,1.4049052313273911e-09
packed-ac-full-scale-4-20m-0-0048-t3,40,blocks.5.attention.v_proj.weight,102400,0.00023788784635298874,0.007593462418724443,0.949544430356144,1.8078684942451908e-08
packed-ac-full-scale-4-20m-0-0048-t3,40,blocks.5.attention.out_proj.weight,102400,0.0002451504176578095,0.000552761401197939,0.7225032079275285,9.487272096181584e-09
packed-ac-full-scale-4-20m-0-0048-t3,40,blocks.5.ffn_norm.weight,320,9.485698564409067e-07,0.0001860830465484802,0.9908765888325989,3.9411706997996523e-10
packed-ac-full-scale-4-20m-0-0048-t3,40,blocks.5.ffn.gate_proj.weight,286720,0.000645956198295842,3.190160530243874e-05,0.7961206686127139,6.811572405275067e-09
packed-ac-full-scale-4-20m-0-0048-t3,40,blocks.5.ffn.up_proj.weight,286720,0.0006397185209725661,2.0000189888585482e-05,0.850351849086934,5.5332656352990626e-09
packed-ac-full-scale-4-20m-0-0048-t3,40,blocks.5.ffn.down_proj.weight,286720,0.0006443272636926111,0.0008427683984349197,0.6666550140045814,8.041236637200102e-09
packed-ac-full-scale-4-20m-0-0048-t3,40,blocks.6.attention_norm.weight,320,7.959036649076299e-07,0.0012428996983183073,0.9983816459585549,2.5964783744170187e-10
packed-ac-full-scale-4-20m-0-0048-t3,40,blocks.6.attention.q_proj.weight,102400,0.00023253888516654202,9.855713992212181e-05,0.9979700105686607,5.219018745567875e-09
packed-ac-full-scale-4-20m-0-0048-t3,40,blocks.6.attention.k_proj.weight,102400,0.00023367428080576383,0.0004897218167657126,0.9985951502841891,1.055521748630195e-08
packed-ac-full-scale-4-20m-0-0048-t3,40,blocks.6.attention.v_proj.weight,102400,0.00022719310320330584,0.008586382228807221,0.9972648291891796,1.3956337173160048e-08
packed-ac-full-scale-4-20m-0-0048-t3,40,blocks.6.attention.out_proj.weight,102400,0.00024671094539154324,0.0007340734775587406,0.6909851852457761,8.388544211759094e-09
packed-ac-full-scale-4-20m-0-0048-t3,40,blocks.6.ffn_norm.weight,320,8.79813262884591e-07,0.0001732520204393452,0.9272038200464866,3.453507844096498e-10
packed-ac-full-scale-4-20m-0-0048-t3,40,blocks.6.ffn.gate_proj.weight,286720,0.0006545983691429879,0.00017054002526913125,0.7760175478228596,7.704212976596068e-09
packed-ac-full-scale-4-20m-0-0048-t3,40,blocks.6.ffn.up_proj.weight,286720,0.0006427480194839174,2.979553523691535e-05,0.7534712636803231,5.922829677714314e-09
packed-ac-full-scale-4-20m-0-0048-t3,40,blocks.6.ffn.down_proj.weight,286720,0.0006339231856271058,0.00257942232080336,0.4585676166678292,1.1451058953959127e-08
packed-ac-full-scale-4-20m-0-0048-t3,40,blocks.7.attention_norm.weight,320,8.460238635314672e-07,0.0021845641978583373,0.9544620451546478,1.965691509123058e-09
packed-ac-full-scale-4-20m-0-0048-t3,40,blocks.7.attention.q_proj.weight,102400,0.0002416300515164147,5.200848826750064e-05,0.9959404950526293,6.4924124357863705e-09
packed-ac-full-scale-4-20m-0-0048-t3,40,blocks.7.attention.k_proj.weight,102400,0.00024057219356901947,0.0003446662817084823,0.9979193147110137,1.3877951323865641e-08
packed-ac-full-scale-4-20m-0-0048-t3,40,blocks.7.attention.v_proj.weight,102400,0.00021966420431692075,0.009740592981843089,0.856583479991419,3.009800382292223e-08
packed-ac-full-scale-4-20m-0-0048-t3,40,blocks.7.attention.out_proj.weight,102400,0.0002328888652776362,0.02520036296103753,0.7455686249810234,3.70510104752408e-08
packed-ac-full-scale-4-20m-0-0048-t3,40,blocks.7.ffn_norm.weight,320,7.315980608095717e-07,0.010397240323035604,0.9140636282613236,4.668525960073355e-10
packed-ac-full-scale-4-20m-0-0048-t3,40,blocks.7.ffn.gate_proj.weight,286720,0.5626639836054063,0.39529665470422715,0.862922682066643,0.5808043373406592
packed-ac-full-scale-4-20m-0-0048-t3,40,blocks.7.ffn.up_proj.weight,286720,0.0006160400401822078,0.03242630630578887,0.8563231583281322,3.889388986120563e-08
packed-ac-full-scale-4-20m-0-0048-t3,40,blocks.7.ffn.down_proj.weight,286720,0.40372008753353794,0.30476536963674616,0.9661986273432167,0.41919346880418745
packed-ac-full-scale-4-20m-0-0048-t3,40,norm.weight,320,3.107767542097514e-06,0.06039059372041268,0.9918699701333281,1.510020955137102e-06
packed-ac-full-scale-4-20m-0-0048-t4,40,embedding.weight,10240000,0.9834875646836063,0.8801145890833085,0.9991847932050112,0.39047991050025327
packed-ac-full-scale-4-20m-0-0048-t4,40,blocks.0.attention_norm.weight,320,4.4767967220885887e-07,0.0009425359423915069,0.9992823132814403,0.0013992431517979164
packed-ac-full-scale-4-20m-0-0048-t4,40,blocks.0.attention.q_proj.weight,102400,0.00019359649240850805,8.382881610823897e-10,0.9991459319999031,1.5477918284116215e-05
packed-ac-full-scale-4-20m-0-0048-t4,40,blocks.0.attention.k_proj.weight,102400,0.00020062037255748826,1.6825272276777461e-09,0.9990308113866152,2.1298837503106452e-05
packed-ac-full-scale-4-20m-0-0048-t4,40,blocks.0.attention.v_proj.weight,102400,0.00014416542544278446,0.00018740951766861203,0.9985358654733756,0.0060226000558930605
packed-ac-full-scale-4-20m-0-0048-t4,40,blocks.0.attention.out_proj.weight,102400,0.0001580280353100866,0.00016235499241322142,0.9976123141463402,0.0062161992035195315
packed-ac-full-scale-4-20m-0-0048-t4,40,blocks.0.ffn_norm.weight,320,4.626406166711309e-07,0.00045091346446428875,0.9996364390880469,0.0008269928119480862
packed-ac-full-scale-4-20m-0-0048-t4,40,blocks.0.ffn.gate_proj.weight,286720,0.00045573950260150407,8.075473440050088e-06,0.9980146567391529,0.010355895316954546
packed-ac-full-scale-4-20m-0-0048-t4,40,blocks.0.ffn.up_proj.weight,286720,0.0004468714215342674,5.656410737036463e-05,0.9984168619777042,0.0198463288890395
packed-ac-full-scale-4-20m-0-0048-t4,40,blocks.0.ffn.down_proj.weight,286720,0.000440925500507372,0.00020955739988565828,0.9983373399115525,0.035689511324529806
packed-ac-full-scale-4-20m-0-0048-t4,40,blocks.1.attention_norm.weight,320,5.004539610433133e-07,0.004803753044393642,0.9999925663834933,0.0009341349873038322
packed-ac-full-scale-4-20m-0-0048-t4,40,blocks.1.attention.q_proj.weight,102400,0.00018578109712620355,4.88340724805067e-06,0.9986818208131393,0.0006105520385980359
packed-ac-full-scale-4-20m-0-0048-t4,40,blocks.1.attention.k_proj.weight,102400,0.0001943771765466438,1.2821238959106818e-05,0.999110155392345,0.0007034966617612867
packed-ac-full-scale-4-20m-0-0048-t4,40,blocks.1.attention.v_proj.weight,102400,0.00018404648104901615,0.0021150199710811613,0.9989117951942615,0.005668480364159166
packed-ac-full-scale-4-20m-0-0048-t4,40,blocks.1.attention.out_proj.weight,102400,0.0001864529840053562,4.402291115189397e-06,0.9976016888238934,0.0028967500919909223
packed-ac-full-scale-4-20m-0-0048-t4,40,blocks.1.ffn_norm.weight,320,4.847197127371457e-07,2.9481060770913344e-05,0.9998733736317114,0.0001354353868710496
packed-ac-full-scale-4-20m-0-0048-t4,40,blocks.1.ffn.gate_proj.weight,286720,0.0004924031158344794,6.700151169403012e-07,0.9975831937449021,0.0019350437270788238
packed-ac-full-scale-4-20m-0-0048-t4,40,blocks.1.ffn.up_proj.weight,286720,0.0004939983855061565,1.2979080913131478e-06,0.9973104064060604,0.0020849854528569105
packed-ac-full-scale-4-20m-0-0048-t4,40,blocks.1.ffn.down_proj.weight,286720,0.00046770570157550674,0.00011176014136202303,0.9989121919758982,0.011751965685739153
packed-ac-full-scale-4-20m-0-0048-t4,40,blocks.2.attention_norm.weight,320,4.580532386281585e-07,0.001077285137421565,0.9999216778101342,0.00025183738017013336
packed-ac-full-scale-4-20m-0-0048-t4,40,blocks.2.attention.q_proj.weight,102400,0.00016778957064928624,4.197712300257518e-06,0.9989179452670832,0.0004985682386034196
packed-ac-full-scale-4-20m-0-0048-t4,40,blocks.2.attention.k_proj.weight,102400,0.00016433737192129516,2.9243987011732565e-06,0.9990681466242862,0.0004992568170397711
packed-ac-full-scale-4-20m-0-0048-t4,40,blocks.2.attention.v_proj.weight,102400,0.00016935406644274866,0.013635434621446795,0.9990443793538182,0.014439123993632515
packed-ac-full-scale-4-20m-0-0048-t4,40,blocks.2.attention.out_proj.weight,102400,0.00017333493484625128,3.731703092802557e-05,0.9988058834677296,0.0050821965354600025
packed-ac-full-scale-4-20m-0-0048-t4,40,blocks.2.ffn_norm.weight,320,5.072411372720066e-07,0.0001992550319928393,0.9999346143474973,0.000271226422380201
packed-ac-full-scale-4-20m-0-0048-t4,40,blocks.2.ffn.gate_proj.weight,286720,0.0004978062077596116,4.4026858793907595e-06,0.9993785702424555,0.0027851231777048773
packed-ac-full-scale-4-20m-0-0048-t4,40,blocks.2.ffn.up_proj.weight,286720,0.000498677517160956,1.4642552347117164e-05,0.9986974199603654,0.0034637677177869813
packed-ac-full-scale-4-20m-0-0048-t4,40,blocks.2.ffn.down_proj.weight,286720,0.0004849183056678692,1.1029881385527704e-05,0.9979296941727399,0.007003315618660111
packed-ac-full-scale-4-20m-0-0048-t4,40,blocks.3.attention_norm.weight,320,4.929367997598935e-07,0.0007834263066811922,0.9999756553148346,0.0002822420765487685
packed-ac-full-scale-4-20m-0-0048-t4,40,blocks.3.attention.q_proj.weight,102400,0.00016123656102036966,2.682128119694877e-06,0.9987636227781538,0.0007107804100748223
packed-ac-full-scale-4-20m-0-0048-t4,40,blocks.3.attention.k_proj.weight,102400,0.000159259241957331,1.885960499929984e-06,0.9987478476089965,0.0009505597750255954
packed-ac-full-scale-4-20m-0-0048-t4,40,blocks.3.attention.v_proj.weight,102400,0.00017192386407151994,0.02068996312252741,0.9987555719627276,0.02229011557936123
packed-ac-full-scale-4-20m-0-0048-t4,40,blocks.3.attention.out_proj.weight,102400,0.00017279581779834863,4.4571394442119304e-05,0.9987323984435027,0.010300683599907772
packed-ac-full-scale-4-20m-0-0048-t4,40,blocks.3.ffn_norm.weight,320,4.3313815168139654e-07,0.0008120948427114419,0.9999604833396935,0.00022535321304049502
packed-ac-full-scale-4-20m-0-0048-t4,40,blocks.3.ffn.gate_proj.weight,286720,0.00048704152987063886,5.649131186892772e-06,0.9975459413958946,0.006633912154437869
packed-ac-full-scale-4-20m-0-0048-t4,40,blocks.3.ffn.up_proj.weight,286720,0.000490770301988381,1.730184042627918e-05,0.9980556906721799,0.007404109998053623
packed-ac-full-scale-4-20m-0-0048-t4,40,blocks.3.ffn.down_proj.weight,286720,0.00048441743214835644,0.004466619152624081,0.9988221948377124,0.019628646108718673
packed-ac-full-scale-4-20m-0-0048-t4,40,blocks.4.attention_norm.weight,320,4.494434155327705e-07,0.0005663647597321566,0.9998586397033842,0.00033242164891109425
packed-ac-full-scale-4-20m-0-0048-t4,40,blocks.4.attention.q_proj.weight,102400,0.00015647373451759396,1.190380433727052e-05,0.9990827958669786,0.001257685993331939
packed-ac-full-scale-4-20m-0-0048-t4,40,blocks.4.attention.k_proj.weight,102400,0.00015310323953707038,1.0233441141101404e-05,0.998530416959071,0.0017316666851960592
packed-ac-full-scale-4-20m-0-0048-t4,40,blocks.4.attention.v_proj.weight,102400,0.00016210564504931876,0.025797729826420118,0.9988068042091256,0.027778913584125334
packed-ac-full-scale-4-20m-0-0048-t4,40,blocks.4.attention.out_proj.weight,102400,0.00016337747818368203,3.893285774183672e-05,0.9987579728764372,0.012540353511327032
packed-ac-full-scale-4-20m-0-0048-t4,40,blocks.4.ffn_norm.weight,320,4.801368462689209e-07,0.00016832727634816442,0.9999186600076996,0.00024151537544029643
packed-ac-full-scale-4-20m-0-0048-t4,40,blocks.4.ffn.gate_proj.weight,286720,0.00046118440299636616,8.302602802502197e-06,0.9984859053522582,0.010959968789414432
packed-ac-full-scale-4-20m-0-0048-t4,40,blocks.4.ffn.up_proj.weight,286720,0.0004666848394108431,1.369199065526908e-05,0.9987452859821576,0.012127502445140107
packed-ac-full-scale-4-20m-0-0048-t4,40,blocks.4.ffn.down_proj.weight,286720,0.00046013114497720853,1.4480083380578365e-05,0.9985312998118873,0.01418342971034837
packed-ac-full-scale-4-20m-0-0048-t4,40,blocks.5.attention_norm.weight,320,4.388625348636359e-07,0.00033727599422341166,0.9999261845075541,0.0002255839830958327
packed-ac-full-scale-4-20m-0-0048-t4,40,blocks.5.attention.q_proj.weight,102400,0.00015537141956455773,1.8959950483073703e-05,0.9990342718394988,0.00138973461671221
packed-ac-full-scale-4-20m-0-0048-t4,40,blocks.5.attention.k_proj.weight,102400,0.00015569286016346552,1.6835603249909783e-05,0.9991437270010263,0.0018816685181102526
packed-ac-full-scale-4-20m-0-0048-t4,40,blocks.5.attention.v_proj.weight,102400,0.00016202019976632918,0.01608176367826011,0.9985346129756484,0.02157773052243057
packed-ac-full-scale-4-20m-0-0048-t4,40,blocks.5.attention.out_proj.weight,102400,0.00016641880599120462,3.1141369064613545e-05,0.9987092722321457,0.011341019593954442
packed-ac-full-scale-4-20m-0-0048-t4,40,blocks.5.ffn_norm.weight,320,4.3105669602821e-07,0.00019330485672981005,0.9999263816078982,0.0003433434377339046
packed-ac-full-scale-4-20m-0-0048-t4,40,blocks.5.ffn.gate_proj.weight,286720,0.00044977042957651395,1.1759246746136976e-05,0.9978024701937217,0.012043795872254619
packed-ac-full-scale-4-20m-0-0048-t4,40,blocks.5.ffn.up_proj.weight,286720,0.0004582650434654637,1.4077395369246256e-05,0.9986130543378579,0.012063080513708226
packed-ac-full-scale-4-20m-0-0048-t4,40,blocks.5.ffn.down_proj.weight,286720,0.00044893383070750923,0.0003771856787831215,0.9987060416620697,0.01720246394067506
packed-ac-full-scale-4-20m-0-0048-t4,40,blocks.6.attention_norm.weight,320,4.161939203458527e-07,0.0003391505644543268,0.9998509558958025,0.00023988476013494562
packed-ac-full-scale-4-20m-0-0048-t4,40,blocks.6.attention.q_proj.weight,102400,0.00015681612858160142,2.2820050834752584e-05,0.998943578737297,0.0030500768633820647
packed-ac-full-scale-4-20m-0-0048-t4,40,blocks.6.attention.k_proj.weight,102400,0.0001560156985333417,7.397617184387268e-05,0.9988819594358915,0.006086446989134373
packed-ac-full-scale-4-20m-0-0048-t4,40,blocks.6.attention.v_proj.weight,102400,0.00015714627775568297,0.013168721605635479,0.9987660771651976,0.025185745520830565
packed-ac-full-scale-4-20m-0-0048-t4,40,blocks.6.attention.out_proj.weight,102400,0.00016238221470710288,5.32366337530645e-05,0.9987003559482234,0.015146848856604424
packed-ac-full-scale-4-20m-0-0048-t4,40,blocks.6.ffn_norm.weight,320,4.398844762226378e-07,0.0013504515958495749,0.9997793470949495,0.00041266570933288306
packed-ac-full-scale-4-20m-0-0048-t4,40,blocks.6.ffn.gate_proj.weight,286720,0.00045533526258540624,1.9918768894490234e-05,0.9976177192558263,0.014666067686658119
packed-ac-full-scale-4-20m-0-0048-t4,40,blocks.6.ffn.up_proj.weight,286720,0.00045797800759486614,1.2852764139408152e-05,0.9980122503230863,0.011660106103574699
packed-ac-full-scale-4-20m-0-0048-t4,40,blocks.6.ffn.down_proj.weight,286720,0.00045220467001064695,1.594359973107255e-05,0.9983232174513561,0.013769875139333544
packed-ac-full-scale-4-20m-0-0048-t4,40,blocks.7.attention_norm.weight,320,4.049654870135084e-07,0.0015191453928995655,0.9997358696537101,0.0003833655539127236
packed-ac-full-scale-4-20m-0-0048-t4,40,blocks.7.attention.q_proj.weight,102400,0.00015659462242879993,0.0003710541571709161,0.9987237060916249,0.01607287841691986
packed-ac-full-scale-4-20m-0-0048-t4,40,blocks.7.attention.k_proj.weight,102400,0.00015425856677827167,0.0011834506910424279,0.9985167787534518,0.02906577302606488
packed-ac-full-scale-4-20m-0-0048-t4,40,blocks.7.attention.v_proj.weight,102400,0.00015208267833226565,0.005883733521098362,0.9983860849619098,0.022176907847527308
packed-ac-full-scale-4-20m-0-0048-t4,40,blocks.7.attention.out_proj.weight,102400,0.00015436466708793826,6.579963931176616e-05,0.9987244529210882,0.014265155906365286
packed-ac-full-scale-4-20m-0-0048-t4,40,blocks.7.ffn_norm.weight,320,4.3429108206872043e-07,0.00047505204176746926,0.999983598522047,0.00018999158668505455
packed-ac-full-scale-4-20m-0-0048-t4,40,blocks.7.ffn.gate_proj.weight,286720,0.0004487388530257341,6.163195727310641e-05,0.9974763565229287,0.020660452204948835
packed-ac-full-scale-4-20m-0-0048-t4,40,blocks.7.ffn.up_proj.weight,286720,0.0004501749008298738,5.113484868832647e-05,0.9976210430398015,0.015498694884908926
packed-ac-full-scale-4-20m-0-0048-t4,40,blocks.7.ffn.down_proj.weight,286720,0.00044277662477734035,0.00043699973158621927,0.9982299786645008,0.03180291155793064
packed-ac-full-scale-4-20m-0-0048-t4,40,norm.weight,320,3.7695640094317963e-07,0.00015588133703934025,0.9998738307577081,0.00012915142115217751
packed-ac-full-scale-4-20m-0-0048-t5,40,embedding.weight,10240000,0.9811997677604828,0.8777184191959972,0.9993387061945019,0.3804855240164502
packed-ac-full-scale-4-20m-0-0048-t5,40,blocks.0.attention_norm.weight,320,5.062995260333618e-07,0.00036180525394773603,0.9991002729007575,0.0012895432520936647
packed-ac-full-scale-4-20m-0-0048-t5,40,blocks.0.attention.q_proj.weight,102400,0.00019025491366769367,6.295076567912182e-10,0.9988794002114734,1.8439876017987236e-05
packed-ac-full-scale-4-20m-0-0048-t5,40,blocks.0.attention.k_proj.weight,102400,0.0001993053743182371,1.5313743305535078e-09,0.9988978181701299,2.5701966358284453e-05
packed-ac-full-scale-4-20m-0-0048-t5,40,blocks.0.attention.v_proj.weight,102400,0.00016994021242503342,0.0002839299658507093,0.9985728839416864,0.008572591357925435
packed-ac-full-scale-4-20m-0-0048-t5,40,blocks.0.attention.out_proj.weight,102400,0.0001757056480590569,0.0003639084564941635,0.9986224095767283,0.008883999720556613
packed-ac-full-scale-4-20m-0-0048-t5,40,blocks.0.ffn_norm.weight,320,5.124194412965358e-07,0.000554932048266005,0.9996480527632204,0.0009854640446718466
packed-ac-full-scale-4-20m-0-0048-t5,40,blocks.0.ffn.gate_proj.weight,286720,0.0005255109241834077,7.650939395615711e-06,0.9982740258377398,0.011189030613916077
packed-ac-full-scale-4-20m-0-0048-t5,40,blocks.0.ffn.up_proj.weight,286720,0.0005150529800247885,5.034564780241567e-05,0.9985827452079495,0.020762594924090882
packed-ac-full-scale-4-20m-0-0048-t5,40,blocks.0.ffn.down_proj.weight,286720,0.0005042077076558919,0.00019159408016727512,0.9984965517239871,0.03590412844855574
packed-ac-full-scale-4-20m-0-0048-t5,40,blocks.1.attention_norm.weight,320,6.313748132172136e-07,0.0035958492565016553,0.9999640026360707,0.0008750437983666727
packed-ac-full-scale-4-20m-0-0048-t5,40,blocks.1.attention.q_proj.weight,102400,0.00020991507564789566,4.493195343115075e-06,0.9990910061775252,0.00045516701738255175
packed-ac-full-scale-4-20m-0-0048-t5,40,blocks.1.attention.k_proj.weight,102400,0.0002140723193391458,5.470510543819177e-06,0.9994293927544403,0.0004573790915200288
packed-ac-full-scale-4-20m-0-0048-t5,40,blocks.1.attention.v_proj.weight,102400,0.00022307345190521497,0.0013376686063795323,0.9990991101526868,0.0063283144628209255
packed-ac-full-scale-4-20m-0-0048-t5,40,blocks.1.attention.out_proj.weight,102400,0.0002154649438788317,2.4781059569643627e-06,0.9981561264744574,0.0026698716604658464
packed-ac-full-scale-4-20m-0-0048-t5,40,blocks.1.ffn_norm.weight,320,5.968269397289047e-07,2.2948182803079648e-05,0.9994925039161972,0.00016464804316890976
packed-ac-full-scale-4-20m-0-0048-t5,40,blocks.1.ffn.gate_proj.weight,286720,0.0005517764031923039,6.458758795397106e-07,0.9982861846401275,0.002294332514063053
packed-ac-full-scale-4-20m-0-0048-t5,40,blocks.1.ffn.up_proj.weight,286720,0.0005589044827062764,9.497865137777862e-07,0.9985654716661463,0.0024778272696346563
packed-ac-full-scale-4-20m-0-0048-t5,40,blocks.1.ffn.down_proj.weight,286720,0.0005348340248257355,6.32446607050229e-05,0.9986577614078819,0.01163712613463578
packed-ac-full-scale-4-20m-0-0048-t5,40,blocks.2.attention_norm.weight,320,4.938204481403516e-07,0.0003851009332087704,0.9996950712067262,0.00017347234065407549
packed-ac-full-scale-4-20m-0-0048-t5,40,blocks.2.attention.q_proj.weight,102400,0.0001843931159283409,3.3141040639560924e-06,0.9990748134157638,0.0005144100594381383
packed-ac-full-scale-4-20m-0-0048-t5,40,blocks.2.attention.k_proj.weight,102400,0.00018599193641402603,2.763848974023889e-06,0.9993855723311444,0.00047682673964397234
packed-ac-full-scale-4-20m-0-0048-t5,40,blocks.2.attention.v_proj.weight,102400,0.0002017929236127406,0.009924051787608216,0.9988221266068608,0.014869992028315597
packed-ac-full-scale-4-20m-0-0048-t5,40,blocks.2.attention.out_proj.weight,102400,0.00019856091711341778,2.5235781415860347e-05,0.9986771365374664,0.005074923017359071
packed-ac-full-scale-4-20m-0-0048-t5,40,blocks.2.ffn_norm.weight,320,5.564271023818901e-07,5.714066441294666e-05,0.9997545850605215,0.00015215402714376368
packed-ac-full-scale-4-20m-0-0048-t5,40,blocks.2.ffn.gate_proj.weight,286720,0.0005583199985041534,1.102888003887619e-06,0.9987425484266721,0.0028481343713382483
packed-ac-full-scale-4-20m-0-0048-t5,40,blocks.2.ffn.up_proj.weight,286720,0.0005609374189108774,5.890074122665143e-06,0.9988160120678109,0.003314965647924218
packed-ac-full-scale-4-20m-0-0048-t5,40,blocks.2.ffn.down_proj.weight,286720,0.0005486093451193519,9.774430412087456e-06,0.9984380486556407,0.006819451973189533
packed-ac-full-scale-4-20m-0-0048-t5,40,blocks.3.attention_norm.weight,320,5.38638879607859e-07,0.0005343472382254266,0.9994697255598165,0.00026052900702783145
packed-ac-full-scale-4-20m-0-0048-t5,40,blocks.3.attention.q_proj.weight,102400,0.00018007197508007828,3.226804328519116e-06,0.9989760703272773,0.0007129465224790304
packed-ac-full-scale-4-20m-0-0048-t5,40,blocks.3.attention.k_proj.weight,102400,0.00018050556704722557,1.5878878091764747e-06,0.9990027711861474,0.0008631707702232636
packed-ac-full-scale-4-20m-0-0048-t5,40,blocks.3.attention.v_proj.weight,102400,0.0001969235426380636,0.021860573680230817,0.9987749853684292,0.024973725164984195
packed-ac-full-scale-4-20m-0-0048-t5,40,blocks.3.attention.out_proj.weight,102400,0.0001969504136885848,5.545517733514969e-05,0.9988101349152737,0.009585594654238817
packed-ac-full-scale-4-20m-0-0048-t5,40,blocks.3.ffn_norm.weight,320,5.619793924718471e-07,0.0005355027668071242,0.9997008024818744,0.0003053075248480638
packed-ac-full-scale-4-20m-0-0048-t5,40,blocks.3.ffn.gate_proj.weight,286720,0.000553697818778784,6.631189134867576e-06,0.998801572323842,0.00652976072247051
packed-ac-full-scale-4-20m-0-0048-t5,40,blocks.3.ffn.up_proj.weight,286720,0.0005597578330869298,9.250401113715105e-06,0.9985478053313942,0.006922452048756866
packed-ac-full-scale-4-20m-0-0048-t5,40,blocks.3.ffn.down_proj.weight,286720,0.0005499832124951147,0.004270236001366024,0.9987730139228174,0.018159738623628838
packed-ac-full-scale-4-20m-0-0048-t5,40,blocks.4.attention_norm.weight,320,4.7231440392813853e-07,0.0003972362446416093,0.9996959729150642,0.0002765776153021236
packed-ac-full-scale-4-20m-0-0048-t5,40,blocks.4.attention.q_proj.weight,102400,0.0001748991478255064,1.017694182606742e-05,0.9986545001820035,0.0012280545311209928
packed-ac-full-scale-4-20m-0-0048-t5,40,blocks.4.attention.k_proj.weight,102400,0.00017409302218154493,1.0451379013427289e-05,0.9989019917130464,0.0018709697466061522
packed-ac-full-scale-4-20m-0-0048-t5,40,blocks.4.attention.v_proj.weight,102400,0.00018832872532028265,0.02392347844013284,0.9987456473946373,0.03135653900671032
packed-ac-full-scale-4-20m-0-0048-t5,40,blocks.4.attention.out_proj.weight,102400,0.00018724505787057704,2.2358825392240804e-05,0.9987636423973895,0.011489778377760896
packed-ac-full-scale-4-20m-0-0048-t5,40,blocks.4.ffn_norm.weight,320,5.399500653982324e-07,0.00010057786154604929,0.9999047215311118,0.00038929328202708065
packed-ac-full-scale-4-20m-0-0048-t5,40,blocks.4.ffn.gate_proj.weight,286720,0.0005306908366811477,6.554126419125555e-06,0.9986610208756058,0.01055315197235476
packed-ac-full-scale-4-20m-0-0048-t5,40,blocks.4.ffn.up_proj.weight,286720,0.0005382947032029471,1.1642293219308127e-05,0.9988450800432919,0.011518150263744703
packed-ac-full-scale-4-20m-0-0048-t5,40,blocks.4.ffn.down_proj.weight,286720,0.0005271104500342037,2.3982815728205007e-05,0.9986373453523716,0.013910185460551248
packed-ac-full-scale-4-20m-0-0048-t5,40,blocks.5.attention_norm.weight,320,4.912309985266274e-07,0.00018092801699480963,0.9994212503638544,0.00027539026659826124
packed-ac-full-scale-4-20m-0-0048-t5,40,blocks.5.attention.q_proj.weight,102400,0.00018144077127446934,1.9709343472048726e-05,0.9991235182092177,0.001307621941472087
packed-ac-full-scale-4-20m-0-0048-t5,40,blocks.5.attention.k_proj.weight,102400,0.00018443884290169135,1.8331501291643488e-05,0.9985582099434375,0.0017061731578856673
packed-ac-full-scale-4-20m-0-0048-t5,40,blocks.5.attention.v_proj.weight,102400,0.00018623195666593264,0.016600193396166137,0.9987308587347812,0.022450309130939452
packed-ac-full-scale-4-20m-0-0048-t5,40,blocks.5.attention.out_proj.weight,102400,0.00018967214776559002,3.444459101669127e-05,0.9987396117717057,0.011823969518490907
packed-ac-full-scale-4-20m-0-0048-t5,40,blocks.5.ffn_norm.weight,320,5.026732271786056e-07,0.0001196852891371832,0.9998194026214383,0.00019661099426645506
packed-ac-full-scale-4-20m-0-0048-t5,40,blocks.5.ffn.gate_proj.weight,286720,0.000515187171656182,9.782971968550266e-06,0.9985962463279027,0.011188287856570655
packed-ac-full-scale-4-20m-0-0048-t5,40,blocks.5.ffn.up_proj.weight,286720,0.0005208751626350006,1.0904070811250266e-05,0.998675932185471,0.011307823030464324
packed-ac-full-scale-4-20m-0-0048-t5,40,blocks.5.ffn.down_proj.weight,286720,0.0005162842462776289,0.0020516901811585414,0.9987392944638037,0.018915262124722027
packed-ac-full-scale-4-20m-0-0048-t5,40,blocks.6.attention_norm.weight,320,5.266020636399936e-07,0.0002068614917967481,0.9995170057605858,0.00024950317586373627
packed-ac-full-scale-4-20m-0-0048-t5,40,blocks.6.attention.q_proj.weight,102400,0.00018455296837077234,1.8529766677277052e-05,0.9989167791114958,0.0035749634478684277
packed-ac-full-scale-4-20m-0-0048-t5,40,blocks.6.attention.k_proj.weight,102400,0.00018174988933958641,0.0001085879254927902,0.9990112633745517,0.007091760757772769
packed-ac-full-scale-4-20m-0-0048-t5,40,blocks.6.attention.v_proj.weight,102400,0.00017731529703063974,0.019797051626039924,0.9988504335652585,0.02563428348977152
packed-ac-full-scale-4-20m-0-0048-t5,40,blocks.6.attention.out_proj.weight,102400,0.00018421542657414168,4.4822419202023346e-05,0.9987452450608787,0.014722280923974361
packed-ac-full-scale-4-20m-0-0048-t5,40,blocks.6.ffn_norm.weight,320,5.261302572510929e-07,0.0006514464547015686,0.9997952024210499,0.0004006964322977953
packed-ac-full-scale-4-20m-0-0048-t5,40,blocks.6.ffn.gate_proj.weight,286720,0.0005221371453268418,1.5505858794563663e-05,0.9975190696899646,0.014242325472921355
packed-ac-full-scale-4-20m-0-0048-t5,40,blocks.6.ffn.up_proj.weight,286720,0.0005229119917635425,1.0978908986219938e-05,0.9977838335654393,0.011173544899875933
packed-ac-full-scale-4-20m-0-0048-t5,40,blocks.6.ffn.down_proj.weight,286720,0.0005182935276752652,1.2251060883286763e-05,0.9979344700654821,0.01340123243811091
packed-ac-full-scale-4-20m-0-0048-t5,40,blocks.7.attention_norm.weight,320,5.235789676961765e-07,0.0014923477603667795,0.9998120419118556,0.0003676326904978395
packed-ac-full-scale-4-20m-0-0048-t5,40,blocks.7.attention.q_proj.weight,102400,0.00017828960555867478,0.0006133087092065356,0.998855847078806,0.0172238113875806
packed-ac-full-scale-4-20m-0-0048-t5,40,blocks.7.attention.k_proj.weight,102400,0.00017805606061075137,0.0017554848684368225,0.998711258752598,0.030615236381185264
packed-ac-full-scale-4-20m-0-0048-t5,40,blocks.7.attention.v_proj.weight,102400,0.00017400027663801865,0.008465688134264088,0.9988511406489583,0.02153522706209234
packed-ac-full-scale-4-20m-0-0048-t5,40,blocks.7.attention.out_proj.weight,102400,0.00018129937742050948,5.2028943334938596e-05,0.9987262428190312,0.013851175851765696
packed-ac-full-scale-4-20m-0-0048-t5,40,blocks.7.ffn_norm.weight,320,4.645167449281034e-07,0.0003343808064391326,0.999935388706554,0.00021447783486815787
packed-ac-full-scale-4-20m-0-0048-t5,40,blocks.7.ffn.gate_proj.weight,286720,0.0005112406607413762,4.603796248466329e-05,0.998044675188757,0.01975946404934418
packed-ac-full-scale-4-20m-0-0048-t5,40,blocks.7.ffn.up_proj.weight,286720,0.0005132142129766426,4.248219711707635e-05,0.9981184587071738,0.0148873712837537
packed-ac-full-scale-4-20m-0-0048-t5,40,blocks.7.ffn.down_proj.weight,286720,0.0005047193522914088,0.0003947258011593863,0.9980889218237717,0.031084517106606015
packed-ac-full-scale-4-20m-0-0048-t5,40,norm.weight,320,4.849413875071096e-07,0.00012782942667756024,0.9999118385726854,0.0001720635799020407
packed-ac-full-scale-4-20m-0-0048-t6,40,embedding.weight,10240000,0.9338115576446983,0.8492746927311128,0.9991404403191462,0.37599214495042277
packed-ac-full-scale-4-20m-0-0048-t6,40,blocks.0.attention_norm.weight,320,1.6018721384911053e-06,0.0006248070923841332,0.9994528703651216,0.0011247807473803147
packed-ac-full-scale-4-20m-0-0048-t6,40,blocks.0.attention.q_proj.weight,102400,0.0006401593362559916,1.1684487740150012e-09,0.9988092184969602,1.6392285640837577e-05
packed-ac-full-scale-4-20m-0-0048-t6,40,blocks.0.attention.k_proj.weight,102400,0.0006242382824405891,1.9076252680653802e-09,0.9989463180457147,2.1671871898632154e-05
packed-ac-full-scale-4-20m-0-0048-t6,40,blocks.0.attention.v_proj.weight,102400,0.000605654957949992,0.00011630293084284631,0.997348362053883,0.005893383344578786
packed-ac-full-scale-4-20m-0-0048-t6,40,blocks.0.attention.out_proj.weight,102400,0.0006574298636977514,0.0004917623644216179,0.9989034114683579,0.006881548336730438
packed-ac-full-scale-4-20m-0-0048-t6,40,blocks.0.ffn_norm.weight,320,1.983019038408599e-06,0.00039730859588214714,0.9998269286023622,0.0008623710254556007
packed-ac-full-scale-4-20m-0-0048-t6,40,blocks.0.ffn.gate_proj.weight,286720,0.001834622679433053,7.02496539876228e-06,0.9983930271703146,0.010008227706377848
packed-ac-full-scale-4-20m-0-0048-t6,40,blocks.0.ffn.up_proj.weight,286720,0.001798747526292141,4.754191708866579e-05,0.998524657776699,0.019143625644421132
packed-ac-full-scale-4-20m-0-0048-t6,40,blocks.0.ffn.down_proj.weight,286720,0.0017878465760231969,0.00019025681860330616,0.9983418734029176,0.034579177092003206
packed-ac-full-scale-4-20m-0-0048-t6,40,blocks.1.attention_norm.weight,320,1.9398669761432916e-06,2.6766560010417465e-05,0.9996974698079978,0.00011340795766079098
packed-ac-full-scale-4-20m-0-0048-t6,40,blocks.1.attention.q_proj.weight,102400,0.0006665516435178711,1.5793201702024324e-08,0.9973718087326664,5.5202826269922563e-05
packed-ac-full-scale-4-20m-0-0048-t6,40,blocks.1.attention.k_proj.weight,102400,0.0006636881808951922,3.2379369027523214e-07,0.9994408952271138,8.329133482503245e-05
packed-ac-full-scale-4-20m-0-0048-t6,40,blocks.1.attention.v_proj.weight,102400,0.0007595137596081686,0.00032443613099540766,0.998941589052832,0.0030612193153287002
packed-ac-full-scale-4-20m-0-0048-t6,40,blocks.1.attention.out_proj.weight,102400,0.0007782174213263258,1.289397734050628e-06,0.9980785272323555,0.0015116481755241761
packed-ac-full-scale-4-20m-0-0048-t6,40,blocks.1.ffn_norm.weight,320,2.02541284862809e-06,3.521732731720721e-05,0.9989605281796229,0.00015793134329952752
packed-ac-full-scale-4-20m-0-0048-t6,40,blocks.1.ffn.gate_proj.weight,286720,0.001949769277221519,4.686645379404641e-07,0.9982811516066737,0.0017759509630772728
packed-ac-full-scale-4-20m-0-0048-t6,40,blocks.1.ffn.up_proj.weight,286720,0.001969093491718057,5.880874662359965e-07,0.998600780524392,0.001879935624431416
packed-ac-full-scale-4-20m-0-0048-t6,40,blocks.1.ffn.down_proj.weight,286720,0.0018758262782273502,6.697650718427838e-05,0.9985313363631539,0.011139924187068202
packed-ac-full-scale-4-20m-0-0048-t6,40,blocks.2.attention_norm.weight,320,2.5326236523633584e-06,0.001981034905922061,0.9998037049548479,0.0003081218558001873
packed-ac-full-scale-4-20m-0-0048-t6,40,blocks.2.attention.q_proj.weight,102400,0.000683028704418088,2.8065451699497294e-05,0.9988329446848563,0.0013289887688327253
packed-ac-full-scale-4-20m-0-0048-t6,40,blocks.2.attention.k_proj.weight,102400,0.0006820079849188865,1.2094770741383788e-05,0.9991336056542593,0.0012332808493815532
packed-ac-full-scale-4-20m-0-0048-t6,40,blocks.2.attention.v_proj.weight,102400,0.0007625647103667115,0.009559729464779955,0.9988048080300821,0.016979133517542763
packed-ac-full-scale-4-20m-0-0048-t6,40,blocks.2.attention.out_proj.weight,102400,0.0007258186843401112,9.839582332746611e-06,0.9986047858409602,0.005772364550480757
packed-ac-full-scale-4-20m-0-0048-t6,40,blocks.2.ffn_norm.weight,320,1.9636111567228956e-06,3.0328441245586684e-05,0.9994105557452843,0.00012576429348822675
packed-ac-full-scale-4-20m-0-0048-t6,40,blocks.2.ffn.gate_proj.weight,286720,0.0019969763817967597,5.95104434370799e-07,0.9970562456999348,0.0024621130912069245
packed-ac-full-scale-4-20m-0-0048-t6,40,blocks.2.ffn.up_proj.weight,286720,0.0020183040166395663,1.0799184953287792e-05,0.9987801433763587,0.003026052780406582
packed-ac-full-scale-4-20m-0-0048-t6,40,blocks.2.ffn.down_proj.weight,286720,0.00195047075863575,9.170760405461147e-06,0.998438251820119,0.006185990572952287
packed-ac-full-scale-4-20m-0-0048-t6,40,blocks.3.attention_norm.weight,320,1.8729374778403674e-06,0.00034808389724271167,0.9990023330521215,0.00031625291903067393
packed-ac-full-scale-4-20m-0-0048-t6,40,blocks.3.attention.q_proj.weight,102400,0.0006477678949620843,3.6178669069642243e-06,0.999028614468631,0.000536890622724046
packed-ac-full-scale-4-20m-0-0048-t6,40,blocks.3.attention.k_proj.weight,102400,0.0006564662920244662,1.852589361342285e-06,0.9989672031334301,0.0007662954193666528
packed-ac-full-scale-4-20m-0-0048-t6,40,blocks.3.attention.v_proj.weight,102400,0.0007243582826699606,0.018553592990840372,0.9988153760383712,0.022885978422812005
packed-ac-full-scale-4-20m-0-0048-t6,40,blocks.3.attention.out_proj.weight,102400,0.0007138382311779972,7.683402883425207e-05,0.9987764365314683,0.008997479027244787
packed-ac-full-scale-4-20m-0-0048-t6,40,blocks.3.ffn_norm.weight,320,1.8763071356182437e-06,0.0006028773856055906,0.9998375143394078,0.00044110691729990447
packed-ac-full-scale-4-20m-0-0048-t6,40,blocks.3.ffn.gate_proj.weight,286720,0.0019680139499572346,6.275722703756706e-06,0.9987352462700235,0.0060383437791962265
packed-ac-full-scale-4-20m-0-0048-t6,40,blocks.3.ffn.up_proj.weight,286720,0.0019916256862645347,1.1806194221255713e-05,0.9987461428780279,0.006601658280154399
packed-ac-full-scale-4-20m-0-0048-t6,40,blocks.3.ffn.down_proj.weight,286720,0.001960794747808809,0.0028738136990668225,0.9987054728284216,0.015854569291365805
packed-ac-full-scale-4-20m-0-0048-t6,40,blocks.4.attention_norm.weight,320,1.88459330752059e-06,0.0003636788365174369,0.9997694432621712,0.000578815340740902
packed-ac-full-scale-4-20m-0-0048-t6,40,blocks.4.attention.q_proj.weight,102400,0.0006287965131730463,9.250175213863496e-06,0.9988103872486706,0.0013544972380908776
packed-ac-full-scale-4-20m-0-0048-t6,40,blocks.4.attention.k_proj.weight,102400,0.000624305293441253,1.0544698705038631e-05,0.9988606809011563,0.0019574859353569214
packed-ac-full-scale-4-20m-0-0048-t6,40,blocks.4.attention.v_proj.weight,102400,0.0006737349126450296,0.043014577039262626,0.9987532706406391,0.03277468140071153
packed-ac-full-scale-4-20m-0-0048-t6,40,blocks.4.attention.out_proj.weight,102400,0.000673894947621698,3.613208010825911e-05,0.9987872617779286,0.013278791183477617
packed-ac-full-scale-4-20m-0-0048-t6,40,blocks.4.ffn_norm.weight,320,1.7317953753383837e-06,0.00010390743799607159,0.9998384224618242,0.0002658436389357338
packed-ac-full-scale-4-20m-0-0048-t6,40,blocks.4.ffn.gate_proj.weight,286720,0.0018590027661484901,8.513503166607226e-06,0.9985329049597232,0.010852048017825256
packed-ac-full-scale-4-20m-0-0048-t6,40,blocks.4.ffn.up_proj.weight,286720,0.0018894003527585176,1.3468732225840191e-05,0.9987317185791547,0.012090295890891296
packed-ac-full-scale-4-20m-0-0048-t6,40,blocks.4.ffn.down_proj.weight,286720,0.0018599547305251157,0.00023215822503516617,0.9987267925958232,0.01559211149131585
packed-ac-full-scale-4-20m-0-0048-t6,40,blocks.5.attention_norm.weight,320,1.8450152737159018e-06,0.00021488938607159075,0.9992694946832908,0.0002724860488517628
packed-ac-full-scale-4-20m-0-0048-t6,40,blocks.5.attention.q_proj.weight,102400,0.0006125596106200889,1.729541717853485e-05,0.9991051552947651,0.0013464359253530648
packed-ac-full-scale-4-20m-0-0048-t6,40,blocks.5.attention.k_proj.weight,102400,0.0006207799474891338,2.194829709465543e-05,0.9989089103309533,0.0018818567136335376
packed-ac-full-scale-4-20m-0-0048-t6,40,blocks.5.attention.v_proj.weight,102400,0.0006617364365203098,0.022283584551153972,0.9987272840522623,0.02489004118492759
packed-ac-full-scale-4-20m-0-0048-t6,40,blocks.5.attention.out_proj.weight,102400,0.0006787222467544914,4.1649253196700796e-05,0.9987412250801762,0.01193829681764178
packed-ac-full-scale-4-20m-0-0048-t6,40,blocks.5.ffn_norm.weight,320,1.883948926806974e-06,0.0001338018677128551,0.9996465107619525,0.00023672222535689745
packed-ac-full-scale-4-20m-0-0048-t6,40,blocks.5.ffn.gate_proj.weight,286720,0.0018008286688771902,1.2612199298779273e-05,0.9985230729475946,0.011577345017511837
packed-ac-full-scale-4-20m-0-0048-t6,40,blocks.5.ffn.up_proj.weight,286720,0.0018356681572768727,1.425464690303536e-05,0.9986613496018456,0.011659601819669657
packed-ac-full-scale-4-20m-0-0048-t6,40,blocks.5.ffn.down_proj.weight,286720,0.0018025428230207664,0.0047382865518437916,0.9987236322649783,0.021403539473914907
packed-ac-full-scale-4-20m-0-0048-t6,40,blocks.6.attention_norm.weight,320,1.7068178246030006e-06,0.0002088803548406688,0.9993853241864002,0.00034429714672351124
packed-ac-full-scale-4-20m-0-0048-t6,40,blocks.6.attention.q_proj.weight,102400,0.0006400401860015068,1.994833857024443e-05,0.9988374821295646,0.0034358499536846477
packed-ac-full-scale-4-20m-0-0048-t6,40,blocks.6.attention.k_proj.weight,102400,0.0006150927181884346,9.651734398607096e-05,0.9988351050952424,0.006304440258631733
packed-ac-full-scale-4-20m-0-0048-t6,40,blocks.6.attention.v_proj.weight,102400,0.0006365633562849479,0.020640783956019995,0.9988900888208293,0.02706403878878205
packed-ac-full-scale-4-20m-0-0048-t6,40,blocks.6.attention.out_proj.weight,102400,0.0006577999126300352,5.9742702022023526e-05,0.9987540571752268,0.015820328894136624
packed-ac-full-scale-4-20m-0-0048-t6,40,blocks.6.ffn_norm.weight,320,1.806725678938469e-06,0.0011036182533928076,0.9998753794104243,0.0005032879406035424
packed-ac-full-scale-4-20m-0-0048-t6,40,blocks.6.ffn.gate_proj.weight,286720,0.0018128875065742433,2.136968591748221e-05,0.9975980689045368,0.015055257653300508
packed-ac-full-scale-4-20m-0-0048-t6,40,blocks.6.ffn.up_proj.weight,286720,0.0018334329528953853,1.250468506231118e-05,0.9982542621416316,0.011710398401368536
packed-ac-full-scale-4-20m-0-0048-t6,40,blocks.6.ffn.down_proj.weight,286720,0.0018073916538040415,1.5118572103802117e-05,0.9983302860299806,0.013796683493846627
packed-ac-full-scale-4-20m-0-0048-t6,40,blocks.7.attention_norm.weight,320,1.858491520768087e-06,0.0024581464022282724,0.9997889157413705,0.0006366390003824387
packed-ac-full-scale-4-20m-0-0048-t6,40,blocks.7.attention.q_proj.weight,102400,0.0006274637491210396,0.001172194843129618,0.9992068864795822,0.01826636936501228
packed-ac-full-scale-4-20m-0-0048-t6,40,blocks.7.attention.k_proj.weight,102400,0.0006232736511462684,0.0035578809665579364,0.9991818381863751,0.032004547231755595
packed-ac-full-scale-4-20m-0-0048-t6,40,blocks.7.attention.v_proj.weight,102400,0.0006198642502726715,0.011513804083968222,0.9987329149309044,0.024587993561532743
packed-ac-full-scale-4-20m-0-0048-t6,40,blocks.7.attention.out_proj.weight,102400,0.0006357316415540829,4.8301119585246156e-05,0.9987524794633266,0.014013486664442389
packed-ac-full-scale-4-20m-0-0048-t6,40,blocks.7.ffn_norm.weight,320,1.6597353871854925e-06,0.00029350519694546276,0.9998730752229772,0.00016744943954110508
packed-ac-full-scale-4-20m-0-0048-t6,40,blocks.7.ffn.gate_proj.weight,286720,0.0017857806939319328,4.858813891193067e-05,0.9980798418924968,0.01998712424101657
packed-ac-full-scale-4-20m-0-0048-t6,40,blocks.7.ffn.up_proj.weight,286720,0.0017910255372632225,4.422469354726276e-05,0.9973455673520576,0.015190574301759737
packed-ac-full-scale-4-20m-0-0048-t6,40,blocks.7.ffn.down_proj.weight,286720,0.001754976281557165,0.001515958313428929,0.9984795735056194,0.03281971866184799
packed-ac-full-scale-4-20m-0-0048-t6,40,norm.weight,320,1.6224828979127718e-06,0.0001721646558535679,0.9999821376310519,0.00017839994574312627
packed-full-4-20m-0-0048,40,embedding.weight,10240000,0.378673844602481,0.8608534334130851,0.999282962158349,0.3773734402112318
packed-full-4-20m-0-0048,40,blocks.0.attention_norm.weight,320,1.8044857545459406e-05,0.0003255130898117454,0.9991547260766591,0.0012862132662964784
packed-full-4-20m-0-0048,40,blocks.0.attention.q_proj.weight,102400,0.005456868358363657,1.662194065897023e-09,0.9988026720616584,1.772699815130344e-05
packed-full-4-20m-0-0048,40,blocks.0.attention.k_proj.weight,102400,0.004990243143036735,3.5031919558181374e-09,0.998555427775779,2.323222749938487e-05
packed-full-4-20m-0-0048,40,blocks.0.attention.v_proj.weight,102400,0.007936293655899776,0.00018944092541983788,0.9968595698223638,0.00897064176435061
packed-full-4-20m-0-0048,40,blocks.0.attention.out_proj.weight,102400,0.008492498932109514,0.0005997640780077395,0.9986407679374838,0.009811926641787452
packed-full-4-20m-0-0048,40,blocks.0.ffn_norm.weight,320,1.7627962165373507e-05,0.0003242353918250357,0.9985127252590336,0.000786223708352768
packed-full-4-20m-0-0048,40,blocks.0.ffn.gate_proj.weight,286720,0.01762901744143143,9.299599093592765e-06,0.998534014830572,0.010931662985867039
packed-full-4-20m-0-0048,40,blocks.0.ffn.up_proj.weight,286720,0.017242550172805533,6.905020441439146e-05,0.9981074051875102,0.020525937491369783
packed-full-4-20m-0-0048,40,blocks.0.ffn.down_proj.weight,286720,0.016634899410527034,0.00023684434447130315,0.9983648376374737,0.03593057405504765
packed-full-4-20m-0-0048,40,blocks.1.attention_norm.weight,320,2.4967779408205056e-05,5.502205651927299e-05,0.9999203002341462,0.00020797524300881384
packed-full-4-20m-0-0048,40,blocks.1.attention.q_proj.weight,102400,0.006810310046271848,6.843152160068895e-08,0.9888964811044273,8.075484835151368e-05
packed-full-4-20m-0-0048,40,blocks.1.attention.k_proj.weight,102400,0.006775994426008966,8.586829534107043e-08,0.9977693048859514,6.994165536105751e-05
packed-full-4-20m-0-0048,40,blocks.1.attention.v_proj.weight,102400,0.008936911354460281,0.0006347472113225187,0.9985004797373911,0.004639149201219241
packed-full-4-20m-0-0048,40,blocks.1.attention.out_proj.weight,102400,0.00997770050204296,2.7789003876228017e-06,0.9974358217075378,0.002164248669668684
packed-full-4-20m-0-0048,40,blocks.1.ffn_norm.weight,320,2.10173117048078e-05,0.00012737743151300065,0.9999210255153551,0.0002559690035903363
packed-full-4-20m-0-0048,40,blocks.1.ffn.gate_proj.weight,286720,0.01875596815278834,6.113398644132466e-07,0.9965952177650736,0.002255828675034574
packed-full-4-20m-0-0048,40,blocks.1.ffn.up_proj.weight,286720,0.01880453390745759,8.525339972760517e-07,0.9977941434362566,0.0023973349905016626
packed-full-4-20m-0-0048,40,blocks.1.ffn.down_proj.weight,286720,0.017765130720472373,9.93760429390888e-05,0.998463038700809,0.012532300963376037
packed-full-4-20m-0-0048,40,blocks.2.attention_norm.weight,320,1.649070522281492e-05,0.011851243259834124,0.99993677807646,0.0003963916137908588
packed-full-4-20m-0-0048,40,blocks.2.attention.q_proj.weight,102400,0.006081466618945588,7.31618293378029e-05,0.998814729836999,0.001465319073781689
packed-full-4-20m-0-0048,40,blocks.2.attention.k_proj.weight,102400,0.006098538910940787,6.519514126342843e-05,0.9985854947878515,0.0016211463325936932
packed-full-4-20m-0-0048,40,blocks.2.attention.v_proj.weight,102400,0.007642673036772517,0.019854909045370232,0.9989358364789878,0.020988044575796175
packed-full-4-20m-0-0048,40,blocks.2.attention.out_proj.weight,102400,0.006961440221338469,1.7077119988588905e-05,0.9985960412593612,0.008245171471020173
packed-full-4-20m-0-0048,40,blocks.2.ffn_norm.weight,320,1.874243421103328e-05,6.349877013113381e-05,0.9999450305982851,0.00017668698930718178
packed-full-4-20m-0-0048,40,blocks.2.ffn.gate_proj.weight,286720,0.01831070186528272,1.128346685808655e-06,0.997597702297342,0.00355126078916289
packed-full-4-20m-0-0048,40,blocks.2.ffn.up_proj.weight,286720,0.018444466566532886,6.030289211191214e-06,0.9989205475347357,0.0041800144611691455
packed-full-4-20m-0-0048,40,blocks.2.ffn.down_proj.weight,286720,0.017689207727178535,2.1779210155992966e-05,0.9986879393555993,0.007942084892928658
packed-full-4-20m-0-0048,40,blocks.3.attention_norm.weight,320,1.7084343751777024e-05,0.0011115803485245753,0.9999754811425315,0.0004958099785779566
packed-full-4-20m-0-0048,40,blocks.3.attention.q_proj.weight,102400,0.005866235516606229,1.8970360743377269e-06,0.9988400815652995,0.0005381296606390623
packed-full-4-20m-0-0048,40,blocks.3.attention.k_proj.weight,102400,0.0059014923164420205,1.3571647443334683e-06,0.9988623722781241,0.0007219665233013666
packed-full-4-20m-0-0048,40,blocks.3.attention.v_proj.weight,102400,0.006817639591308702,0.018817607914179826,0.9987090025097185,0.021833080567971345
packed-full-4-20m-0-0048,40,blocks.3.attention.out_proj.weight,102400,0.0065509878879241685,2.9223961881999264e-05,0.9987848963932292,0.00855372727852109
packed-full-4-20m-0-0048,40,blocks.3.ffn_norm.weight,320,1.7749373500047594e-05,0.0009493761197032221,0.9999412721457954,0.00028487480786042543
packed-full-4-20m-0-0048,40,blocks.3.ffn.gate_proj.weight,286720,0.017749084360780557,9.578315774623193e-06,0.9991432896371316,0.00593645202646985
packed-full-4-20m-0-0048,40,blocks.3.ffn.up_proj.weight,286720,0.01785871426620462,1.4576192203296214e-05,0.999138809655938,0.006223264770800227
packed-full-4-20m-0-0048,40,blocks.3.ffn.down_proj.weight,286720,0.017515478316275243,0.005170390522422116,0.9987773993069896,0.01983297861176588
packed-full-4-20m-0-0048,40,blocks.4.attention_norm.weight,320,1.7873084664041355e-05,0.0005628616197409591,0.9997564120640199,0.0005971107305201836
packed-full-4-20m-0-0048,40,blocks.4.attention.q_proj.weight,102400,0.005804927165109551,1.3348922329054e-05,0.9990422176832828,0.0014987748461387158
packed-full-4-20m-0-0048,40,blocks.4.attention.k_proj.weight,102400,0.005656675575932616,1.54203491453175e-05,0.9989602247840196,0.002030788252454153
packed-full-4-20m-0-0048,40,blocks.4.attention.v_proj.weight,102400,0.006052267127200816,0.031164292874711785,0.9988236908602758,0.029248329420571147
packed-full-4-20m-0-0048,40,blocks.4.attention.out_proj.weight,102400,0.00614079651305637,2.5290697440470567e-05,0.9987315247616043,0.011427344772264838
packed-full-4-20m-0-0048,40,blocks.4.ffn_norm.weight,320,1.8891011754603993e-05,0.00019111681325569772,0.9999628756372538,0.00026899948222210623
packed-full-4-20m-0-0048,40,blocks.4.ffn.gate_proj.weight,286720,0.01695824766472412,1.1820091118617107e-05,0.9989293874878337,0.010662566029424208
packed-full-4-20m-0-0048,40,blocks.4.ffn.up_proj.weight,286720,0.017215007071554638,1.3162531876111644e-05,0.9988212595852123,0.011282673161007856
packed-full-4-20m-0-0048,40,blocks.4.ffn.down_proj.weight,286720,0.01684768215341485,4.7158261279621004e-05,0.9986171317244144,0.014263197794046676
packed-full-4-20m-0-0048,40,blocks.5.attention_norm.weight,320,1.5809535870858118e-05,0.00027606601634596304,0.9996778129817327,0.00022007035899075693
packed-full-4-20m-0-0048,40,blocks.5.attention.q_proj.weight,102400,0.005826038765534357,2.238429359695016e-05,0.9988690858075554,0.0013334161354353392
packed-full-4-20m-0-0048,40,blocks.5.attention.k_proj.weight,102400,0.005952030198716632,1.3881916605272853e-05,0.9986848966620526,0.001594929307631225
packed-full-4-20m-0-0048,40,blocks.5.attention.v_proj.weight,102400,0.006325370512746657,0.017793284418364166,0.9988731067072826,0.02470037992165517
packed-full-4-20m-0-0048,40,blocks.5.attention.out_proj.weight,102400,0.006363156189372942,3.2553485803088077e-05,0.998721049943511,0.011389722506134221
packed-full-4-20m-0-0048,40,blocks.5.ffn_norm.weight,320,1.7642771724109284e-05,0.00016096006425665341,0.9999189097423623,0.0002846697541063665
packed-full-4-20m-0-0048,40,blocks.5.ffn.gate_proj.weight,286720,0.016595579550728833,1.2949872733210045e-05,0.9983842594638843,0.01160490045447835
packed-full-4-20m-0-0048,40,blocks.5.ffn.up_proj.weight,286720,0.016900214380090272,1.3221472256503933e-05,0.9986175046710963,0.011433027217186236
packed-full-4-20m-0-0048,40,blocks.5.ffn.down_proj.weight,286720,0.01664589422576838,1.2741412557116452e-05,0.9982573898379051,0.013910035812770458
packed-full-4-20m-0-0048,40,blocks.6.attention_norm.weight,320,1.6468717135370312e-05,0.00036001670258079937,0.9997894518704046,0.00027588696777122517
packed-full-4-20m-0-0048,40,blocks.6.attention.q_proj.weight,102400,0.0057913207176427065,2.1527640787766004e-05,0.9989567601972515,0.00293075445209166
packed-full-4-20m-0-0048,40,blocks.6.attention.k_proj.weight,102400,0.005679850869047224,6.730602248100531e-05,0.9986756810073386,0.005396653577821925
packed-full-4-20m-0-0048,40,blocks.6.attention.v_proj.weight,102400,0.005911091207038836,0.014661855112610544,0.9988366228424809,0.0259113016796826
packed-full-4-20m-0-0048,40,blocks.6.attention.out_proj.weight,102400,0.006096943385271213,6.336708558429896e-05,0.9987206556603797,0.015810739973523176
packed-full-4-20m-0-0048,40,blocks.6.ffn_norm.weight,320,1.521926322688904e-05,0.0011374534684028457,0.9999456683286452,0.00032892484258956623
packed-full-4-20m-0-0048,40,blocks.6.ffn.gate_proj.weight,286720,0.01671752555452756,1.820368790318085e-05,0.9967883940200283,0.013984632370742473
packed-full-4-20m-0-0048,40,blocks.6.ffn.up_proj.weight,286720,0.016830830987325456,1.326529884641766e-05,0.9979106721277583,0.01122711077236349
packed-full-4-20m-0-0048,40,blocks.6.ffn.down_proj.weight,286720,0.01660477547823357,0.0001052656213813101,0.998685137427754,0.01438651966942015
packed-full-4-20m-0-0048,40,blocks.7.attention_norm.weight,320,1.4473329829840704e-05,0.0011553937049727206,0.9999564718951478,0.00037302800239386746
packed-full-4-20m-0-0048,40,blocks.7.attention.q_proj.weight,102400,0.0057169563004593514,0.0005265098247349858,0.9989578294561001,0.01524698681420453
packed-full-4-20m-0-0048,40,blocks.7.attention.k_proj.weight,102400,0.005706399849044504,0.0014313668089947316,0.9981500328427358,0.029184170373745617
packed-full-4-20m-0-0048,40,blocks.7.attention.v_proj.weight,102400,0.005780718939845399,0.007385302494661433,0.9988958332574679,0.024471662125496736
packed-full-4-20m-0-0048,40,blocks.7.attention.out_proj.weight,102400,0.005786735307460521,3.637095934357954e-05,0.9986412992168378,0.013516686586774702
packed-full-4-20m-0-0048,40,blocks.7.ffn_norm.weight,320,1.6033883947185048e-05,0.0006827874774404245,0.9999041603912505,0.00021624283389385816
packed-full-4-20m-0-0048,40,blocks.7.ffn.gate_proj.weight,286720,0.016637345013201497,5.9763156528689414e-05,0.9976299886526276,0.02037139056043115
packed-full-4-20m-0-0048,40,blocks.7.ffn.up_proj.weight,286720,0.016505534715687595,5.724888682453355e-05,0.9978946008683228,0.015584753805294267
packed-full-4-20m-0-0048,40,blocks.7.ffn.down_proj.weight,286720,0.016280339387067497,0.00011484806717157665,0.9970732324700923,0.029614372871605645
packed-full-4-20m-0-0048,40,norm.weight,320,1.4716799843496312e-05,0.00013151624997103127,0.999986878322499,0.00016975873759155142
packed-ac-4-20m-0-0048,40,embedding.weight,10240000,0.47085555923747524,0.9654178841514122,0.9981542057224416,0.44873550893425557
packed-ac-4-20m-0-0048,40,blocks.0.attention_norm.weight,320,8.976026170575637e-06,0.0006672768402552598,0.9989023283626639,0.0016853135723353843
packed-ac-4-20m-0-0048,40,blocks.0.attention.q_proj.weight,102400,0.005781270622078738,9.417848518096329e-10,0.9984087451537836,2.4709827284251944e-05
packed-ac-4-20m-0-0048,40,blocks.0.attention.k_proj.weight,102400,0.005302508358462426,2.5771600617773213e-09,0.9981673213083436,4.3457875661031486e-05
packed-ac-4-20m-0-0048,40,blocks.0.attention.v_proj.weight,102400,0.004090527324916077,0.00017554390336844823,0.9977459875682478,0.009496026609179843
packed-ac-4-20m-0-0048,40,blocks.0.attention.out_proj.weight,102400,0.004993686437572561,0.00013466558971567737,0.9980836579285054,0.00912916541056263
packed-ac-4-20m-0-0048,40,blocks.0.ffn_norm.weight,320,1.0296158567396853e-05,0.000451870883943331,0.998749636464574,0.0006663648222195312
packed-ac-4-20m-0-0048,40,blocks.0.ffn.gate_proj.weight,286720,0.014249649806403529,4.046215873278322e-06,0.9981277265403931,0.014086260809263987
packed-ac-4-20m-0-0048,40,blocks.0.ffn.up_proj.weight,286720,0.012493489934054304,2.442087339779369e-05,0.998244466605703,0.019761728980378538
packed-ac-4-20m-0-0048,40,blocks.0.ffn.down_proj.weight,286720,0.011876578111600072,5.8367332536440304e-05,0.9979430406552775,0.03363716788019947
packed-ac-4-20m-0-0048,40,blocks.1.attention_norm.weight,320,1.311369111770564e-05,5.859147024937853e-06,0.999776419066935,4.185522013464095e-05
packed-ac-4-20m-0-0048,40,blocks.1.attention.q_proj.weight,102400,0.005718945583846903,1.742298380630733e-09,0.9949938306138087,3.113003512803814e-05
packed-ac-4-20m-0-0048,40,blocks.1.attention.k_proj.weight,102400,0.005379561065347203,3.4110213135058478e-09,0.9932727835888668,3.999323183650661e-05
packed-ac-4-20m-0-0048,40,blocks.1.attention.v_proj.weight,102400,0.005612831199387886,1.0181465623815957e-05,0.9981064984821394,0.0004708217114171221
packed-ac-4-20m-0-0048,40,blocks.1.attention.out_proj.weight,102400,0.00573419034099661,2.1726938477060374e-07,0.9970239644888936,0.0008913442002247135
packed-ac-4-20m-0-0048,40,blocks.1.ffn_norm.weight,320,1.0754695869799348e-05,8.591017071880947e-06,0.9997791328519777,9.89994213714419e-05
packed-ac-4-20m-0-0048,40,blocks.1.ffn.gate_proj.weight,286720,0.015100869380670179,2.970568580232136e-07,0.9984706547090482,0.0022437609512241338
packed-ac-4-20m-0-0048,40,blocks.1.ffn.up_proj.weight,286720,0.015161597280876038,4.171856441044139e-07,0.9987677194995759,0.0023802159610006976
packed-ac-4-20m-0-0048,40,blocks.1.ffn.down_proj.weight,286720,0.01456064450890886,0.0003638352181638448,0.9985698705901087,0.011791165030973222
packed-ac-4-20m-0-0048,40,blocks.2.attention_norm.weight,320,1.220289071305031e-05,0.00020685076141738543,0.9995409631139162,0.0001650308533046502
packed-ac-4-20m-0-0048,40,blocks.2.attention.q_proj.weight,102400,0.005956583940655749,8.326598110376362e-07,0.9982156016847602,0.00030762658433380663
packed-ac-4-20m-0-0048,40,blocks.2.attention.k_proj.weight,102400,0.005417915093804902,2.601300187635301e-06,0.9990850471267952,0.0003365784714708284
packed-ac-4-20m-0-0048,40,blocks.2.attention.v_proj.weight,102400,0.005036564470666094,0.0011501456062319873,0.9985034069037314,0.0023772104855146916
packed-ac-4-20m-0-0048,40,blocks.2.attention.out_proj.weight,102400,0.005114940806787095,3.3686848909923034e-06,0.9986501307638093,0.0037811279243451516
packed-ac-4-20m-0-0048,40,blocks.2.ffn_norm.weight,320,1.3220327228004412e-05,2.8182070504132286e-05,0.9998188949188035,0.00013202106667917752
packed-ac-4-20m-0-0048,40,blocks.2.ffn.gate_proj.weight,286720,0.016194438301929896,2.1815303366948541e-07,0.9980169329681878,0.0026857123153449006
packed-ac-4-20m-0-0048,40,blocks.2.ffn.up_proj.weight,286720,0.01617317998788983,1.3143817791304665e-06,0.9988242452975657,0.0029676738332500697
packed-ac-4-20m-0-0048,40,blocks.2.ffn.down_proj.weight,286720,0.015911691763368263,1.6858852726265367e-06,0.9968019477114424,0.006655897160287031
packed-ac-4-20m-0-0048,40,blocks.3.attention_norm.weight,320,1.0646033346928383e-05,0.00040303729148409394,0.99930191280174,0.00015965220867488012
packed-ac-4-20m-0-0048,40,blocks.3.attention.q_proj.weight,102400,0.00587148408373265,3.432520060751175e-07,0.998479231123777,0.000543418306111825
packed-ac-4-20m-0-0048,40,blocks.3.attention.k_proj.weight,102400,0.0052628599004067664,6.505138868518636e-07,0.9986310229670576,0.0005309319089913133
packed-ac-4-20m-0-0048,40,blocks.3.attention.v_proj.weight,102400,0.004729609215086711,0.0009426894483834635,0.9984313614765027,0.004069534606463286
packed-ac-4-20m-0-0048,40,blocks.3.attention.out_proj.weight,102400,0.005013399821778043,1.358741837835593e-05,0.998568245212666,0.0063263082284939235
packed-ac-4-20m-0-0048,40,blocks.3.ffn_norm.weight,320,1.2520840360536384e-05,0.00039436082348698646,0.9999631317308952,0.0002306451578456455
packed-ac-4-20m-0-0048,40,blocks.3.ffn.gate_proj.weight,286720,0.016181697412479792,1.0128768840277014e-06,0.9979865233978505,0.005269164997668604
packed-ac-4-20m-0-0048,40,blocks.3.ffn.up_proj.weight,286720,0.016006603459101185,4.228419316305086e-06,0.9986681376717881,0.005765494405386375
packed-ac-4-20m-0-0048,40,blocks.3.ffn.down_proj.weight,286720,0.016219648833119292,3.1304472305425805e-05,0.9986416643946147,0.009030404425310366
packed-ac-4-20m-0-0048,40,blocks.4.attention_norm.weight,320,9.502657005243985e-06,0.00026261055938003267,0.9997270806220414,0.0002173421055659953
packed-ac-4-20m-0-0048,40,blocks.4.attention.q_proj.weight,102400,0.005859619586469015,4.961917357848623e-06,0.9989098707363825,0.0016426959497050967
packed-ac-4-20m-0-0048,40,blocks.4.attention.k_proj.weight,102400,0.005410643434624933,1.3891800174959088e-05,0.9990402764682703,0.0021680381961858095
packed-ac-4-20m-0-0048,40,blocks.4.attention.v_proj.weight,102400,0.0041582272892306035,0.006534127543849469,0.9982975121699721,0.01043328783906287
packed-ac-4-20m-0-0048,40,blocks.4.attention.out_proj.weight,102400,0.004472680205727466,2.341228381603785e-05,0.998757933331634,0.013699559906723259
packed-ac-4-20m-0-0048,40,blocks.4.ffn_norm.weight,320,1.2488304662833135e-05,7.082761322995358e-05,0.9997511848553363,0.00020152237965473727
packed-ac-4-20m-0-0048,40,blocks.4.ffn.gate_proj.weight,286720,0.01581960804488603,3.651017041567468e-06,0.9980248182303296,0.013999716758822157
packed-ac-4-20m-0-0048,40,blocks.4.ffn.up_proj.weight,286720,0.015573208268038792,4.054311982222069e-06,0.9982005416235332,0.013703211213115173
packed-ac-4-20m-0-0048,40,blocks.4.ffn.down_proj.weight,286720,0.016244937717847557,5.307527914367158e-06,0.9974630620153636,0.01857855237353674
packed-ac-4-20m-0-0048,40,blocks.5.attention_norm.weight,320,8.850054108521684e-06,0.00611419674888407,0.9998547566714723,0.00020728798379550126
packed-ac-4-20m-0-0048,40,blocks.5.attention.q_proj.weight,102400,0.006010867715225229,0.00036491631630450143,0.9998707660920484,0.002785475510062711
packed-ac-4-20m-0-0048,40,blocks.5.attention.k_proj.weight,102400,0.005454028617727419,0.0005969801188037328,0.9998976821163549,0.003059546407997134
packed-ac-4-20m-0-0048,40,blocks.5.attention.v_proj.weight,102400,0.004223849485193566,0.0025477812554883807,0.9986348260851972,0.007162037872809005
packed-ac-4-20m-0-0048,40,blocks.5.attention.out_proj.weight,102400,0.004711101129150945,1.2962043400916106e-05,0.9984380058823051,0.009764062612140148
packed-ac-4-20m-0-0048,40,blocks.5.ffn_norm.weight,320,1.2136047899521811e-05,0.0001431705205429952,0.9996248770813456,0.00018664105862864198
packed-ac-4-20m-0-0048,40,blocks.5.ffn.gate_proj.weight,286720,0.015587817810934152,1.012189685621244e-05,0.9980514454182766,0.016092696984748005
packed-ac-4-20m-0-0048,40,blocks.5.ffn.up_proj.weight,286720,0.015216559662696966,7.861464179680354e-06,0.9984410044037212,0.014139963117144697
packed-ac-4-20m-0-0048,40,blocks.5.ffn.down_proj.weight,286720,0.015756014870793714,0.004495260973796536,0.9986288869355112,0.02046564079944185
packed-ac-4-20m-0-0048,40,blocks.6.attention_norm.weight,320,1.0141427368929896e-05,0.00016502867023382984,0.9997252698485249,0.00018829632747800274
packed-ac-4-20m-0-0048,40,blocks.6.attention.q_proj.weight,102400,0.0063338200076744075,9.35126204894543e-06,0.9983552525558889,0.004876877327782362
packed-ac-4-20m-0-0048,40,blocks.6.attention.k_proj.weight,102400,0.005695338857592193,4.8383930601232705e-05,0.9981893051493277,0.006950601506756009
packed-ac-4-20m-0-0048,40,blocks.6.attention.v_proj.weight,102400,0.003987343634660683,0.002950434879896847,0.9981889675130918,0.011073385948738695
packed-ac-4-20m-0-0048,40,blocks.6.attention.out_proj.weight,102400,0.004684311489242606,2.656789128144543e-05,0.9986362923680976,0.01591629384755985
packed-ac-4-20m-0-0048,40,blocks.6.ffn_norm.weight,320,1.121455407890125e-05,0.0003021209186688868,0.9996492264166669,0.00034369052918260644
packed-ac-4-20m-0-0048,40,blocks.6.ffn.gate_proj.weight,286720,0.01567353398407168,7.375578808070299e-06,0.9968904162650593,0.0178407674060011
packed-ac-4-20m-0-0048,40,blocks.6.ffn.up_proj.weight,286720,0.015401961854753364,4.521885558430589e-06,0.9972582527751738,0.013311423234894945
packed-ac-4-20m-0-0048,40,blocks.6.ffn.down_proj.weight,286720,0.015305728002269453,8.245703493324153e-06,0.997622840638079,0.01663499894952744
packed-ac-4-20m-0-0048,40,blocks.7.attention_norm.weight,320,8.776847603492014e-06,0.0007353606985133759,0.9997995144449926,0.0002262099977781866
packed-ac-4-20m-0-0048,40,blocks.7.attention.q_proj.weight,102400,0.00576013192694161,0.00023637291115054097,0.9985375299347158,0.021234733103652058
packed-ac-4-20m-0-0048,40,blocks.7.attention.k_proj.weight,102400,0.005548433532129042,0.0007413799632617638,0.9980433665969657,0.034060032110699086
packed-ac-4-20m-0-0048,40,blocks.7.attention.v_proj.weight,102400,0.0040364994369736186,0.0021670332453798758,0.9983685849536355,0.01398179834966782
packed-ac-4-20m-0-0048,40,blocks.7.attention.out_proj.weight,102400,0.004567473253903177,1.9092238492715874e-05,0.9985225364305551,0.014978925608206425
packed-ac-4-20m-0-0048,40,blocks.7.ffn_norm.weight,320,1.0870349643235845e-05,0.00034835973465036974,0.9997767926619036,0.0001703532776123783
packed-ac-4-20m-0-0048,40,blocks.7.ffn.gate_proj.weight,286720,0.014966684520134178,2.4923658332366233e-05,0.9973641639595868,0.02553878353489376
packed-ac-4-20m-0-0048,40,blocks.7.ffn.up_proj.weight,286720,0.014367899522131623,1.9334203099303975e-05,0.996049946120627,0.017417414923114844
packed-ac-4-20m-0-0048,40,blocks.7.ffn.down_proj.weight,286720,0.01298396339028561,8.967073826278401e-05,0.9962945546108215,0.02998205383150953
packed-ac-4-20m-0-0048,40,norm.weight,320,9.475559542644886e-06,0.00037044913346342306,0.9996208207730009,0.00017665769167799598
packed-ac-full-scale-4-20m-0-0048-t7,40,embedding.weight,10240000,0.473210392202685,0.19231086337411982,0.9704553707709135,0.4741778176524581
packed-ac-full-scale-4-20m-0-0048-t7,40,blocks.0.attention_norm.weight,320,1.7821809229084876e-05,0.00048568083254111726,0.9981915567498505,1.2584621336645505e-07
packed-ac-full-scale-4-20m-0-0048-t7,40,blocks.0.attention.q_proj.weight,102400,0.0014520722409757094,9.314442844606644e-10,0.9959542262793478,4.12010219995011e-10
packed-ac-full-scale-4-20m-0-0048-t7,40,blocks.0.attention.k_proj.weight,102400,0.001269478339452755,3.349195439627016e-09,0.9958278260835622,7.092722459862989e-10
packed-ac-full-scale-4-20m-0-0048-t7,40,blocks.0.attention.v_proj.weight,102400,0.0024419231409609442,0.00031130489159576373,0.9659194418190286,4.797097214013956e-07
packed-ac-full-scale-4-20m-0-0048-t7,40,blocks.0.attention.out_proj.weight,102400,0.0028311072633304883,0.000623543058642998,0.9975114921229821,4.942501746366421e-07
packed-ac-full-scale-4-20m-0-0048-t7,40,blocks.0.ffn_norm.weight,320,1.5737482590071812e-05,0.0004918471114308816,0.997804024396653,7.79306099609434e-08
packed-ac-full-scale-4-20m-0-0048-t7,40,blocks.0.ffn.gate_proj.weight,286720,0.008652205648581103,9.166481569180236e-05,0.9492538636145548,4.157316870280854e-07
packed-ac-full-scale-4-20m-0-0048-t7,40,blocks.0.ffn.up_proj.weight,286720,0.008909839958717239,8.357443860026157e-05,0.9551235153124996,7.891026612634362e-07
packed-ac-full-scale-4-20m-0-0048-t7,40,blocks.0.ffn.down_proj.weight,286720,0.009569518723293593,0.00022517707798011237,0.9884512978636955,1.5328991689795474e-06
packed-ac-full-scale-4-20m-0-0048-t7,40,blocks.1.attention_norm.weight,320,8.980854525117154e-06,3.587128664092028e-05,0.9985015865779411,5.524488165796951e-09
packed-ac-full-scale-4-20m-0-0048-t7,40,blocks.1.attention.q_proj.weight,102400,0.0016959862854911288,2.414983776292126e-08,0.9804213528589653,1.3110917598468749e-09
packed-ac-full-scale-4-20m-0-0048-t7,40,blocks.1.attention.k_proj.weight,102400,0.0015916208920683523,8.740096789371728e-08,0.9952055392138273,1.4385921837590852e-09
packed-ac-full-scale-4-20m-0-0048-t7,40,blocks.1.attention.v_proj.weight,102400,0.0024171488777440793,0.0004967725342589934,0.9983340224823481,1.1232793275860271e-07
packed-ac-full-scale-4-20m-0-0048-t7,40,blocks.1.attention.out_proj.weight,102400,0.002839601838354775,1.3214252046695415e-06,0.9959043927288739,5.080300681723372e-08
packed-ac-full-scale-4-20m-0-0048-t7,40,blocks.1.ffn_norm.weight,320,1.135682944035369e-05,4.24801096667318e-05,0.9968750897761421,1.1476003780641266e-08
packed-ac-full-scale-4-20m-0-0048-t7,40,blocks.1.ffn.gate_proj.weight,286720,0.007432620245054767,5.83845706548149e-07,0.9847842692312351,6.628948031380577e-08
packed-ac-full-scale-4-20m-0-0048-t7,40,blocks.1.ffn.up_proj.weight,286720,0.007533752027543799,8.16820771115386e-07,0.9844329411705975,7.208471068782046e-08
packed-ac-full-scale-4-20m-0-0048-t7,40,blocks.1.ffn.down_proj.weight,286720,0.008438337563418344,0.0001290742120340412,0.9586842712374991,4.837483157442353e-07
packed-ac-full-scale-4-20m-0-0048-t7,40,blocks.2.attention_norm.weight,320,1.1488163138310787e-05,0.0006182657190137027,0.9996310342751373,2.8114807058736238e-08
packed-ac-full-scale-4-20m-0-0048-t7,40,blocks.2.attention.q_proj.weight,102400,0.0022707452821161653,8.866058747043157e-06,0.9987154580251841,2.5386249702620857e-08
packed-ac-full-scale-4-20m-0-0048-t7,40,blocks.2.attention.k_proj.weight,102400,0.0021141524699349796,4.715456435763523e-05,0.9991123115239927,4.272953405287391e-08
packed-ac-full-scale-4-20m-0-0048-t7,40,blocks.2.attention.v_proj.weight,102400,0.0026974190572270937,0.00974168936311743,0.9981079969117417,5.789597438769321e-07
packed-ac-full-scale-4-20m-0-0048-t7,40,blocks.2.attention.out_proj.weight,102400,0.003047432674490501,5.4395214309746195e-05,0.9974503779692254,2.2603398475548758e-07
packed-ac-full-scale-4-20m-0-0048-t7,40,blocks.2.ffn_norm.weight,320,1.2899518803458665e-05,0.00013105401634276104,0.9998238171329655,1.4111075510722554e-08
packed-ac-full-scale-4-20m-0-0048-t7,40,blocks.2.ffn.gate_proj.weight,286720,0.007728433551415604,1.302588822223163e-06,0.9976627406590116,9.470997852428594e-08
packed-ac-full-scale-4-20m-0-0048-t7,40,blocks.2.ffn.up_proj.weight,286720,0.007864931167989312,1.2602376651056057e-05,0.9990939602822984,1.2091713782303546e-07
packed-ac-full-scale-4-20m-0-0048-t7,40,blocks.2.ffn.down_proj.weight,286720,0.008467201814266172,1.1603728651062319e-05,0.9861934860777986,2.498853077610051e-07
packed-ac-full-scale-4-20m-0-0048-t7,40,blocks.3.attention_norm.weight,320,1.2196164939636954e-05,0.0007694801288889051,0.9996210453137695,1.7515642381043818e-08
packed-ac-full-scale-4-20m-0-0048-t7,40,blocks.3.attention.q_proj.weight,102400,0.0023727347723113035,2.169074959355313e-06,0.9983111165501022,2.253910078633742e-08
packed-ac-full-scale-4-20m-0-0048-t7,40,blocks.3.attention.k_proj.weight,102400,0.002347345857051634,2.0452679146014573e-06,0.9980966981169229,3.4167110756543206e-08
packed-ac-full-scale-4-20m-0-0048-t7,40,blocks.3.attention.v_proj.weight,102400,0.003141068443757395,0.01648389751001023,0.9985132121977974,8.331952935363266e-07
packed-ac-full-scale-4-20m-0-0048-t7,40,blocks.3.attention.out_proj.weight,102400,0.0034588419969382965,2.6783116830241252e-05,0.9948234848671658,3.723584733401736e-07
packed-ac-full-scale-4-20m-0-0048-t7,40,blocks.3.ffn_norm.weight,320,1.3588888867727917e-05,0.0008222604288820345,0.9995655727536445,1.9953181175155817e-08
packed-ac-full-scale-4-20m-0-0048-t7,40,blocks.3.ffn.gate_proj.weight,286720,0.008471800836235345,6.477491751406854e-06,0.9981089311175054,2.2782680421977953e-07
packed-ac-full-scale-4-20m-0-0048-t7,40,blocks.3.ffn.up_proj.weight,286720,0.00851334400043047,1.7408097922234947e-05,0.997512979170705,2.5276252135305014e-07
packed-ac-full-scale-4-20m-0-0048-t7,40,blocks.3.ffn.down_proj.weight,286720,0.008867696647646668,0.010425279123665579,0.998388362967999,1.501946252138493e-06
packed-ac-full-scale-4-20m-0-0048-t7,40,blocks.4.attention_norm.weight,320,1.1174837493517207e-05,0.00047810602571796227,0.9995986838087002,1.1383046512929223e-08
packed-ac-full-scale-4-20m-0-0048-t7,40,blocks.4.attention.q_proj.weight,102400,0.0024818723690439516,1.3736665373252203e-05,0.9988318695957314,5.6936095053000805e-08
packed-ac-full-scale-4-20m-0-0048-t7,40,blocks.4.attention.k_proj.weight,102400,0.002477693589826876,1.8332978355328606e-05,0.9987073024044006,8.309149024114717e-08
packed-ac-full-scale-4-20m-0-0048-t7,40,blocks.4.attention.v_proj.weight,102400,0.0032218133772071137,0.024151376225662994,0.9984887301986914,1.3516365001071484e-06
packed-ac-full-scale-4-20m-0-0048-t7,40,blocks.4.attention.out_proj.weight,102400,0.003519767075591383,3.632987397858462e-05,0.9875295935580076,5.256951622339686e-07
packed-ac-full-scale-4-20m-0-0048-t7,40,blocks.4.ffn_norm.weight,320,1.1806900587242537e-05,0.00012268050925806222,0.9995658612995989,1.2323258550631198e-08
packed-ac-full-scale-4-20m-0-0048-t7,40,blocks.4.ffn.gate_proj.weight,286720,0.008873184179963963,9.91386824219912e-06,0.9981007713194932,4.1878690762904776e-07
packed-ac-full-scale-4-20m-0-0048-t7,40,blocks.4.ffn.up_proj.weight,286720,0.00892560291899983,1.702807117968996e-05,0.9984616758385273,4.4040704888965866e-07
packed-ac-full-scale-4-20m-0-0048-t7,40,blocks.4.ffn.down_proj.weight,286720,0.009134755404004827,0.0017314777956501234,0.9787687262543393,6.453487134029486e-07
packed-ac-full-scale-4-20m-0-0048-t7,40,blocks.5.attention_norm.weight,320,1.17471572772678e-05,0.00036157181433184093,0.9996997066146943,3.8255543093655234e-08
packed-ac-full-scale-4-20m-0-0048-t7,40,blocks.5.attention.q_proj.weight,102400,0.0024948990883093803,2.8584714674268254e-05,0.9989587632481282,6.013139568679758e-08
packed-ac-full-scale-4-20m-0-0048-t7,40,blocks.5.attention.k_proj.weight,102400,0.0024707385160133363,2.7930882585011567e-05,0.998717759654817,9.320188821527973e-08
packed-ac-full-scale-4-20m-0-0048-t7,40,blocks.5.attention.v_proj.weight,102400,0.0031571431676911833,0.016246069487696385,0.9972635685295876,1.1619742463608352e-06
packed-ac-full-scale-4-20m-0-0048-t7,40,blocks.5.attention.out_proj.weight,102400,0.0035704950242250208,9.116871607945314e-05,0.9767703925278844,7.14416705647716e-07
packed-ac-full-scale-4-20m-0-0048-t7,40,blocks.5.ffn_norm.weight,320,1.2292659772452734e-05,0.0012136937158768793,0.9994612277137898,4.261692980487895e-08
packed-ac-full-scale-4-20m-0-0048-t7,40,blocks.5.ffn.gate_proj.weight,286720,0.008740758505643771,2.2561455805727234e-05,0.9918439741296092,5.084951642255718e-07
packed-ac-full-scale-4-20m-0-0048-t7,40,blocks.5.ffn.up_proj.weight,286720,0.008698781951613013,1.3535167588277562e-05,0.989453152541059,4.2560087259365367e-07
packed-ac-full-scale-4-20m-0-0048-t7,40,blocks.5.ffn.down_proj.weight,286720,0.009008052156090858,4.748721013913978e-05,0.9651176094531474,5.297706745813357e-07
packed-ac-full-scale-4-20m-0-0048-t7,40,blocks.6.attention_norm.weight,320,1.189382510013661e-05,0.0030911594999186416,0.9994246641468217,4.164688834283467e-08
packed-ac-full-scale-4-20m-0-0048-t7,40,blocks.6.attention.q_proj.weight,102400,0.003143684720249962,0.00016860364676446108,0.9989764667801005,3.7734761771763317e-07
packed-ac-full-scale-4-20m-0-0048-t7,40,blocks.6.attention.k_proj.weight,102400,0.003195048460101933,0.0014438798990637255,0.9987985883094167,8.733555173422615e-07
packed-ac-full-scale-4-20m-0-0048-t7,40,blocks.6.attention.v_proj.weight,102400,0.0032539455176647776,0.02524405720978646,0.99772844908602,1.542852642277476e-06
packed-ac-full-scale-4-20m-0-0048-t7,40,blocks.6.attention.out_proj.weight,102400,0.0035612784756185118,3.3545806005970427e-05,0.9348974697220592,5.057114025974903e-07
packed-ac-full-scale-4-20m-0-0048-t7,40,blocks.6.ffn_norm.weight,320,1.3452463361416574e-05,9.483731748106006e-05,0.9997533971126061,3.274792578558915e-08
packed-ac-full-scale-4-20m-0-0048-t7,40,blocks.6.ffn.gate_proj.weight,286720,0.009000728402230861,1.590586741288672e-05,0.9971797205268227,5.323088102558811e-07
packed-ac-full-scale-4-20m-0-0048-t7,40,blocks.6.ffn.up_proj.weight,286720,0.00868532778252756,1.529653372248674e-05,0.9959449196772293,4.3102727919107427e-07
packed-ac-full-scale-4-20m-0-0048-t7,40,blocks.6.ffn.down_proj.weight,286720,0.00880114941210437,3.3205576864613686e-05,0.893061500076579,5.641248754442353e-07
packed-ac-full-scale-4-20m-0-0048-t7,40,blocks.7.attention_norm.weight,320,1.2893019025099826e-05,0.00042963574917756676,0.9996073736763332,2.010538364028667e-08
packed-ac-full-scale-4-20m-0-0048-t7,40,blocks.7.attention.q_proj.weight,102400,0.003367412913390484,0.00019107933921543146,0.9983365139734407,6.346138232660312e-07
packed-ac-full-scale-4-20m-0-0048-t7,40,blocks.7.attention.k_proj.weight,102400,0.003354155756258574,0.0008162094980129791,0.9979789317564328,1.280422522004372e-06
packed-ac-full-scale-4-20m-0-0048-t7,40,blocks.7.attention.v_proj.weight,102400,0.0034891114168148305,0.004354349516567272,0.9973066461534316,1.1741742843289002e-06
packed-ac-full-scale-4-20m-0-0048-t7,40,blocks.7.attention.out_proj.weight,102400,0.003602415658359758,0.000578796885292165,0.9007434690062958,9.792500465070773e-07
packed-ac-full-scale-4-20m-0-0048-t7,40,blocks.7.ffn_norm.weight,320,0.00011971499031126676,0.02666036422114138,0.9170646634644525,0.00012895038175478557
packed-ac-full-scale-4-20m-0-0048-t7,40,blocks.7.ffn.gate_proj.weight,286720,0.00954632049069118,0.030077452460636082,0.9845733878427753,3.071827443446302e-05
packed-ac-full-scale-4-20m-0-0048-t7,40,blocks.7.ffn.up_proj.weight,286720,0.23871410420117292,0.5268175237541753,0.9820923998592147,0.5255972480922019
packed-ac-full-scale-4-20m-0-0048-t7,40,blocks.7.ffn.down_proj.weight,286720,0.009525292038478263,0.09567212429110505,0.9431123526562292,2.9624510323522443e-05
packed-ac-full-scale-4-20m-0-0048-t7,40,norm.weight,320,2.666804616614221e-05,0.005116962212292612,0.9243560568576555,1.0146620825781675e-05
