id,method,horizon,steady,training,elapsed,validationSeconds,sessionSeconds,peakGiB,jobId,measurementDate,artifacts
awc4-cosine-h20--0.005--0.9--0.99--s42,awc4,20,1602245.3273197087,1441487.0262608596,1333517.719076433,101.67462774200249,407.7602407929953,40.78472375869751,2552445,2026-09-16,"{""metrics.jsonl"":""logs/cosine/awc4/h20/lr-0.005-b1-0.9-b2-0.99/s42/metrics.jsonl"",""result.json"":""logs/cosine/awc4/h20/lr-0.005-b1-0.9-b2-0.99/s42/result.json"",""resolved.yaml"":""logs/cosine/awc4/h20/lr-0.005-b1-0.9-b2-0.99/s42/resolved.yaml"",""receipt.json"":""logs/cosine/awc4/h20/lr-0.005-b1-0.9-b2-0.99/s42/receipt.json"",""request.json"":""logs/cosine/awc4/h20/lr-0.005-b1-0.9-b2-0.99/s42/request.json"",""environment.json"":""shared/environment-9b2bc3094912a784951b4748b4f8bfc5b416f07d64f4cbedb6ca8b6251f5e56d.json""}"
awc4-cosine-h20--0.005--0.9--0.99--s43,awc4,20,1583409.5664222154,1338169.2602833372,1242535.671306993,100.88923460600199,430.46506888000295,40.78472375869751,2552446,2026-09-16,"{""metrics.jsonl"":""logs/cosine/awc4/h20/lr-0.005-b1-0.9-b2-0.99/s43/metrics.jsonl"",""result.json"":""logs/cosine/awc4/h20/lr-0.005-b1-0.9-b2-0.99/s43/result.json"",""resolved.yaml"":""logs/cosine/awc4/h20/lr-0.005-b1-0.9-b2-0.99/s43/resolved.yaml"",""receipt.json"":""logs/cosine/awc4/h20/lr-0.005-b1-0.9-b2-0.99/s43/receipt.json"",""request.json"":""logs/cosine/awc4/h20/lr-0.005-b1-0.9-b2-0.99/s43/request.json"",""environment.json"":""shared/environment-8926d02f2d3035aa06f8b9d0c9fcec30e011b39df9f3478f35ff2d84d051f981.json""}"
awc4-cosine-h20--0.005--0.9--0.99--s44,awc4,20,1569809.509319542,1328515.4857578715,1234765.1144244426,101.49338306598656,433.1388647010026,40.78472375869751,2552447,2026-09-16,"{""metrics.jsonl"":""logs/cosine/awc4/h20/lr-0.005-b1-0.9-b2-0.99/s44/metrics.jsonl"",""result.json"":""logs/cosine/awc4/h20/lr-0.005-b1-0.9-b2-0.99/s44/result.json"",""resolved.yaml"":""logs/cosine/awc4/h20/lr-0.005-b1-0.9-b2-0.99/s44/resolved.yaml"",""receipt.json"":""logs/cosine/awc4/h20/lr-0.005-b1-0.9-b2-0.99/s44/receipt.json"",""request.json"":""logs/cosine/awc4/h20/lr-0.005-b1-0.9-b2-0.99/s44/request.json"",""environment.json"":""shared/environment-c5d4d15bcb8d88ed435840300241da261eaa66cfb8faf607689281833410fae0.json""}"
awc4-cosine-h20--0.005--0.9--0.999--s42,awc4,20,1602085.5922475534,1405238.661989805,1302316.1371452562,101.23346797800332,414.6378812299954,40.78472375869751,2552462,2026-09-16,"{""metrics.jsonl"":""logs/cosine/awc4/h20/lr-0.005-b1-0.9-b2-0.999/s42/metrics.jsonl"",""result.json"":""logs/cosine/awc4/h20/lr-0.005-b1-0.9-b2-0.999/s42/result.json"",""resolved.yaml"":""logs/cosine/awc4/h20/lr-0.005-b1-0.9-b2-0.999/s42/resolved.yaml"",""receipt.json"":""logs/cosine/awc4/h20/lr-0.005-b1-0.9-b2-0.999/s42/receipt.json"",""request.json"":""logs/cosine/awc4/h20/lr-0.005-b1-0.9-b2-0.999/s42/request.json"",""environment.json"":""shared/environment-a50ad5c814df3ebf10346b44c0bfacadc1e07a42f5a3426aacce41a8226cedee.json""}"
awc4-cosine-h20--0.005--0.9--0.999--s43,awc4,20,1569445.9185292474,1341948.9501441699,1245962.9741840845,102.62388402500073,430.7058315780014,40.78472375869751,2552463,2026-09-16,"{""metrics.jsonl"":""logs/cosine/awc4/h20/lr-0.005-b1-0.9-b2-0.999/s43/metrics.jsonl"",""result.json"":""logs/cosine/awc4/h20/lr-0.005-b1-0.9-b2-0.999/s43/result.json"",""resolved.yaml"":""logs/cosine/awc4/h20/lr-0.005-b1-0.9-b2-0.999/s43/resolved.yaml"",""receipt.json"":""logs/cosine/awc4/h20/lr-0.005-b1-0.9-b2-0.999/s43/receipt.json"",""request.json"":""logs/cosine/awc4/h20/lr-0.005-b1-0.9-b2-0.999/s43/request.json"",""environment.json"":""shared/environment-0b5498d79d21990900410d05ad040838ddd2bb5278417168f5854672a80a081a.json""}"
awc4-cosine-h20--0.005--0.9--0.999--s44,awc4,20,1597202.2852119477,1494879.5885095666,1380207.0977639058,101.51484008900297,397.2480211869988,40.78472375869751,2552464,2026-09-16,"{""metrics.jsonl"":""logs/cosine/awc4/h20/lr-0.005-b1-0.9-b2-0.999/s44/metrics.jsonl"",""result.json"":""logs/cosine/awc4/h20/lr-0.005-b1-0.9-b2-0.999/s44/result.json"",""resolved.yaml"":""logs/cosine/awc4/h20/lr-0.005-b1-0.9-b2-0.999/s44/resolved.yaml"",""receipt.json"":""logs/cosine/awc4/h20/lr-0.005-b1-0.9-b2-0.999/s44/receipt.json"",""request.json"":""logs/cosine/awc4/h20/lr-0.005-b1-0.9-b2-0.999/s44/request.json"",""environment.json"":""shared/environment-497f0d365cdbf26ae909fb7fe1e4e9c4c74e220954ab6d398b3862b107ddedbc.json""}"
awc4-cosine-h20--0.005--0.95--0.99--s42,awc4,20,1568824.944023861,1462354.5080603613,1341788.394118057,102.52516826699139,406.67403748299694,40.78472375869751,2552477,2026-09-16,"{""metrics.jsonl"":""logs/cosine/awc4/h20/lr-0.005-b1-0.95-b2-0.99/s42/metrics.jsonl"",""result.json"":""logs/cosine/awc4/h20/lr-0.005-b1-0.95-b2-0.99/s42/result.json"",""resolved.yaml"":""logs/cosine/awc4/h20/lr-0.005-b1-0.95-b2-0.99/s42/resolved.yaml"",""receipt.json"":""logs/cosine/awc4/h20/lr-0.005-b1-0.95-b2-0.99/s42/receipt.json"",""request.json"":""logs/cosine/awc4/h20/lr-0.005-b1-0.95-b2-0.99/s42/request.json"",""environment.json"":""shared/environment-bfffc3505c89b65ef7d689aecef96977fb98a0c05b56a5a942658a794743f3ec.json""}"
awc4-cosine-h20--0.005--0.95--0.99--s43,awc4,20,1581885.1630042284,1485627.2934076583,1372285.8935536537,102.95107162398926,400.3451739220036,40.78472375869751,2552478,2026-09-16,"{""metrics.jsonl"":""logs/cosine/awc4/h20/lr-0.005-b1-0.95-b2-0.99/s43/metrics.jsonl"",""result.json"":""logs/cosine/awc4/h20/lr-0.005-b1-0.95-b2-0.99/s43/result.json"",""resolved.yaml"":""logs/cosine/awc4/h20/lr-0.005-b1-0.95-b2-0.99/s43/resolved.yaml"",""receipt.json"":""logs/cosine/awc4/h20/lr-0.005-b1-0.95-b2-0.99/s43/receipt.json"",""request.json"":""logs/cosine/awc4/h20/lr-0.005-b1-0.95-b2-0.99/s43/request.json"",""environment.json"":""shared/environment-00704cad58e4cbc20756c69886be95f5f1fc121c3357de2062f774a33f6aff8f.json""}"
awc4-cosine-h20--0.005--0.95--0.99--s44,awc4,20,1595497.3733305484,1495457.1881738089,1379627.416614354,102.48166453799058,398.2921775380091,40.78472375869751,2552479,2026-09-16,"{""metrics.jsonl"":""logs/cosine/awc4/h20/lr-0.005-b1-0.95-b2-0.99/s44/metrics.jsonl"",""result.json"":""logs/cosine/awc4/h20/lr-0.005-b1-0.95-b2-0.99/s44/result.json"",""resolved.yaml"":""logs/cosine/awc4/h20/lr-0.005-b1-0.95-b2-0.99/s44/resolved.yaml"",""receipt.json"":""logs/cosine/awc4/h20/lr-0.005-b1-0.95-b2-0.99/s44/receipt.json"",""request.json"":""logs/cosine/awc4/h20/lr-0.005-b1-0.95-b2-0.99/s44/request.json"",""environment.json"":""shared/environment-310c14d12b7c775646a7732fb2129c794adecc7d274bd1f1cb10bbe4ad2b29bd.json""}"
awc4-cosine-h20--0.005--0.95--0.999--s42,awc4,20,1621781.9452178027,1519729.580116874,1402085.7034121586,100.17973446199903,391.24557408399414,40.78472375869751,2552493,2026-09-16,"{""metrics.jsonl"":""logs/cosine/awc4/h20/lr-0.005-b1-0.95-b2-0.999/s42/metrics.jsonl"",""result.json"":""logs/cosine/awc4/h20/lr-0.005-b1-0.95-b2-0.999/s42/result.json"",""resolved.yaml"":""logs/cosine/awc4/h20/lr-0.005-b1-0.95-b2-0.999/s42/resolved.yaml"",""receipt.json"":""logs/cosine/awc4/h20/lr-0.005-b1-0.95-b2-0.999/s42/receipt.json"",""request.json"":""logs/cosine/awc4/h20/lr-0.005-b1-0.95-b2-0.999/s42/request.json"",""environment.json"":""shared/environment-d7ab6ac47869607efd75861570f17b3ff722683ca065d4ecea73794e32572aa2.json""}"
awc4-cosine-h20--0.005--0.95--0.999--s43,awc4,20,1627417.5127648322,1523576.5223407648,1389843.966426915,98.91912503699132,392.5801558520034,40.78472375869751,2552494,2026-09-16,"{""metrics.jsonl"":""logs/cosine/awc4/h20/lr-0.005-b1-0.95-b2-0.999/s43/metrics.jsonl"",""result.json"":""logs/cosine/awc4/h20/lr-0.005-b1-0.95-b2-0.999/s43/result.json"",""resolved.yaml"":""logs/cosine/awc4/h20/lr-0.005-b1-0.95-b2-0.999/s43/resolved.yaml"",""receipt.json"":""logs/cosine/awc4/h20/lr-0.005-b1-0.95-b2-0.999/s43/receipt.json"",""request.json"":""logs/cosine/awc4/h20/lr-0.005-b1-0.95-b2-0.999/s43/request.json"",""environment.json"":""shared/environment-7d3c9ccd1be0923436bae4e32ae0d4bc0aa0da7525f86423b275e423b61f9979.json""}"
awc4-cosine-h20--0.005--0.95--0.999--s44,awc4,20,1582158.8912753337,1467195.2290683745,1354984.25330805,101.93520889000501,403.29282899800455,40.78472375869751,2552495,2026-09-16,"{""metrics.jsonl"":""logs/cosine/awc4/h20/lr-0.005-b1-0.95-b2-0.999/s44/metrics.jsonl"",""result.json"":""logs/cosine/awc4/h20/lr-0.005-b1-0.95-b2-0.999/s44/result.json"",""resolved.yaml"":""logs/cosine/awc4/h20/lr-0.005-b1-0.95-b2-0.999/s44/resolved.yaml"",""receipt.json"":""logs/cosine/awc4/h20/lr-0.005-b1-0.95-b2-0.999/s44/receipt.json"",""request.json"":""logs/cosine/awc4/h20/lr-0.005-b1-0.95-b2-0.999/s44/request.json"",""environment.json"":""shared/environment-6793a96f4d2fad0d929ca3abc91f85036650733e7c6a5d85523fd34041c2f707.json""}"
awc4-cosine-h20--0.005--0.974--0.99--s42,awc4,20,1585750.9894847078,1487150.0964606984,1373060.3220203326,101.3968555790052,398.63469000100304,40.78472375869751,2553312,2026-09-16,"{""metrics.jsonl"":""logs/cosine/awc4/h20/lr-0.005-b1-0.974-b2-0.99/s42/metrics.jsonl"",""result.json"":""logs/cosine/awc4/h20/lr-0.005-b1-0.974-b2-0.99/s42/result.json"",""resolved.yaml"":""logs/cosine/awc4/h20/lr-0.005-b1-0.974-b2-0.99/s42/resolved.yaml"",""receipt.json"":""logs/cosine/awc4/h20/lr-0.005-b1-0.974-b2-0.99/s42/receipt.json"",""request.json"":""logs/cosine/awc4/h20/lr-0.005-b1-0.974-b2-0.99/s42/request.json"",""environment.json"":""shared/environment-34fc251122ed0d15d1f7a3f6505ec900a8289b8fe4a0b83fd23d020d1a897f4b.json""}"
awc4-cosine-h20--0.005--0.974--0.99--s43,awc4,20,1583480.0834177602,1479630.1063177802,1333280.0893452219,101.51389495500189,407.59970537299523,40.78472375869751,2553434,2026-09-16,"{""metrics.jsonl"":""logs/cosine/awc4/h20/lr-0.005-b1-0.974-b2-0.99/s43/metrics.jsonl"",""result.json"":""logs/cosine/awc4/h20/lr-0.005-b1-0.974-b2-0.99/s43/result.json"",""resolved.yaml"":""logs/cosine/awc4/h20/lr-0.005-b1-0.974-b2-0.99/s43/resolved.yaml"",""receipt.json"":""logs/cosine/awc4/h20/lr-0.005-b1-0.974-b2-0.99/s43/receipt.json"",""request.json"":""logs/cosine/awc4/h20/lr-0.005-b1-0.974-b2-0.99/s43/request.json"",""environment.json"":""shared/environment-c5e13dfb560a605405cf338f5426722b00fa41062f4589741d6d89900b45e242.json""}"
awc4-cosine-h20--0.005--0.974--0.99--s44,awc4,20,1573079.2467212884,1468554.948780415,1357288.2710405223,102.536554263992,403.2119718220056,40.78472375869751,2553435,2026-09-16,"{""metrics.jsonl"":""logs/cosine/awc4/h20/lr-0.005-b1-0.974-b2-0.99/s44/metrics.jsonl"",""result.json"":""logs/cosine/awc4/h20/lr-0.005-b1-0.974-b2-0.99/s44/result.json"",""resolved.yaml"":""logs/cosine/awc4/h20/lr-0.005-b1-0.974-b2-0.99/s44/resolved.yaml"",""receipt.json"":""logs/cosine/awc4/h20/lr-0.005-b1-0.974-b2-0.99/s44/receipt.json"",""request.json"":""logs/cosine/awc4/h20/lr-0.005-b1-0.974-b2-0.99/s44/request.json"",""environment.json"":""shared/environment-149f4def1f17705750c7a113b60fa4bb67e9bb0cf284b8ececf54af637ea8434.json""}"
awc4-cosine-h20--0.005--0.974--0.999--s42,awc4,20,1566356.999368074,1471878.3215264243,1344899.8803124574,103.53549351800757,406.9694854390109,40.78472375869751,2553975,2026-09-16,"{""metrics.jsonl"":""logs/cosine/awc4/h20/lr-0.005-b1-0.974-b2-0.999/s42/metrics.jsonl"",""result.json"":""logs/cosine/awc4/h20/lr-0.005-b1-0.974-b2-0.999/s42/result.json"",""resolved.yaml"":""logs/cosine/awc4/h20/lr-0.005-b1-0.974-b2-0.999/s42/resolved.yaml"",""receipt.json"":""logs/cosine/awc4/h20/lr-0.005-b1-0.974-b2-0.999/s42/receipt.json"",""request.json"":""logs/cosine/awc4/h20/lr-0.005-b1-0.974-b2-0.999/s42/request.json"",""environment.json"":""shared/environment-e0e21d15ea8c569eec34eb45200da83f73c88dfdd291bc6d8fe6d8c4f0dbd8b4.json""}"
awc4-cosine-h20--0.005--0.974--0.999--s43,awc4,20,1618459.990456179,1515940.5991049178,1399352.0509905478,100.39167864598858,392.02514083401184,40.78472375869751,2553976,2026-09-16,"{""metrics.jsonl"":""logs/cosine/awc4/h20/lr-0.005-b1-0.974-b2-0.999/s43/metrics.jsonl"",""result.json"":""logs/cosine/awc4/h20/lr-0.005-b1-0.974-b2-0.999/s43/result.json"",""resolved.yaml"":""logs/cosine/awc4/h20/lr-0.005-b1-0.974-b2-0.999/s43/resolved.yaml"",""receipt.json"":""logs/cosine/awc4/h20/lr-0.005-b1-0.974-b2-0.999/s43/receipt.json"",""request.json"":""logs/cosine/awc4/h20/lr-0.005-b1-0.974-b2-0.999/s43/request.json"",""environment.json"":""shared/environment-5a8df0c06fe1eeaaf3a04cb929e4a01668197ceba69fd221b6a829534f529195.json""}"
awc4-cosine-h20--0.005--0.974--0.999--s44,awc4,20,1627193.3825397515,1523935.522642085,1406607.819201181,98.93893591799133,389.09246944899496,40.78472375869751,2554082,2026-09-16,"{""metrics.jsonl"":""logs/cosine/awc4/h20/lr-0.005-b1-0.974-b2-0.999/s44/metrics.jsonl"",""result.json"":""logs/cosine/awc4/h20/lr-0.005-b1-0.974-b2-0.999/s44/result.json"",""resolved.yaml"":""logs/cosine/awc4/h20/lr-0.005-b1-0.974-b2-0.999/s44/resolved.yaml"",""receipt.json"":""logs/cosine/awc4/h20/lr-0.005-b1-0.974-b2-0.999/s44/receipt.json"",""request.json"":""logs/cosine/awc4/h20/lr-0.005-b1-0.974-b2-0.999/s44/request.json"",""environment.json"":""shared/environment-a8378a63641b5e34c5fedf49853aca1cb2b1386297197b89a77f5d9a2b404f8f.json""}"
awc4-cosine-h20--0.006--0.9--0.99--s42,awc4,20,1613033.678854829,1327537.0848618452,1233239.2704152323,99.8347464920007,431.246482732,40.78472375869751,2552448,2026-09-16,"{""metrics.jsonl"":""logs/cosine/awc4/h20/lr-0.006-b1-0.9-b2-0.99/s42/metrics.jsonl"",""result.json"":""logs/cosine/awc4/h20/lr-0.006-b1-0.9-b2-0.99/s42/result.json"",""resolved.yaml"":""logs/cosine/awc4/h20/lr-0.006-b1-0.9-b2-0.99/s42/resolved.yaml"",""receipt.json"":""logs/cosine/awc4/h20/lr-0.006-b1-0.9-b2-0.99/s42/receipt.json"",""request.json"":""logs/cosine/awc4/h20/lr-0.006-b1-0.9-b2-0.99/s42/request.json"",""environment.json"":""shared/environment-df250c89e7d6347e1b9175c08d6978720d09e6aa20d143ecef6d63e048ab542f.json""}"
awc4-cosine-h20--0.006--0.9--0.99--s43,awc4,20,1574662.0396718897,1302083.3466624212,1209730.1972456418,102.12728655899991,439.9318864460074,40.78472375869751,2552450,2026-09-16,"{""metrics.jsonl"":""logs/cosine/awc4/h20/lr-0.006-b1-0.9-b2-0.99/s43/metrics.jsonl"",""result.json"":""logs/cosine/awc4/h20/lr-0.006-b1-0.9-b2-0.99/s43/result.json"",""resolved.yaml"":""logs/cosine/awc4/h20/lr-0.006-b1-0.9-b2-0.99/s43/resolved.yaml"",""receipt.json"":""logs/cosine/awc4/h20/lr-0.006-b1-0.9-b2-0.99/s43/receipt.json"",""request.json"":""logs/cosine/awc4/h20/lr-0.006-b1-0.9-b2-0.99/s43/request.json"",""environment.json"":""shared/environment-af28352d47d606039103882ba0cb55815f4c6c5e2e16699626ff9dfd690f8f16.json""}"
awc4-cosine-h20--0.006--0.9--0.99--s44,awc4,20,1598115.4193807926,1361112.7882930206,1263580.9337914318,102.50558962200012,425.944001803,40.78472375869751,2552452,2026-09-16,"{""metrics.jsonl"":""logs/cosine/awc4/h20/lr-0.006-b1-0.9-b2-0.99/s44/metrics.jsonl"",""result.json"":""logs/cosine/awc4/h20/lr-0.006-b1-0.9-b2-0.99/s44/result.json"",""resolved.yaml"":""logs/cosine/awc4/h20/lr-0.006-b1-0.9-b2-0.99/s44/resolved.yaml"",""receipt.json"":""logs/cosine/awc4/h20/lr-0.006-b1-0.9-b2-0.99/s44/receipt.json"",""request.json"":""logs/cosine/awc4/h20/lr-0.006-b1-0.9-b2-0.99/s44/request.json"",""environment.json"":""shared/environment-1676345bc1ac82831c5177ae5437110a3b87f78c89a2dac5f87cfe30dbb20cf2.json""}"
awc4-cosine-h20--0.006--0.9--0.999--s42,awc4,20,1578543.1880438128,1480530.1855629992,1366444.6018587346,102.5272078570124,401.19033541801036,40.78472375869751,2552465,2026-09-16,"{""metrics.jsonl"":""logs/cosine/awc4/h20/lr-0.006-b1-0.9-b2-0.999/s42/metrics.jsonl"",""result.json"":""logs/cosine/awc4/h20/lr-0.006-b1-0.9-b2-0.999/s42/result.json"",""resolved.yaml"":""logs/cosine/awc4/h20/lr-0.006-b1-0.9-b2-0.999/s42/resolved.yaml"",""receipt.json"":""logs/cosine/awc4/h20/lr-0.006-b1-0.9-b2-0.999/s42/receipt.json"",""request.json"":""logs/cosine/awc4/h20/lr-0.006-b1-0.9-b2-0.999/s42/request.json"",""environment.json"":""shared/environment-56b04e12adb0d95e00aa0502a1dfb9a8779ea25968182455b0bdc61fda98b4c2.json""}"
awc4-cosine-h20--0.006--0.9--0.999--s43,awc4,20,1597748.8894390524,1496989.3856981343,1380457.8556434554,103.17997099399508,398.81808250000176,40.78472375869751,2552466,2026-09-16,"{""metrics.jsonl"":""logs/cosine/awc4/h20/lr-0.006-b1-0.9-b2-0.999/s43/metrics.jsonl"",""result.json"":""logs/cosine/awc4/h20/lr-0.006-b1-0.9-b2-0.999/s43/result.json"",""resolved.yaml"":""logs/cosine/awc4/h20/lr-0.006-b1-0.9-b2-0.999/s43/resolved.yaml"",""receipt.json"":""logs/cosine/awc4/h20/lr-0.006-b1-0.9-b2-0.999/s43/receipt.json"",""request.json"":""logs/cosine/awc4/h20/lr-0.006-b1-0.9-b2-0.999/s43/request.json"",""environment.json"":""shared/environment-87dcf1dcd5dab7e570b7b49a56627f06a886398fadd312944eaf37eec00b9a61.json""}"
awc4-cosine-h20--0.006--0.9--0.999--s44,awc4,20,1591305.9818199095,1341364.4206190396,1245223.5608739299,101.02229561199783,429.3838156800048,40.78472375869751,2552467,2026-09-16,"{""metrics.jsonl"":""logs/cosine/awc4/h20/lr-0.006-b1-0.9-b2-0.999/s44/metrics.jsonl"",""result.json"":""logs/cosine/awc4/h20/lr-0.006-b1-0.9-b2-0.999/s44/result.json"",""resolved.yaml"":""logs/cosine/awc4/h20/lr-0.006-b1-0.9-b2-0.999/s44/resolved.yaml"",""receipt.json"":""logs/cosine/awc4/h20/lr-0.006-b1-0.9-b2-0.999/s44/receipt.json"",""request.json"":""logs/cosine/awc4/h20/lr-0.006-b1-0.9-b2-0.999/s44/request.json"",""environment.json"":""shared/environment-457aa32f08e18a726503a647556fa49e67034de4e3dee7d7d3f273f0489f9b50.json""}"
awc4-cosine-h20--0.006--0.95--0.99--s42,awc4,20,1573527.3328955818,1473523.1653522572,1360917.3650014144,101.84849867799494,401.7929188889975,40.78472375869751,2552480,2026-09-16,"{""metrics.jsonl"":""logs/cosine/awc4/h20/lr-0.006-b1-0.95-b2-0.99/s42/metrics.jsonl"",""result.json"":""logs/cosine/awc4/h20/lr-0.006-b1-0.95-b2-0.99/s42/result.json"",""resolved.yaml"":""logs/cosine/awc4/h20/lr-0.006-b1-0.95-b2-0.99/s42/resolved.yaml"",""receipt.json"":""logs/cosine/awc4/h20/lr-0.006-b1-0.95-b2-0.99/s42/receipt.json"",""request.json"":""logs/cosine/awc4/h20/lr-0.006-b1-0.95-b2-0.99/s42/request.json"",""environment.json"":""shared/environment-216df9dbb16986b4f7c0a79a46ea694e6ffb1365b984a90acfd7e6562e071461.json""}"
awc4-cosine-h20--0.006--0.95--0.99--s43,awc4,20,1585979.04167143,1476931.6167641133,1364327.3721330129,102.0289577490039,401.23995563598874,40.78472375869751,2552481,2026-09-16,"{""metrics.jsonl"":""logs/cosine/awc4/h20/lr-0.006-b1-0.95-b2-0.99/s43/metrics.jsonl"",""result.json"":""logs/cosine/awc4/h20/lr-0.006-b1-0.95-b2-0.99/s43/result.json"",""resolved.yaml"":""logs/cosine/awc4/h20/lr-0.006-b1-0.95-b2-0.99/s43/resolved.yaml"",""receipt.json"":""logs/cosine/awc4/h20/lr-0.006-b1-0.95-b2-0.99/s43/receipt.json"",""request.json"":""logs/cosine/awc4/h20/lr-0.006-b1-0.95-b2-0.99/s43/request.json"",""environment.json"":""shared/environment-30bc664df3ad819e05041b6aaffc7909688f7abcc7429e220b5b3711bd5bb0a5.json""}"
awc4-cosine-h20--0.006--0.95--0.99--s44,awc4,20,1604859.758215573,1496049.310870833,1380842.2729138543,101.78202988099656,397.41481027500413,40.78472375869751,2552482,2026-09-16,"{""metrics.jsonl"":""logs/cosine/awc4/h20/lr-0.006-b1-0.95-b2-0.99/s44/metrics.jsonl"",""result.json"":""logs/cosine/awc4/h20/lr-0.006-b1-0.95-b2-0.99/s44/result.json"",""resolved.yaml"":""logs/cosine/awc4/h20/lr-0.006-b1-0.95-b2-0.99/s44/resolved.yaml"",""receipt.json"":""logs/cosine/awc4/h20/lr-0.006-b1-0.95-b2-0.99/s44/receipt.json"",""request.json"":""logs/cosine/awc4/h20/lr-0.006-b1-0.95-b2-0.99/s44/request.json"",""environment.json"":""shared/environment-26b3c07fcd02b5f654db77d7163f62c158671454618a026b7845e0ae8660228b.json""}"
awc4-cosine-h20--0.006--0.95--0.999--s42,awc4,20,1575010.7200346612,1480027.6868778272,1366228.939555007,103.27639204499428,401.98470922400884,40.78472375869751,2552570,2026-09-16,"{""metrics.jsonl"":""logs/cosine/awc4/h20/lr-0.006-b1-0.95-b2-0.999/s42/metrics.jsonl"",""result.json"":""logs/cosine/awc4/h20/lr-0.006-b1-0.95-b2-0.999/s42/result.json"",""resolved.yaml"":""logs/cosine/awc4/h20/lr-0.006-b1-0.95-b2-0.999/s42/resolved.yaml"",""receipt.json"":""logs/cosine/awc4/h20/lr-0.006-b1-0.95-b2-0.999/s42/receipt.json"",""request.json"":""logs/cosine/awc4/h20/lr-0.006-b1-0.95-b2-0.999/s42/request.json"",""environment.json"":""shared/environment-97573141184dc5713f235fd2dbc9be28ba160f13314b19cc2acacdd7ff2bb29b.json""}"
awc4-cosine-h20--0.006--0.95--0.999--s43,awc4,20,1597454.2594597132,1497029.7576950744,1379973.1880589125,103.51826434899704,399.25639202000457,40.78472375869751,2552575,2026-09-16,"{""metrics.jsonl"":""logs/cosine/awc4/h20/lr-0.006-b1-0.95-b2-0.999/s43/metrics.jsonl"",""result.json"":""logs/cosine/awc4/h20/lr-0.006-b1-0.95-b2-0.999/s43/result.json"",""resolved.yaml"":""logs/cosine/awc4/h20/lr-0.006-b1-0.95-b2-0.999/s43/resolved.yaml"",""receipt.json"":""logs/cosine/awc4/h20/lr-0.006-b1-0.95-b2-0.999/s43/receipt.json"",""request.json"":""logs/cosine/awc4/h20/lr-0.006-b1-0.95-b2-0.999/s43/request.json"",""environment.json"":""shared/environment-4592aa411c4c905c0903273e6f456c5d51f29bc17402eacce370e0a72183e3d2.json""}"
awc4-cosine-h20--0.006--0.95--0.999--s44,awc4,20,1604782.7686377799,1503539.3869856945,1388274.0925262729,100.00767799800087,393.9801887960057,40.78472375869751,2552576,2026-09-16,"{""metrics.jsonl"":""logs/cosine/awc4/h20/lr-0.006-b1-0.95-b2-0.999/s44/metrics.jsonl"",""result.json"":""logs/cosine/awc4/h20/lr-0.006-b1-0.95-b2-0.999/s44/result.json"",""resolved.yaml"":""logs/cosine/awc4/h20/lr-0.006-b1-0.95-b2-0.999/s44/resolved.yaml"",""receipt.json"":""logs/cosine/awc4/h20/lr-0.006-b1-0.95-b2-0.999/s44/receipt.json"",""request.json"":""logs/cosine/awc4/h20/lr-0.006-b1-0.95-b2-0.999/s44/request.json"",""environment.json"":""shared/environment-97737409b909102fd28101d367414aeade020d53ad8e15fb11f0231c90838ff1.json""}"
awc4-cosine-h20--0.006--0.974--0.99--s42,awc4,20,1598299.0819188107,1497168.9724195173,1380399.7852816544,102.52120777999517,398.1638787959964,40.78472375869751,2553501,2026-09-16,"{""metrics.jsonl"":""logs/cosine/awc4/h20/lr-0.006-b1-0.974-b2-0.99/s42/metrics.jsonl"",""result.json"":""logs/cosine/awc4/h20/lr-0.006-b1-0.974-b2-0.99/s42/result.json"",""resolved.yaml"":""logs/cosine/awc4/h20/lr-0.006-b1-0.974-b2-0.99/s42/resolved.yaml"",""receipt.json"":""logs/cosine/awc4/h20/lr-0.006-b1-0.974-b2-0.99/s42/receipt.json"",""request.json"":""logs/cosine/awc4/h20/lr-0.006-b1-0.974-b2-0.99/s42/request.json"",""environment.json"":""shared/environment-f1f1326dba6f17e5a9c501b537779d90f9d2e824f58a5673ba33d36280fff9db.json""}"
awc4-cosine-h20--0.006--0.974--0.99--s43,awc4,20,1604507.8619180792,1335002.359053523,1241913.020599211,102.24185953300184,431.3476742089988,40.78472375869751,2553502,2026-09-16,"{""metrics.jsonl"":""logs/cosine/awc4/h20/lr-0.006-b1-0.974-b2-0.99/s43/metrics.jsonl"",""result.json"":""logs/cosine/awc4/h20/lr-0.006-b1-0.974-b2-0.99/s43/result.json"",""resolved.yaml"":""logs/cosine/awc4/h20/lr-0.006-b1-0.974-b2-0.99/s43/resolved.yaml"",""receipt.json"":""logs/cosine/awc4/h20/lr-0.006-b1-0.974-b2-0.99/s43/receipt.json"",""request.json"":""logs/cosine/awc4/h20/lr-0.006-b1-0.974-b2-0.99/s43/request.json"",""environment.json"":""shared/environment-e1bd1e30876f3f1c8bd65ba894805449bf9e97944799d1f2ec9c2c92051bf9d2.json""}"
awc4-cosine-h20--0.006--0.974--0.99--s44,awc4,20,1603586.744708154,1503842.1500326036,1388331.9137709355,104.6793952989974,398.6435186729941,40.78472375869751,2553507,2026-09-16,"{""metrics.jsonl"":""logs/cosine/awc4/h20/lr-0.006-b1-0.974-b2-0.99/s44/metrics.jsonl"",""result.json"":""logs/cosine/awc4/h20/lr-0.006-b1-0.974-b2-0.99/s44/result.json"",""resolved.yaml"":""logs/cosine/awc4/h20/lr-0.006-b1-0.974-b2-0.99/s44/resolved.yaml"",""receipt.json"":""logs/cosine/awc4/h20/lr-0.006-b1-0.974-b2-0.99/s44/receipt.json"",""request.json"":""logs/cosine/awc4/h20/lr-0.006-b1-0.974-b2-0.99/s44/request.json"",""environment.json"":""shared/environment-2e39f0be91dc87ccb1102283ecc0c95c6ecff2eeaf19d15ad14ba90d071ee94e.json""}"
awc4-cosine-h20--0.006--0.974--0.999--s42,awc4,20,1637377.6700544273,1531556.602253865,1410884.791325001,99.84386269999959,389.13565086299786,40.78472375869751,2554083,2026-09-16,"{""metrics.jsonl"":""logs/cosine/awc4/h20/lr-0.006-b1-0.974-b2-0.999/s42/metrics.jsonl"",""result.json"":""logs/cosine/awc4/h20/lr-0.006-b1-0.974-b2-0.999/s42/result.json"",""resolved.yaml"":""logs/cosine/awc4/h20/lr-0.006-b1-0.974-b2-0.999/s42/resolved.yaml"",""receipt.json"":""logs/cosine/awc4/h20/lr-0.006-b1-0.974-b2-0.999/s42/receipt.json"",""request.json"":""logs/cosine/awc4/h20/lr-0.006-b1-0.974-b2-0.999/s42/request.json"",""environment.json"":""shared/environment-5255d2cc28c1addc541b4b7669d163a2a2e58c5307d273a8fc9c1e9a7023d5d1.json""}"
awc4-cosine-h20--0.006--0.974--0.999--s43,awc4,20,1614649.649597789,1355028.188568704,1260174.6655107408,100.50619112500863,424.8800656379899,40.78472375869751,2554135,2026-09-16,"{""metrics.jsonl"":""logs/cosine/awc4/h20/lr-0.006-b1-0.974-b2-0.999/s43/metrics.jsonl"",""result.json"":""logs/cosine/awc4/h20/lr-0.006-b1-0.974-b2-0.999/s43/result.json"",""resolved.yaml"":""logs/cosine/awc4/h20/lr-0.006-b1-0.974-b2-0.999/s43/resolved.yaml"",""receipt.json"":""logs/cosine/awc4/h20/lr-0.006-b1-0.974-b2-0.999/s43/receipt.json"",""request.json"":""logs/cosine/awc4/h20/lr-0.006-b1-0.974-b2-0.999/s43/request.json"",""environment.json"":""shared/environment-318c050b6330a7a832f1df13fe1ce7c2c588620ccfc7e515d21a299565181c28.json""}"
awc4-cosine-h20--0.006--0.974--0.999--s44,awc4,20,1601557.1706153143,1500235.8216494955,1384873.7510296535,101.32231449100072,396.0260087679926,40.78472375869751,2554136,2026-09-16,"{""metrics.jsonl"":""logs/cosine/awc4/h20/lr-0.006-b1-0.974-b2-0.999/s44/metrics.jsonl"",""result.json"":""logs/cosine/awc4/h20/lr-0.006-b1-0.974-b2-0.999/s44/result.json"",""resolved.yaml"":""logs/cosine/awc4/h20/lr-0.006-b1-0.974-b2-0.999/s44/resolved.yaml"",""receipt.json"":""logs/cosine/awc4/h20/lr-0.006-b1-0.974-b2-0.999/s44/receipt.json"",""request.json"":""logs/cosine/awc4/h20/lr-0.006-b1-0.974-b2-0.999/s44/request.json"",""environment.json"":""shared/environment-a7ae01b67ae6dee14178dab2c46f405c5487279837d452dee35e7a848109319a.json""}"
awc4-cosine-h20--0.007--0.9--0.99--s42,awc4,20,1603857.1259865875,1369359.2290803702,1270659.7527923698,100.419345798,422.11807083999156,40.78472375869751,2552453,2026-09-16,"{""metrics.jsonl"":""logs/cosine/awc4/h20/lr-0.007-b1-0.9-b2-0.99/s42/metrics.jsonl"",""result.json"":""logs/cosine/awc4/h20/lr-0.007-b1-0.9-b2-0.99/s42/result.json"",""resolved.yaml"":""logs/cosine/awc4/h20/lr-0.007-b1-0.9-b2-0.99/s42/resolved.yaml"",""receipt.json"":""logs/cosine/awc4/h20/lr-0.007-b1-0.9-b2-0.99/s42/receipt.json"",""request.json"":""logs/cosine/awc4/h20/lr-0.007-b1-0.9-b2-0.99/s42/request.json"",""environment.json"":""shared/environment-979d17c5d250c4acb79f8e3d53962e315402b8380d961e8e1a79e90ee8398d39.json""}"
awc4-cosine-h20--0.007--0.9--0.99--s43,awc4,20,1627488.2323028997,1358664.3132300403,1262157.9198596776,100.3811645359965,424.2705196970055,40.78472375869751,2552454,2026-09-16,"{""metrics.jsonl"":""logs/cosine/awc4/h20/lr-0.007-b1-0.9-b2-0.99/s43/metrics.jsonl"",""result.json"":""logs/cosine/awc4/h20/lr-0.007-b1-0.9-b2-0.99/s43/result.json"",""resolved.yaml"":""logs/cosine/awc4/h20/lr-0.007-b1-0.9-b2-0.99/s43/resolved.yaml"",""receipt.json"":""logs/cosine/awc4/h20/lr-0.007-b1-0.9-b2-0.99/s43/receipt.json"",""request.json"":""logs/cosine/awc4/h20/lr-0.007-b1-0.9-b2-0.99/s43/request.json"",""environment.json"":""shared/environment-3c1e782bbe8304d49537065fa71519808642deb8589eb0802e68043292dfc0c7.json""}"
awc4-cosine-h20--0.007--0.9--0.99--s44,awc4,20,1600109.6088341956,1339617.4430369444,1239722.4819028138,100.1433121660084,429.88923374000296,40.78472375869751,2552455,2026-09-16,"{""metrics.jsonl"":""logs/cosine/awc4/h20/lr-0.007-b1-0.9-b2-0.99/s44/metrics.jsonl"",""result.json"":""logs/cosine/awc4/h20/lr-0.007-b1-0.9-b2-0.99/s44/result.json"",""resolved.yaml"":""logs/cosine/awc4/h20/lr-0.007-b1-0.9-b2-0.99/s44/resolved.yaml"",""receipt.json"":""logs/cosine/awc4/h20/lr-0.007-b1-0.9-b2-0.99/s44/receipt.json"",""request.json"":""logs/cosine/awc4/h20/lr-0.007-b1-0.9-b2-0.99/s44/request.json"",""environment.json"":""shared/environment-878522bd783f5b756b164b31f32a7ae6eb802df6ec7636925a1e9be746398e26.json""}"
awc4-cosine-h20--0.007--0.9--0.999--s42,awc4,20,1563531.5902863187,1321167.3548714076,1227749.5505229854,103.93352465701173,436.9696841369878,40.78472375869751,2552468,2026-09-16,"{""metrics.jsonl"":""logs/cosine/awc4/h20/lr-0.007-b1-0.9-b2-0.999/s42/metrics.jsonl"",""result.json"":""logs/cosine/awc4/h20/lr-0.007-b1-0.9-b2-0.999/s42/result.json"",""resolved.yaml"":""logs/cosine/awc4/h20/lr-0.007-b1-0.9-b2-0.999/s42/resolved.yaml"",""receipt.json"":""logs/cosine/awc4/h20/lr-0.007-b1-0.9-b2-0.999/s42/receipt.json"",""request.json"":""logs/cosine/awc4/h20/lr-0.007-b1-0.9-b2-0.999/s42/request.json"",""environment.json"":""shared/environment-b4831b11d3f63ce86a16311b5ad2e34cb56a80e307cabc7c3f8d639276837457.json""}"
awc4-cosine-h20--0.007--0.9--0.999--s43,awc4,20,1604683.7877396126,1504278.0895973723,1387626.559243786,99.95417475700378,394.0666615359951,40.78472375869751,2552469,2026-09-16,"{""metrics.jsonl"":""logs/cosine/awc4/h20/lr-0.007-b1-0.9-b2-0.999/s43/metrics.jsonl"",""result.json"":""logs/cosine/awc4/h20/lr-0.007-b1-0.9-b2-0.999/s43/result.json"",""resolved.yaml"":""logs/cosine/awc4/h20/lr-0.007-b1-0.9-b2-0.999/s43/resolved.yaml"",""receipt.json"":""logs/cosine/awc4/h20/lr-0.007-b1-0.9-b2-0.999/s43/receipt.json"",""request.json"":""logs/cosine/awc4/h20/lr-0.007-b1-0.9-b2-0.999/s43/request.json"",""environment.json"":""shared/environment-2597bb67cf5ba6a9dee175b7f9227757f765e7b86c50e79a7e3f1a5954a9a4ba.json""}"
awc4-cosine-h20--0.007--0.9--0.999--s44,awc4,20,1581328.5342092928,1479001.6734311187,1365205.4916114162,103.07113512398791,402.0041419390036,40.78472375869751,2552470,2026-09-16,"{""metrics.jsonl"":""logs/cosine/awc4/h20/lr-0.007-b1-0.9-b2-0.999/s44/metrics.jsonl"",""result.json"":""logs/cosine/awc4/h20/lr-0.007-b1-0.9-b2-0.999/s44/result.json"",""resolved.yaml"":""logs/cosine/awc4/h20/lr-0.007-b1-0.9-b2-0.999/s44/resolved.yaml"",""receipt.json"":""logs/cosine/awc4/h20/lr-0.007-b1-0.9-b2-0.999/s44/receipt.json"",""request.json"":""logs/cosine/awc4/h20/lr-0.007-b1-0.9-b2-0.999/s44/request.json"",""environment.json"":""shared/environment-c7f58ca7448cbc716b5d71bd7ce648a37faba6b70d9a0291393db4157a377010.json""}"
awc4-cosine-h20--0.007--0.95--0.99--s42,awc4,20,1603652.9915931895,1502994.5248667568,1383805.342428415,99.9929910350038,394.91551718799747,40.78472375869751,2552483,2026-09-16,"{""metrics.jsonl"":""logs/cosine/awc4/h20/lr-0.007-b1-0.95-b2-0.99/s42/metrics.jsonl"",""result.json"":""logs/cosine/awc4/h20/lr-0.007-b1-0.95-b2-0.99/s42/result.json"",""resolved.yaml"":""logs/cosine/awc4/h20/lr-0.007-b1-0.95-b2-0.99/s42/resolved.yaml"",""receipt.json"":""logs/cosine/awc4/h20/lr-0.007-b1-0.95-b2-0.99/s42/receipt.json"",""request.json"":""logs/cosine/awc4/h20/lr-0.007-b1-0.95-b2-0.99/s42/request.json"",""environment.json"":""shared/environment-31cdc982c58a1e35795f77449c0625fff8aba447cc0c6b1dc8cfbbda0d8f18e8.json""}"
awc4-cosine-h20--0.007--0.95--0.99--s43,awc4,20,1578060.2655008764,1478411.668944825,1365208.2223340503,102.48874650998914,401.41969686099037,40.78472375869751,2552484,2026-09-16,"{""metrics.jsonl"":""logs/cosine/awc4/h20/lr-0.007-b1-0.95-b2-0.99/s43/metrics.jsonl"",""result.json"":""logs/cosine/awc4/h20/lr-0.007-b1-0.95-b2-0.99/s43/result.json"",""resolved.yaml"":""logs/cosine/awc4/h20/lr-0.007-b1-0.95-b2-0.99/s43/resolved.yaml"",""receipt.json"":""logs/cosine/awc4/h20/lr-0.007-b1-0.95-b2-0.99/s43/receipt.json"",""request.json"":""logs/cosine/awc4/h20/lr-0.007-b1-0.95-b2-0.99/s43/request.json"",""environment.json"":""shared/environment-1be1804cccc505c7981bb968b5cf7fa6b0d5388ed5781c2bedd57d6764ab5468.json""}"
awc4-cosine-h20--0.007--0.95--0.99--s44,awc4,20,1598221.1963087025,1499584.1680451094,1384176.085122682,100.57847594999475,395.44000746800157,40.78472375869751,2552485,2026-09-16,"{""metrics.jsonl"":""logs/cosine/awc4/h20/lr-0.007-b1-0.95-b2-0.99/s44/metrics.jsonl"",""result.json"":""logs/cosine/awc4/h20/lr-0.007-b1-0.95-b2-0.99/s44/result.json"",""resolved.yaml"":""logs/cosine/awc4/h20/lr-0.007-b1-0.95-b2-0.99/s44/resolved.yaml"",""receipt.json"":""logs/cosine/awc4/h20/lr-0.007-b1-0.95-b2-0.99/s44/receipt.json"",""request.json"":""logs/cosine/awc4/h20/lr-0.007-b1-0.95-b2-0.99/s44/request.json"",""environment.json"":""shared/environment-5f6d5c9a13ad03bbd68e7265b38e70db91e419a497ef41aacde52a339872654f.json""}"
awc4-cosine-h20--0.007--0.95--0.999--s42,awc4,20,1579293.2069727075,1476463.0258136124,1362943.651043843,103.086327521989,402.51157996300026,40.78472375869751,2552724,2026-09-16,"{""metrics.jsonl"":""logs/cosine/awc4/h20/lr-0.007-b1-0.95-b2-0.999/s42/metrics.jsonl"",""result.json"":""logs/cosine/awc4/h20/lr-0.007-b1-0.95-b2-0.999/s42/result.json"",""resolved.yaml"":""logs/cosine/awc4/h20/lr-0.007-b1-0.95-b2-0.999/s42/resolved.yaml"",""receipt.json"":""logs/cosine/awc4/h20/lr-0.007-b1-0.95-b2-0.999/s42/receipt.json"",""request.json"":""logs/cosine/awc4/h20/lr-0.007-b1-0.95-b2-0.999/s42/request.json"",""environment.json"":""shared/environment-e7e36c8da22bb10d8e2ab165887fa358fb3dd21916a4eeea3ed6344176ca8d14.json""}"
awc4-cosine-h20--0.007--0.95--0.999--s43,awc4,20,1598498.626035833,1495136.5703129957,1380113.1122845288,100.38306485800422,396.1089378780016,40.78472375869751,2552732,2026-09-16,"{""metrics.jsonl"":""logs/cosine/awc4/h20/lr-0.007-b1-0.95-b2-0.999/s43/metrics.jsonl"",""result.json"":""logs/cosine/awc4/h20/lr-0.007-b1-0.95-b2-0.999/s43/result.json"",""resolved.yaml"":""logs/cosine/awc4/h20/lr-0.007-b1-0.95-b2-0.999/s43/resolved.yaml"",""receipt.json"":""logs/cosine/awc4/h20/lr-0.007-b1-0.95-b2-0.999/s43/receipt.json"",""request.json"":""logs/cosine/awc4/h20/lr-0.007-b1-0.95-b2-0.999/s43/request.json"",""environment.json"":""shared/environment-96d816049e5bec9efe6bf7226b50402852b32b8c7987328fb8a70b2eb0061e30.json""}"
awc4-cosine-h20--0.007--0.95--0.999--s44,awc4,20,1593416.6735579846,1480589.8348529371,1366277.8750168337,100.99509609400411,399.82332366899936,40.78472375869751,2552912,2026-09-16,"{""metrics.jsonl"":""logs/cosine/awc4/h20/lr-0.007-b1-0.95-b2-0.999/s44/metrics.jsonl"",""result.json"":""logs/cosine/awc4/h20/lr-0.007-b1-0.95-b2-0.999/s44/result.json"",""resolved.yaml"":""logs/cosine/awc4/h20/lr-0.007-b1-0.95-b2-0.999/s44/resolved.yaml"",""receipt.json"":""logs/cosine/awc4/h20/lr-0.007-b1-0.95-b2-0.999/s44/receipt.json"",""request.json"":""logs/cosine/awc4/h20/lr-0.007-b1-0.95-b2-0.999/s44/request.json"",""environment.json"":""shared/environment-2892edd819c883bfc767be22cc97ab628e17ef9bb0eb40407ed90ed0973b5e54.json""}"
awc4-cosine-h20--0.007--0.974--0.99--s42,awc4,20,1629791.112962887,1352721.0976600193,1255543.0378999668,100.10322138600168,425.6158787780005,40.78472375869751,2553509,2026-09-16,"{""metrics.jsonl"":""logs/cosine/awc4/h20/lr-0.007-b1-0.974-b2-0.99/s42/metrics.jsonl"",""result.json"":""logs/cosine/awc4/h20/lr-0.007-b1-0.974-b2-0.99/s42/result.json"",""resolved.yaml"":""logs/cosine/awc4/h20/lr-0.007-b1-0.974-b2-0.99/s42/resolved.yaml"",""receipt.json"":""logs/cosine/awc4/h20/lr-0.007-b1-0.974-b2-0.99/s42/receipt.json"",""request.json"":""logs/cosine/awc4/h20/lr-0.007-b1-0.974-b2-0.99/s42/request.json"",""environment.json"":""shared/environment-0a34a192c55c55bbde359bda55f5fe9cadf7f29c1f7c7362692edd9f6fb781e5.json""}"
awc4-cosine-h20--0.007--0.974--0.99--s43,awc4,20,1593586.1160482494,1486622.2764041116,1373656.222691437,100.60741817799862,397.72372314000677,40.78472375869751,2553561,2026-09-16,"{""metrics.jsonl"":""logs/cosine/awc4/h20/lr-0.007-b1-0.974-b2-0.99/s43/metrics.jsonl"",""result.json"":""logs/cosine/awc4/h20/lr-0.007-b1-0.974-b2-0.99/s43/result.json"",""resolved.yaml"":""logs/cosine/awc4/h20/lr-0.007-b1-0.974-b2-0.99/s43/resolved.yaml"",""receipt.json"":""logs/cosine/awc4/h20/lr-0.007-b1-0.974-b2-0.99/s43/receipt.json"",""request.json"":""logs/cosine/awc4/h20/lr-0.007-b1-0.974-b2-0.99/s43/request.json"",""environment.json"":""shared/environment-d6950747e57a5ba85b71bf7206292e9ca9504d4996adfd0c3a36b4c09366298a.json""}"
awc4-cosine-h20--0.007--0.974--0.99--s44,awc4,20,1608062.564759347,1506473.2485382461,1391416.9940847685,99.79697382800805,393.1424080040015,40.78472375869751,2553622,2026-09-16,"{""metrics.jsonl"":""logs/cosine/awc4/h20/lr-0.007-b1-0.974-b2-0.99/s44/metrics.jsonl"",""result.json"":""logs/cosine/awc4/h20/lr-0.007-b1-0.974-b2-0.99/s44/result.json"",""resolved.yaml"":""logs/cosine/awc4/h20/lr-0.007-b1-0.974-b2-0.99/s44/resolved.yaml"",""receipt.json"":""logs/cosine/awc4/h20/lr-0.007-b1-0.974-b2-0.99/s44/receipt.json"",""request.json"":""logs/cosine/awc4/h20/lr-0.007-b1-0.974-b2-0.99/s44/request.json"",""environment.json"":""shared/environment-4c5c3a115e2463c2793ce89249aa756e75f974259afcb6688b58d8e77e46ee18.json""}"
awc4-cosine-h20--0.007--0.974--0.999--s42,awc4,20,1618852.0033457961,1358293.125943395,1262450.2863632296,100.86708660499426,424.6635499630065,40.78472375869751,2554137,2026-09-16,"{""metrics.jsonl"":""logs/cosine/awc4/h20/lr-0.007-b1-0.974-b2-0.999/s42/metrics.jsonl"",""result.json"":""logs/cosine/awc4/h20/lr-0.007-b1-0.974-b2-0.999/s42/result.json"",""resolved.yaml"":""logs/cosine/awc4/h20/lr-0.007-b1-0.974-b2-0.999/s42/resolved.yaml"",""receipt.json"":""logs/cosine/awc4/h20/lr-0.007-b1-0.974-b2-0.999/s42/receipt.json"",""request.json"":""logs/cosine/awc4/h20/lr-0.007-b1-0.974-b2-0.999/s42/request.json"",""environment.json"":""shared/environment-9dd6db580e86e9023a92baeeb6fed708a1b642815693e72f8e55c1dd1c896161.json""}"
awc4-cosine-h20--0.007--0.974--0.999--s43,awc4,20,1584269.1721071391,1485735.4770569522,1373006.6978504383,101.0845620839973,398.33060320599907,40.78472375869751,2554138,2026-09-16,"{""metrics.jsonl"":""logs/cosine/awc4/h20/lr-0.007-b1-0.974-b2-0.999/s43/metrics.jsonl"",""result.json"":""logs/cosine/awc4/h20/lr-0.007-b1-0.974-b2-0.999/s43/result.json"",""resolved.yaml"":""logs/cosine/awc4/h20/lr-0.007-b1-0.974-b2-0.999/s43/resolved.yaml"",""receipt.json"":""logs/cosine/awc4/h20/lr-0.007-b1-0.974-b2-0.999/s43/receipt.json"",""request.json"":""logs/cosine/awc4/h20/lr-0.007-b1-0.974-b2-0.999/s43/request.json"",""environment.json"":""shared/environment-ba159156b262ad1820f750e784e58fea5fa3f2c27844235686d36dea5c120244.json""}"
awc4-cosine-h20--0.007--0.974--0.999--s44,awc4,20,1623155.0281378678,1508436.2772447644,1356264.3262104946,100.47346837099758,401.38135055900784,40.78472375869751,2554139,2026-09-16,"{""metrics.jsonl"":""logs/cosine/awc4/h20/lr-0.007-b1-0.974-b2-0.999/s44/metrics.jsonl"",""result.json"":""logs/cosine/awc4/h20/lr-0.007-b1-0.974-b2-0.999/s44/result.json"",""resolved.yaml"":""logs/cosine/awc4/h20/lr-0.007-b1-0.974-b2-0.999/s44/resolved.yaml"",""receipt.json"":""logs/cosine/awc4/h20/lr-0.007-b1-0.974-b2-0.999/s44/receipt.json"",""request.json"":""logs/cosine/awc4/h20/lr-0.007-b1-0.974-b2-0.999/s44/request.json"",""environment.json"":""shared/environment-dbdcea71db46704c3b667f7ca1e6f64d725919b54b18fc1a7236bb7817ab5949.json""}"
awc4-cosine-h20--0.008--0.9--0.99--s42,awc4,20,1580476.8473903153,1342124.4497951416,1247003.3571053357,102.43452873000933,430.15221324400045,40.78472375869751,2552456,2026-09-16,"{""metrics.jsonl"":""logs/cosine/awc4/h20/lr-0.008-b1-0.9-b2-0.99/s42/metrics.jsonl"",""result.json"":""logs/cosine/awc4/h20/lr-0.008-b1-0.9-b2-0.99/s42/result.json"",""resolved.yaml"":""logs/cosine/awc4/h20/lr-0.008-b1-0.9-b2-0.99/s42/resolved.yaml"",""receipt.json"":""logs/cosine/awc4/h20/lr-0.008-b1-0.9-b2-0.99/s42/receipt.json"",""request.json"":""logs/cosine/awc4/h20/lr-0.008-b1-0.9-b2-0.99/s42/request.json"",""environment.json"":""shared/environment-9d88b6e014fed9527a181f186912ebdd88a09408dedc3549b5f9bc314b7bea4d.json""}"
awc4-cosine-h20--0.008--0.9--0.99--s43,awc4,20,1576136.7978681377,1340190.2612392828,1245133.040170282,102.79993272299907,431.1769598280007,40.78472375869751,2552457,2026-09-16,"{""metrics.jsonl"":""logs/cosine/awc4/h20/lr-0.008-b1-0.9-b2-0.99/s43/metrics.jsonl"",""result.json"":""logs/cosine/awc4/h20/lr-0.008-b1-0.9-b2-0.99/s43/result.json"",""resolved.yaml"":""logs/cosine/awc4/h20/lr-0.008-b1-0.9-b2-0.99/s43/resolved.yaml"",""receipt.json"":""logs/cosine/awc4/h20/lr-0.008-b1-0.9-b2-0.99/s43/receipt.json"",""request.json"":""logs/cosine/awc4/h20/lr-0.008-b1-0.9-b2-0.99/s43/request.json"",""environment.json"":""shared/environment-095dc23e5bfa06f6f02dadc53942d6aab3c5eeaafde2e623736f5d4a72eae528.json""}"
awc4-cosine-h20--0.008--0.9--0.99--s44,awc4,20,1569434.1573590739,1338535.2361470459,1239774.352595454,103.36656477599172,432.96192882201285,40.78472375869751,2552458,2026-09-16,"{""metrics.jsonl"":""logs/cosine/awc4/h20/lr-0.008-b1-0.9-b2-0.99/s44/metrics.jsonl"",""result.json"":""logs/cosine/awc4/h20/lr-0.008-b1-0.9-b2-0.99/s44/result.json"",""resolved.yaml"":""logs/cosine/awc4/h20/lr-0.008-b1-0.9-b2-0.99/s44/resolved.yaml"",""receipt.json"":""logs/cosine/awc4/h20/lr-0.008-b1-0.9-b2-0.99/s44/receipt.json"",""request.json"":""logs/cosine/awc4/h20/lr-0.008-b1-0.9-b2-0.99/s44/request.json"",""environment.json"":""shared/environment-b5be6723a9a0e065ad415bcd859c0eb5b5bd86486f24b9d2b37bee5da7015dc0.json""}"
awc4-cosine-h20--0.008--0.9--0.999--s42,awc4,20,1602598.6891757762,1499684.7967623654,1384003.7815200593,100.41696866200073,395.32056276399817,40.78472375869751,2552471,2026-09-16,"{""metrics.jsonl"":""logs/cosine/awc4/h20/lr-0.008-b1-0.9-b2-0.999/s42/metrics.jsonl"",""result.json"":""logs/cosine/awc4/h20/lr-0.008-b1-0.9-b2-0.999/s42/result.json"",""resolved.yaml"":""logs/cosine/awc4/h20/lr-0.008-b1-0.9-b2-0.999/s42/resolved.yaml"",""receipt.json"":""logs/cosine/awc4/h20/lr-0.008-b1-0.9-b2-0.999/s42/receipt.json"",""request.json"":""logs/cosine/awc4/h20/lr-0.008-b1-0.9-b2-0.999/s42/request.json"",""environment.json"":""shared/environment-ec52e4693f118011939c348d664e1763a9853fd528239908ebf004706de38d8b.json""}"
awc4-cosine-h20--0.008--0.9--0.999--s43,awc4,20,1581297.3551617628,1483531.5905114557,1369017.62351748,102.51537101699796,400.6473024449988,40.78472375869751,2552472,2026-09-16,"{""metrics.jsonl"":""logs/cosine/awc4/h20/lr-0.008-b1-0.9-b2-0.999/s43/metrics.jsonl"",""result.json"":""logs/cosine/awc4/h20/lr-0.008-b1-0.9-b2-0.999/s43/result.json"",""resolved.yaml"":""logs/cosine/awc4/h20/lr-0.008-b1-0.9-b2-0.999/s43/resolved.yaml"",""receipt.json"":""logs/cosine/awc4/h20/lr-0.008-b1-0.9-b2-0.999/s43/receipt.json"",""request.json"":""logs/cosine/awc4/h20/lr-0.008-b1-0.9-b2-0.999/s43/request.json"",""environment.json"":""shared/environment-906c806253d60c09e9887c71f6924bd70517668aced9ae7c9950fb8e8fd8b4cc.json""}"
awc4-cosine-h20--0.008--0.9--0.999--s44,awc4,20,1568331.9460894687,1474153.1814806634,1357579.7016105074,103.14214910799637,403.74697749600455,40.78472375869751,2552473,2026-09-16,"{""metrics.jsonl"":""logs/cosine/awc4/h20/lr-0.008-b1-0.9-b2-0.999/s44/metrics.jsonl"",""result.json"":""logs/cosine/awc4/h20/lr-0.008-b1-0.9-b2-0.999/s44/result.json"",""resolved.yaml"":""logs/cosine/awc4/h20/lr-0.008-b1-0.9-b2-0.999/s44/resolved.yaml"",""receipt.json"":""logs/cosine/awc4/h20/lr-0.008-b1-0.9-b2-0.999/s44/receipt.json"",""request.json"":""logs/cosine/awc4/h20/lr-0.008-b1-0.9-b2-0.999/s44/request.json"",""environment.json"":""shared/environment-8712c197fd2ac12c2b23f1108c9074e49b772335dbbdf203a7b1aa8cec6ef74c.json""}"
awc4-cosine-h20--0.008--0.95--0.99--s42,awc4,20,1579683.1022749173,1482798.1700704112,1369225.7747186513,102.3562622649988,400.4374864099991,40.78472375869751,2552486,2026-09-16,"{""metrics.jsonl"":""logs/cosine/awc4/h20/lr-0.008-b1-0.95-b2-0.99/s42/metrics.jsonl"",""result.json"":""logs/cosine/awc4/h20/lr-0.008-b1-0.95-b2-0.99/s42/result.json"",""resolved.yaml"":""logs/cosine/awc4/h20/lr-0.008-b1-0.95-b2-0.99/s42/resolved.yaml"",""receipt.json"":""logs/cosine/awc4/h20/lr-0.008-b1-0.95-b2-0.99/s42/receipt.json"",""request.json"":""logs/cosine/awc4/h20/lr-0.008-b1-0.95-b2-0.99/s42/request.json"",""environment.json"":""shared/environment-b8f49fec6263ced488c3a19336dda9d07a73db345759b30788800492a845cdb6.json""}"
awc4-cosine-h20--0.008--0.95--0.99--s43,awc4,20,1586724.4441120173,1473915.05054904,1360882.8488967486,100.98809644699213,401.007492913006,40.78472375869751,2552488,2026-09-16,"{""metrics.jsonl"":""logs/cosine/awc4/h20/lr-0.008-b1-0.95-b2-0.99/s43/metrics.jsonl"",""result.json"":""logs/cosine/awc4/h20/lr-0.008-b1-0.95-b2-0.99/s43/result.json"",""resolved.yaml"":""logs/cosine/awc4/h20/lr-0.008-b1-0.95-b2-0.99/s43/resolved.yaml"",""receipt.json"":""logs/cosine/awc4/h20/lr-0.008-b1-0.95-b2-0.99/s43/receipt.json"",""request.json"":""logs/cosine/awc4/h20/lr-0.008-b1-0.95-b2-0.99/s43/request.json"",""environment.json"":""shared/environment-b0603ba7dbb8827312f344edab692076338fc233ef1221cefa0606bf11bebe2c.json""}"
awc4-cosine-h20--0.008--0.95--0.99--s44,awc4,20,1561897.0223396088,1457987.1122422516,1346102.5759703915,103.8189373990026,407.0659511459962,40.78472375869751,2552489,2026-09-16,"{""metrics.jsonl"":""logs/cosine/awc4/h20/lr-0.008-b1-0.95-b2-0.99/s44/metrics.jsonl"",""result.json"":""logs/cosine/awc4/h20/lr-0.008-b1-0.95-b2-0.99/s44/result.json"",""resolved.yaml"":""logs/cosine/awc4/h20/lr-0.008-b1-0.95-b2-0.99/s44/resolved.yaml"",""receipt.json"":""logs/cosine/awc4/h20/lr-0.008-b1-0.95-b2-0.99/s44/receipt.json"",""request.json"":""logs/cosine/awc4/h20/lr-0.008-b1-0.95-b2-0.99/s44/request.json"",""environment.json"":""shared/environment-c8da8c21e13d1dfac98373682f4603b51a7dbe880b5ed0b4acac4d1aac7c97ab.json""}"
awc4-cosine-h20--0.008--0.95--0.999--s42,awc4,20,1560584.1258776572,1456432.392093273,1344687.9086686731,104.050032026993,407.6167940890009,40.78472375869751,2552980,2026-09-16,"{""metrics.jsonl"":""logs/cosine/awc4/h20/lr-0.008-b1-0.95-b2-0.999/s42/metrics.jsonl"",""result.json"":""logs/cosine/awc4/h20/lr-0.008-b1-0.95-b2-0.999/s42/result.json"",""resolved.yaml"":""logs/cosine/awc4/h20/lr-0.008-b1-0.95-b2-0.999/s42/resolved.yaml"",""receipt.json"":""logs/cosine/awc4/h20/lr-0.008-b1-0.95-b2-0.999/s42/receipt.json"",""request.json"":""logs/cosine/awc4/h20/lr-0.008-b1-0.95-b2-0.999/s42/request.json"",""environment.json"":""shared/environment-713cf222e82067f2632eba6cdaf06fa787e881dd8315fb0293d9f9b0035cf511.json""}"
awc4-cosine-h20--0.008--0.95--0.999--s43,awc4,20,1602119.5116854282,1501991.762815674,1387257.5630894452,101.19297465200361,395.41551712399814,40.78472375869751,2553034,2026-09-16,"{""metrics.jsonl"":""logs/cosine/awc4/h20/lr-0.008-b1-0.95-b2-0.999/s43/metrics.jsonl"",""result.json"":""logs/cosine/awc4/h20/lr-0.008-b1-0.95-b2-0.999/s43/result.json"",""resolved.yaml"":""logs/cosine/awc4/h20/lr-0.008-b1-0.95-b2-0.999/s43/resolved.yaml"",""receipt.json"":""logs/cosine/awc4/h20/lr-0.008-b1-0.95-b2-0.999/s43/receipt.json"",""request.json"":""logs/cosine/awc4/h20/lr-0.008-b1-0.95-b2-0.999/s43/request.json"",""environment.json"":""shared/environment-c3ebee4032d4caf0ef6495411efce1fb9b6257e6139720cf1e0e9a3ffdc121f7.json""}"
awc4-cosine-h20--0.008--0.95--0.999--s44,awc4,20,1566978.5244578694,1474417.5093869576,1354854.741132843,103.20001271599904,404.4065751159942,40.78472375869751,2553035,2026-09-16,"{""metrics.jsonl"":""logs/cosine/awc4/h20/lr-0.008-b1-0.95-b2-0.999/s44/metrics.jsonl"",""result.json"":""logs/cosine/awc4/h20/lr-0.008-b1-0.95-b2-0.999/s44/result.json"",""resolved.yaml"":""logs/cosine/awc4/h20/lr-0.008-b1-0.95-b2-0.999/s44/resolved.yaml"",""receipt.json"":""logs/cosine/awc4/h20/lr-0.008-b1-0.95-b2-0.999/s44/receipt.json"",""request.json"":""logs/cosine/awc4/h20/lr-0.008-b1-0.95-b2-0.999/s44/request.json"",""environment.json"":""shared/environment-f1b4d91c86ae36d1fd073fcc0a18cac484680ed43b9aac09b8cea66d17fc239f.json""}"
awc4-cosine-h20--0.008--0.974--0.99--s42,awc4,20,1639712.0684777747,1372035.3065941036,1251293.7704835008,99.34435303699865,426.0134098230046,40.78472375869751,2553741,2026-09-16,"{""metrics.jsonl"":""logs/cosine/awc4/h20/lr-0.008-b1-0.974-b2-0.99/s42/metrics.jsonl"",""result.json"":""logs/cosine/awc4/h20/lr-0.008-b1-0.974-b2-0.99/s42/result.json"",""resolved.yaml"":""logs/cosine/awc4/h20/lr-0.008-b1-0.974-b2-0.99/s42/resolved.yaml"",""receipt.json"":""logs/cosine/awc4/h20/lr-0.008-b1-0.974-b2-0.99/s42/receipt.json"",""request.json"":""logs/cosine/awc4/h20/lr-0.008-b1-0.974-b2-0.99/s42/request.json"",""environment.json"":""shared/environment-76e158cd6c912a22974867f0dcb7b459415908852552396e6d036d860a33cc36.json""}"
awc4-cosine-h20--0.008--0.974--0.99--s43,awc4,20,1581137.099313081,1331142.8553268379,1238158.0424059492,103.0049206870026,433.1422957879986,40.78472375869751,2553742,2026-09-16,"{""metrics.jsonl"":""logs/cosine/awc4/h20/lr-0.008-b1-0.974-b2-0.99/s43/metrics.jsonl"",""result.json"":""logs/cosine/awc4/h20/lr-0.008-b1-0.974-b2-0.99/s43/result.json"",""resolved.yaml"":""logs/cosine/awc4/h20/lr-0.008-b1-0.974-b2-0.99/s43/resolved.yaml"",""receipt.json"":""logs/cosine/awc4/h20/lr-0.008-b1-0.974-b2-0.99/s43/receipt.json"",""request.json"":""logs/cosine/awc4/h20/lr-0.008-b1-0.974-b2-0.99/s43/request.json"",""environment.json"":""shared/environment-90db2a9b2c914784260e5e95cdc7cc41dc35e67abec2aeb233e348e99cfca1dc.json""}"
awc4-cosine-h20--0.008--0.974--0.99--s44,awc4,20,1577887.9189754736,1474259.0672981478,1362115.4468118157,102.52753380801005,402.1353771129943,40.78472375869751,2553807,2026-09-16,"{""metrics.jsonl"":""logs/cosine/awc4/h20/lr-0.008-b1-0.974-b2-0.99/s44/metrics.jsonl"",""result.json"":""logs/cosine/awc4/h20/lr-0.008-b1-0.974-b2-0.99/s44/result.json"",""resolved.yaml"":""logs/cosine/awc4/h20/lr-0.008-b1-0.974-b2-0.99/s44/resolved.yaml"",""receipt.json"":""logs/cosine/awc4/h20/lr-0.008-b1-0.974-b2-0.99/s44/receipt.json"",""request.json"":""logs/cosine/awc4/h20/lr-0.008-b1-0.974-b2-0.99/s44/request.json"",""environment.json"":""shared/environment-426f4d5e885fde88ce0026807c4f03f6528ad9a8e856b76d2c42b4cfc13c97ea.json""}"
awc4-cosine-h20--0.008--0.974--0.999--s42,awc4,20,1615194.7870475252,1512842.9973536192,1395951.8292443512,99.3931042740005,391.78452000899415,40.78472375869751,2554205,2026-09-16,"{""metrics.jsonl"":""logs/cosine/awc4/h20/lr-0.008-b1-0.974-b2-0.999/s42/metrics.jsonl"",""result.json"":""logs/cosine/awc4/h20/lr-0.008-b1-0.974-b2-0.999/s42/result.json"",""resolved.yaml"":""logs/cosine/awc4/h20/lr-0.008-b1-0.974-b2-0.999/s42/resolved.yaml"",""receipt.json"":""logs/cosine/awc4/h20/lr-0.008-b1-0.974-b2-0.999/s42/receipt.json"",""request.json"":""logs/cosine/awc4/h20/lr-0.008-b1-0.974-b2-0.999/s42/request.json"",""environment.json"":""shared/environment-6c22d1ffb24ea863d1a99f2f9b5b63c2609ca8382e34eb236d61fa1307e6af53.json""}"
awc4-cosine-h20--0.008--0.974--0.999--s43,awc4,20,1601215.5262889182,1467711.4009368783,1356527.7606416354,102.66361479500483,403.5148519489958,40.78472375869751,2554309,2026-09-16,"{""metrics.jsonl"":""logs/cosine/awc4/h20/lr-0.008-b1-0.974-b2-0.999/s43/metrics.jsonl"",""result.json"":""logs/cosine/awc4/h20/lr-0.008-b1-0.974-b2-0.999/s43/result.json"",""resolved.yaml"":""logs/cosine/awc4/h20/lr-0.008-b1-0.974-b2-0.999/s43/resolved.yaml"",""receipt.json"":""logs/cosine/awc4/h20/lr-0.008-b1-0.974-b2-0.999/s43/receipt.json"",""request.json"":""logs/cosine/awc4/h20/lr-0.008-b1-0.974-b2-0.999/s43/request.json"",""environment.json"":""shared/environment-306d0df901af4c40decb69d38485013673a8f49a4efd5042148be5805e3ff885.json""}"
awc4-cosine-h20--0.008--0.974--0.999--s44,awc4,20,1580830.5999453273,1478257.3164724545,1364830.702481168,102.98461972399673,401.99617438299174,40.78472375869751,2554310,2026-09-16,"{""metrics.jsonl"":""logs/cosine/awc4/h20/lr-0.008-b1-0.974-b2-0.999/s44/metrics.jsonl"",""result.json"":""logs/cosine/awc4/h20/lr-0.008-b1-0.974-b2-0.999/s44/result.json"",""resolved.yaml"":""logs/cosine/awc4/h20/lr-0.008-b1-0.974-b2-0.999/s44/resolved.yaml"",""receipt.json"":""logs/cosine/awc4/h20/lr-0.008-b1-0.974-b2-0.999/s44/receipt.json"",""request.json"":""logs/cosine/awc4/h20/lr-0.008-b1-0.974-b2-0.999/s44/request.json"",""environment.json"":""shared/environment-67dd523f3794ae2bff8b792f54601fc8c15f5a736314ce7e287f08f3410ecbaa.json""}"
awc4-cosine-h20--0.009--0.9--0.99--s42,awc4,20,1624663.762132664,1386956.494286451,1287253.2852154272,100.06693601599545,417.6156932050071,40.78472375869751,2552459,2026-09-16,"{""metrics.jsonl"":""logs/cosine/awc4/h20/lr-0.009-b1-0.9-b2-0.99/s42/metrics.jsonl"",""result.json"":""logs/cosine/awc4/h20/lr-0.009-b1-0.9-b2-0.99/s42/result.json"",""resolved.yaml"":""logs/cosine/awc4/h20/lr-0.009-b1-0.9-b2-0.99/s42/resolved.yaml"",""receipt.json"":""logs/cosine/awc4/h20/lr-0.009-b1-0.9-b2-0.99/s42/receipt.json"",""request.json"":""logs/cosine/awc4/h20/lr-0.009-b1-0.9-b2-0.99/s42/request.json"",""environment.json"":""shared/environment-baf5def098b41856c776024f279319192f7a89a851a1e2e49cd8085326173e95.json""}"
awc4-cosine-h20--0.009--0.9--0.99--s43,awc4,20,1551975.1779889127,1329289.5955403135,1235457.243062275,102.79514860600466,433.5465042010037,40.78472375869751,2552460,2026-09-16,"{""metrics.jsonl"":""logs/cosine/awc4/h20/lr-0.009-b1-0.9-b2-0.99/s43/metrics.jsonl"",""result.json"":""logs/cosine/awc4/h20/lr-0.009-b1-0.9-b2-0.99/s43/result.json"",""resolved.yaml"":""logs/cosine/awc4/h20/lr-0.009-b1-0.9-b2-0.99/s43/resolved.yaml"",""receipt.json"":""logs/cosine/awc4/h20/lr-0.009-b1-0.9-b2-0.99/s43/receipt.json"",""request.json"":""logs/cosine/awc4/h20/lr-0.009-b1-0.9-b2-0.99/s43/request.json"",""environment.json"":""shared/environment-40fde7326bf5eeddc68c439d273a09643a3100f74fe7400eb4c213a41396d0f0.json""}"
awc4-cosine-h20--0.009--0.9--0.99--s44,awc4,20,1571200.964394951,1344816.507766275,1248233.6305514632,102.87039332999848,430.2301118139876,40.78472375869751,2552461,2026-09-16,"{""metrics.jsonl"":""logs/cosine/awc4/h20/lr-0.009-b1-0.9-b2-0.99/s44/metrics.jsonl"",""result.json"":""logs/cosine/awc4/h20/lr-0.009-b1-0.9-b2-0.99/s44/result.json"",""resolved.yaml"":""logs/cosine/awc4/h20/lr-0.009-b1-0.9-b2-0.99/s44/resolved.yaml"",""receipt.json"":""logs/cosine/awc4/h20/lr-0.009-b1-0.9-b2-0.99/s44/receipt.json"",""request.json"":""logs/cosine/awc4/h20/lr-0.009-b1-0.9-b2-0.99/s44/request.json"",""environment.json"":""shared/environment-0423682e642d04b9e745ac4f253758a799399d4e5ed25d9bc45aaaa2dc07b382.json""}"
awc4-cosine-h20--0.009--0.9--0.999--s42,awc4,20,1622417.4805530948,1520389.628114183,1401585.5344574663,100.86091154199676,392.0342711859994,40.78472375869751,2552474,2026-09-16,"{""metrics.jsonl"":""logs/cosine/awc4/h20/lr-0.009-b1-0.9-b2-0.999/s42/metrics.jsonl"",""result.json"":""logs/cosine/awc4/h20/lr-0.009-b1-0.9-b2-0.999/s42/result.json"",""resolved.yaml"":""logs/cosine/awc4/h20/lr-0.009-b1-0.9-b2-0.999/s42/resolved.yaml"",""receipt.json"":""logs/cosine/awc4/h20/lr-0.009-b1-0.9-b2-0.999/s42/receipt.json"",""request.json"":""logs/cosine/awc4/h20/lr-0.009-b1-0.9-b2-0.999/s42/request.json"",""environment.json"":""shared/environment-03b6a42aed261a1def78c1151312e9c9221b2c70536da530c3405d0a1cfa1467.json""}"
awc4-cosine-h20--0.009--0.9--0.999--s43,awc4,20,1628691.6957502272,1526023.9045433349,1407882.5865993581,99.83773958399252,389.70364423100546,40.78472375869751,2552475,2026-09-16,"{""metrics.jsonl"":""logs/cosine/awc4/h20/lr-0.009-b1-0.9-b2-0.999/s43/metrics.jsonl"",""result.json"":""logs/cosine/awc4/h20/lr-0.009-b1-0.9-b2-0.999/s43/result.json"",""resolved.yaml"":""logs/cosine/awc4/h20/lr-0.009-b1-0.9-b2-0.999/s43/resolved.yaml"",""receipt.json"":""logs/cosine/awc4/h20/lr-0.009-b1-0.9-b2-0.999/s43/receipt.json"",""request.json"":""logs/cosine/awc4/h20/lr-0.009-b1-0.9-b2-0.999/s43/request.json"",""environment.json"":""shared/environment-d768d94a28ad97a505eb7d622408e55a2e07db85768393f438e2e3f9c080e355.json""}"
awc4-cosine-h20--0.009--0.9--0.999--s44,awc4,20,1600867.2405468482,1497746.2508986879,1382991.0576806064,101.6398059540079,396.770872255991,40.78472375869751,2552476,2026-09-16,"{""metrics.jsonl"":""logs/cosine/awc4/h20/lr-0.009-b1-0.9-b2-0.999/s44/metrics.jsonl"",""result.json"":""logs/cosine/awc4/h20/lr-0.009-b1-0.9-b2-0.999/s44/result.json"",""resolved.yaml"":""logs/cosine/awc4/h20/lr-0.009-b1-0.9-b2-0.999/s44/resolved.yaml"",""receipt.json"":""logs/cosine/awc4/h20/lr-0.009-b1-0.9-b2-0.999/s44/receipt.json"",""request.json"":""logs/cosine/awc4/h20/lr-0.009-b1-0.9-b2-0.999/s44/request.json"",""environment.json"":""shared/environment-05eb7da582da72c3bf2aca624705f03a589317608e660e8b2515dd507d7352e3.json""}"
awc4-cosine-h20--0.009--0.95--0.99--s42,awc4,20,1565941.9990796905,1472089.2863746104,1356434.623827664,103.50492555000528,404.36378173501,40.78472375869751,2552490,2026-09-16,"{""metrics.jsonl"":""logs/cosine/awc4/h20/lr-0.009-b1-0.95-b2-0.99/s42/metrics.jsonl"",""result.json"":""logs/cosine/awc4/h20/lr-0.009-b1-0.95-b2-0.99/s42/result.json"",""resolved.yaml"":""logs/cosine/awc4/h20/lr-0.009-b1-0.95-b2-0.99/s42/resolved.yaml"",""receipt.json"":""logs/cosine/awc4/h20/lr-0.009-b1-0.95-b2-0.99/s42/receipt.json"",""request.json"":""logs/cosine/awc4/h20/lr-0.009-b1-0.95-b2-0.99/s42/request.json"",""environment.json"":""shared/environment-b8ad115e1797119e46abfe0a7d79a007e4335bc3bae7ddc6979498c2d59f4532.json""}"
awc4-cosine-h20--0.009--0.95--0.99--s43,awc4,20,1613314.227382561,1342959.4265983088,1248333.2947330917,101.15246069700152,428.51114085099834,40.78472375869751,2552491,2026-09-16,"{""metrics.jsonl"":""logs/cosine/awc4/h20/lr-0.009-b1-0.95-b2-0.99/s43/metrics.jsonl"",""result.json"":""logs/cosine/awc4/h20/lr-0.009-b1-0.95-b2-0.99/s43/result.json"",""resolved.yaml"":""logs/cosine/awc4/h20/lr-0.009-b1-0.95-b2-0.99/s43/resolved.yaml"",""receipt.json"":""logs/cosine/awc4/h20/lr-0.009-b1-0.95-b2-0.99/s43/receipt.json"",""request.json"":""logs/cosine/awc4/h20/lr-0.009-b1-0.95-b2-0.99/s43/request.json"",""environment.json"":""shared/environment-51fe82ea58a1310cbd3960620d49e2b35f4a1fc25454f7af8d91b6c7ed78b229.json""}"
awc4-cosine-h20--0.009--0.95--0.99--s44,awc4,20,1590130.8633235157,1326705.3871596719,1234690.3252919156,100.5409446900012,431.59004585699586,40.78472375869751,2552492,2026-09-16,"{""metrics.jsonl"":""logs/cosine/awc4/h20/lr-0.009-b1-0.95-b2-0.99/s44/metrics.jsonl"",""result.json"":""logs/cosine/awc4/h20/lr-0.009-b1-0.95-b2-0.99/s44/result.json"",""resolved.yaml"":""logs/cosine/awc4/h20/lr-0.009-b1-0.95-b2-0.99/s44/resolved.yaml"",""receipt.json"":""logs/cosine/awc4/h20/lr-0.009-b1-0.95-b2-0.99/s44/receipt.json"",""request.json"":""logs/cosine/awc4/h20/lr-0.009-b1-0.95-b2-0.99/s44/request.json"",""environment.json"":""shared/environment-33df600df073c58725ae61ca14ca7f860cc592bee7d71c28869d4528fa2635d1.json""}"
awc4-cosine-h20--0.009--0.95--0.999--s42,awc4,20,1622609.3616731798,1519234.2492156418,1402084.6560007343,100.5945778900059,391.6596214380115,40.78472375869751,2553088,2026-09-16,"{""metrics.jsonl"":""logs/cosine/awc4/h20/lr-0.009-b1-0.95-b2-0.999/s42/metrics.jsonl"",""result.json"":""logs/cosine/awc4/h20/lr-0.009-b1-0.95-b2-0.999/s42/result.json"",""resolved.yaml"":""logs/cosine/awc4/h20/lr-0.009-b1-0.95-b2-0.999/s42/resolved.yaml"",""receipt.json"":""logs/cosine/awc4/h20/lr-0.009-b1-0.95-b2-0.999/s42/receipt.json"",""request.json"":""logs/cosine/awc4/h20/lr-0.009-b1-0.95-b2-0.999/s42/request.json"",""environment.json"":""shared/environment-85cf67ca10c8374168802fbb59f964fad21bbe3c1783b3b87cf1280bd4ae52a8.json""}"
awc4-cosine-h20--0.009--0.95--0.999--s43,awc4,20,1627735.2239201998,1520777.6107842338,1402695.7466254043,99.35207019498921,390.32306882500416,40.78472375869751,2553144,2026-09-16,"{""metrics.jsonl"":""logs/cosine/awc4/h20/lr-0.009-b1-0.95-b2-0.999/s43/metrics.jsonl"",""result.json"":""logs/cosine/awc4/h20/lr-0.009-b1-0.95-b2-0.999/s43/result.json"",""resolved.yaml"":""logs/cosine/awc4/h20/lr-0.009-b1-0.95-b2-0.999/s43/resolved.yaml"",""receipt.json"":""logs/cosine/awc4/h20/lr-0.009-b1-0.95-b2-0.999/s43/receipt.json"",""request.json"":""logs/cosine/awc4/h20/lr-0.009-b1-0.95-b2-0.999/s43/request.json"",""environment.json"":""shared/environment-007afc86bc473874b3fd9a0ccbfdfaa5bc7ca524f2dcabe5c93140d237348df2.json""}"
awc4-cosine-h20--0.009--0.95--0.999--s44,awc4,20,1603813.658088485,1362259.6283672927,1259685.1141881463,101.52494831501099,425.97002211200015,40.78472375869751,2553201,2026-09-16,"{""metrics.jsonl"":""logs/cosine/awc4/h20/lr-0.009-b1-0.95-b2-0.999/s44/metrics.jsonl"",""result.json"":""logs/cosine/awc4/h20/lr-0.009-b1-0.95-b2-0.999/s44/result.json"",""resolved.yaml"":""logs/cosine/awc4/h20/lr-0.009-b1-0.95-b2-0.999/s44/resolved.yaml"",""receipt.json"":""logs/cosine/awc4/h20/lr-0.009-b1-0.95-b2-0.999/s44/receipt.json"",""request.json"":""logs/cosine/awc4/h20/lr-0.009-b1-0.95-b2-0.999/s44/request.json"",""environment.json"":""shared/environment-ff159a8ce7df1b903330860ef64ba26cbfe9c2913c268ee55172bf3ae9900fc8.json""}"
awc4-cosine-h20--0.009--0.974--0.99--s42,awc4,20,1590095.4447821814,1351723.381511025,1254654.408678966,101.97949825800242,427.6750482989992,40.78472375869751,2553809,2026-09-16,"{""metrics.jsonl"":""logs/cosine/awc4/h20/lr-0.009-b1-0.974-b2-0.99/s42/metrics.jsonl"",""result.json"":""logs/cosine/awc4/h20/lr-0.009-b1-0.974-b2-0.99/s42/result.json"",""resolved.yaml"":""logs/cosine/awc4/h20/lr-0.009-b1-0.974-b2-0.99/s42/resolved.yaml"",""receipt.json"":""logs/cosine/awc4/h20/lr-0.009-b1-0.974-b2-0.99/s42/receipt.json"",""request.json"":""logs/cosine/awc4/h20/lr-0.009-b1-0.974-b2-0.99/s42/request.json"",""environment.json"":""shared/environment-4f75d0e45a9bbab2eb8bb0d27280f69f51e02c00c1e210ac0a1b852731832713.json""}"
awc4-cosine-h20--0.009--0.974--0.99--s43,awc4,20,1599829.096657948,1497030.451735528,1382264.757576883,101.54248617000121,396.82563171201036,40.78472375869751,2553810,2026-09-16,"{""metrics.jsonl"":""logs/cosine/awc4/h20/lr-0.009-b1-0.974-b2-0.99/s43/metrics.jsonl"",""result.json"":""logs/cosine/awc4/h20/lr-0.009-b1-0.974-b2-0.99/s43/result.json"",""resolved.yaml"":""logs/cosine/awc4/h20/lr-0.009-b1-0.974-b2-0.99/s43/resolved.yaml"",""receipt.json"":""logs/cosine/awc4/h20/lr-0.009-b1-0.974-b2-0.99/s43/receipt.json"",""request.json"":""logs/cosine/awc4/h20/lr-0.009-b1-0.974-b2-0.99/s43/request.json"",""environment.json"":""shared/environment-18c21526f23a5be7d89adfa72f20db2b41e81b802af01908b5e0c31271a84a76.json""}"
awc4-cosine-h20--0.009--0.974--0.99--s44,awc4,20,1590392.683998322,1478651.1790150327,1365800.8735737952,100.77925130800577,399.7116740659985,40.78472375869751,2553860,2026-09-16,"{""metrics.jsonl"":""logs/cosine/awc4/h20/lr-0.009-b1-0.974-b2-0.99/s44/metrics.jsonl"",""result.json"":""logs/cosine/awc4/h20/lr-0.009-b1-0.974-b2-0.99/s44/result.json"",""resolved.yaml"":""logs/cosine/awc4/h20/lr-0.009-b1-0.974-b2-0.99/s44/resolved.yaml"",""receipt.json"":""logs/cosine/awc4/h20/lr-0.009-b1-0.974-b2-0.99/s44/receipt.json"",""request.json"":""logs/cosine/awc4/h20/lr-0.009-b1-0.974-b2-0.99/s44/request.json"",""environment.json"":""shared/environment-b685b51372be61f33dabbdf2ddb83fbe490d7d5278cd02fd74e5d2749961dba5.json""}"
awc4-cosine-h20--0.009--0.974--0.999--s42,awc4,20,1599563.6634467584,1498376.1846950238,1383716.8706854798,101.47308439899643,396.45014873100445,40.78472375869751,2554330,2026-09-16,"{""metrics.jsonl"":""logs/cosine/awc4/h20/lr-0.009-b1-0.974-b2-0.999/s42/metrics.jsonl"",""result.json"":""logs/cosine/awc4/h20/lr-0.009-b1-0.974-b2-0.999/s42/result.json"",""resolved.yaml"":""logs/cosine/awc4/h20/lr-0.009-b1-0.974-b2-0.999/s42/resolved.yaml"",""receipt.json"":""logs/cosine/awc4/h20/lr-0.009-b1-0.974-b2-0.999/s42/receipt.json"",""request.json"":""logs/cosine/awc4/h20/lr-0.009-b1-0.974-b2-0.999/s42/request.json"",""environment.json"":""shared/environment-ae49b81930097e919ef27cc6b103e8b70f67feafb3f5e3624b53e95c1c9aedd7.json""}"
awc4-cosine-h20--0.009--0.974--0.999--s43,awc4,20,1588228.9457727114,1474312.0651671006,1361454.3538938924,101.07980260500335,400.96963223700004,40.78472375869751,2554331,2026-09-16,"{""metrics.jsonl"":""logs/cosine/awc4/h20/lr-0.009-b1-0.974-b2-0.999/s43/metrics.jsonl"",""result.json"":""logs/cosine/awc4/h20/lr-0.009-b1-0.974-b2-0.999/s43/result.json"",""resolved.yaml"":""logs/cosine/awc4/h20/lr-0.009-b1-0.974-b2-0.999/s43/resolved.yaml"",""receipt.json"":""logs/cosine/awc4/h20/lr-0.009-b1-0.974-b2-0.999/s43/receipt.json"",""request.json"":""logs/cosine/awc4/h20/lr-0.009-b1-0.974-b2-0.999/s43/request.json"",""environment.json"":""shared/environment-c377bd0add5aa0c54321888943522df77aa0509d5c89996a4736c34db2633510.json""}"
awc4-cosine-h20--0.009--0.974--0.999--s44,awc4,20,1582012.8678042043,1484913.430521087,1370617.504684613,102.69019277000916,400.4625320399937,40.78472375869751,2554392,2026-09-16,"{""metrics.jsonl"":""logs/cosine/awc4/h20/lr-0.009-b1-0.974-b2-0.999/s44/metrics.jsonl"",""result.json"":""logs/cosine/awc4/h20/lr-0.009-b1-0.974-b2-0.999/s44/result.json"",""resolved.yaml"":""logs/cosine/awc4/h20/lr-0.009-b1-0.974-b2-0.999/s44/resolved.yaml"",""receipt.json"":""logs/cosine/awc4/h20/lr-0.009-b1-0.974-b2-0.999/s44/receipt.json"",""request.json"":""logs/cosine/awc4/h20/lr-0.009-b1-0.974-b2-0.999/s44/request.json"",""environment.json"":""shared/environment-366c4efc1aa03091d9afa08f218fe60d39e41ea0ad7ff68c81b1b66205b64659.json""}"
awc4-cosine-h20--0.01--0.9--0.99--s42,awc4,20,1606816.3670487814,1498832.2390571309,1382593.5521967544,101.60948721699242,396.7841537070053,40.78472375869751,2565880,2026-09-16,"{""metrics.jsonl"":""logs/cosine/awc4/h20/lr-0.01-b1-0.9-b2-0.99/s42/metrics.jsonl"",""result.json"":""logs/cosine/awc4/h20/lr-0.01-b1-0.9-b2-0.99/s42/result.json"",""resolved.yaml"":""logs/cosine/awc4/h20/lr-0.01-b1-0.9-b2-0.99/s42/resolved.yaml"",""receipt.json"":""logs/cosine/awc4/h20/lr-0.01-b1-0.9-b2-0.99/s42/receipt.json"",""request.json"":""logs/cosine/awc4/h20/lr-0.01-b1-0.9-b2-0.99/s42/request.json"",""environment.json"":""shared/environment-4d2274e7de1270305bf8c566f07d9a53d1a9373e44ee658c3da5739761c8487e.json""}"
awc4-cosine-h20--0.01--0.9--0.99--s43,awc4,20,1585009.7870435677,1479864.8962841604,1367535.421307616,100.53966003400274,399.00931408500765,40.78472375869751,2565881,2026-09-16,"{""metrics.jsonl"":""logs/cosine/awc4/h20/lr-0.01-b1-0.9-b2-0.99/s43/metrics.jsonl"",""result.json"":""logs/cosine/awc4/h20/lr-0.01-b1-0.9-b2-0.99/s43/result.json"",""resolved.yaml"":""logs/cosine/awc4/h20/lr-0.01-b1-0.9-b2-0.99/s43/resolved.yaml"",""receipt.json"":""logs/cosine/awc4/h20/lr-0.01-b1-0.9-b2-0.99/s43/receipt.json"",""request.json"":""logs/cosine/awc4/h20/lr-0.01-b1-0.9-b2-0.99/s43/request.json"",""environment.json"":""shared/environment-16968834e6b714d7093fe28b144f53a6462a54154b31c7c9f3145455e793c927.json""}"
awc4-cosine-h20--0.01--0.9--0.99--s44,awc4,20,1605841.4875297619,1497498.2463650904,1383839.8415273635,100.25491007399978,395.16894874600985,40.78472375869751,2565882,2026-09-16,"{""metrics.jsonl"":""logs/cosine/awc4/h20/lr-0.01-b1-0.9-b2-0.99/s44/metrics.jsonl"",""result.json"":""logs/cosine/awc4/h20/lr-0.01-b1-0.9-b2-0.99/s44/result.json"",""resolved.yaml"":""logs/cosine/awc4/h20/lr-0.01-b1-0.9-b2-0.99/s44/resolved.yaml"",""receipt.json"":""logs/cosine/awc4/h20/lr-0.01-b1-0.9-b2-0.99/s44/receipt.json"",""request.json"":""logs/cosine/awc4/h20/lr-0.01-b1-0.9-b2-0.99/s44/request.json"",""environment.json"":""shared/environment-59d50d2fa219ca711b42cb5d76c821d996a0b63bdb63fb2da3a8a75397d7f561.json""}"
awc4-cosine-h20--0.01--0.9--0.999--s42,awc4,20,1590955.445905902,1375012.527567628,1275831.1033804026,101.61808164599643,422.0308055429996,40.78472375869751,2565886,2026-09-16,"{""metrics.jsonl"":""logs/cosine/awc4/h20/lr-0.01-b1-0.9-b2-0.999/s42/metrics.jsonl"",""result.json"":""logs/cosine/awc4/h20/lr-0.01-b1-0.9-b2-0.999/s42/result.json"",""resolved.yaml"":""logs/cosine/awc4/h20/lr-0.01-b1-0.9-b2-0.999/s42/resolved.yaml"",""receipt.json"":""logs/cosine/awc4/h20/lr-0.01-b1-0.9-b2-0.999/s42/receipt.json"",""request.json"":""logs/cosine/awc4/h20/lr-0.01-b1-0.9-b2-0.999/s42/request.json"",""environment.json"":""shared/environment-f8df89a0887cdfcba5dae601c802e5f651ed46aa5d023c1db330480e3f8033c4.json""}"
awc4-cosine-h20--0.01--0.9--0.999--s43,awc4,20,1624754.5372099609,1484611.3127490743,1371963.942866789,100.4688758419943,398.2005271789967,40.78472375869751,2565887,2026-09-16,"{""metrics.jsonl"":""logs/cosine/awc4/h20/lr-0.01-b1-0.9-b2-0.999/s43/metrics.jsonl"",""result.json"":""logs/cosine/awc4/h20/lr-0.01-b1-0.9-b2-0.999/s43/result.json"",""resolved.yaml"":""logs/cosine/awc4/h20/lr-0.01-b1-0.9-b2-0.999/s43/resolved.yaml"",""receipt.json"":""logs/cosine/awc4/h20/lr-0.01-b1-0.9-b2-0.999/s43/receipt.json"",""request.json"":""logs/cosine/awc4/h20/lr-0.01-b1-0.9-b2-0.999/s43/request.json"",""environment.json"":""shared/environment-4ede7da17718b2b37c807a6e3569d731545cfe6798c533b79f450156d41dd37f.json""}"
awc4-cosine-h20--0.01--0.9--0.999--s44,awc4,20,1596474.5524366125,1356394.713679261,1260008.7279236694,101.82665739400545,426.188357320003,40.78472375869751,2565888,2026-09-16,"{""metrics.jsonl"":""logs/cosine/awc4/h20/lr-0.01-b1-0.9-b2-0.999/s44/metrics.jsonl"",""result.json"":""logs/cosine/awc4/h20/lr-0.01-b1-0.9-b2-0.999/s44/result.json"",""resolved.yaml"":""logs/cosine/awc4/h20/lr-0.01-b1-0.9-b2-0.999/s44/resolved.yaml"",""receipt.json"":""logs/cosine/awc4/h20/lr-0.01-b1-0.9-b2-0.999/s44/receipt.json"",""request.json"":""logs/cosine/awc4/h20/lr-0.01-b1-0.9-b2-0.999/s44/request.json"",""environment.json"":""shared/environment-241a4e2c55d9831a568423f53ba9415c28caac48e167d92ef66e492ff82be687.json""}"
awc4-cosine-h20--0.01--0.95--0.99--s42,awc4,20,1609196.370058975,1365242.0155101905,1253665.4546811967,100.1632774539903,425.7044953989971,40.78472375869751,2565894,2026-09-16,"{""metrics.jsonl"":""logs/cosine/awc4/h20/lr-0.01-b1-0.95-b2-0.99/s42/metrics.jsonl"",""result.json"":""logs/cosine/awc4/h20/lr-0.01-b1-0.95-b2-0.99/s42/result.json"",""resolved.yaml"":""logs/cosine/awc4/h20/lr-0.01-b1-0.95-b2-0.99/s42/resolved.yaml"",""receipt.json"":""logs/cosine/awc4/h20/lr-0.01-b1-0.95-b2-0.99/s42/receipt.json"",""request.json"":""logs/cosine/awc4/h20/lr-0.01-b1-0.95-b2-0.99/s42/request.json"",""environment.json"":""shared/environment-47142c0055b07b04533b7c95c98a2bc9dc5c0eb7c1332b3fe4d9faebfd0123e0.json""}"
awc4-cosine-h20--0.01--0.95--0.99--s43,awc4,20,1576437.3408975245,1345229.0296461454,1249961.3956525389,102.68775370399817,429.5997862889926,40.78472375869751,2565895,2026-09-16,"{""metrics.jsonl"":""logs/cosine/awc4/h20/lr-0.01-b1-0.95-b2-0.99/s43/metrics.jsonl"",""result.json"":""logs/cosine/awc4/h20/lr-0.01-b1-0.95-b2-0.99/s43/result.json"",""resolved.yaml"":""logs/cosine/awc4/h20/lr-0.01-b1-0.95-b2-0.99/s43/resolved.yaml"",""receipt.json"":""logs/cosine/awc4/h20/lr-0.01-b1-0.95-b2-0.99/s43/receipt.json"",""request.json"":""logs/cosine/awc4/h20/lr-0.01-b1-0.95-b2-0.99/s43/request.json"",""environment.json"":""shared/environment-574bd338d6137c4e8725cafc646ef6f0efda6cb76a1df9e2893c8ec9396a3c76.json""}"
awc4-cosine-h20--0.01--0.95--0.99--s44,awc4,20,1629017.2227547637,1514753.5083450081,1397857.0995062331,100.19043114499073,392.15404046399635,40.78472375869751,2565896,2026-09-16,"{""metrics.jsonl"":""logs/cosine/awc4/h20/lr-0.01-b1-0.95-b2-0.99/s44/metrics.jsonl"",""result.json"":""logs/cosine/awc4/h20/lr-0.01-b1-0.95-b2-0.99/s44/result.json"",""resolved.yaml"":""logs/cosine/awc4/h20/lr-0.01-b1-0.95-b2-0.99/s44/resolved.yaml"",""receipt.json"":""logs/cosine/awc4/h20/lr-0.01-b1-0.95-b2-0.99/s44/receipt.json"",""request.json"":""logs/cosine/awc4/h20/lr-0.01-b1-0.95-b2-0.99/s44/request.json"",""environment.json"":""shared/environment-ed6050cb6acdb2eaeaec9e0ecbb32d5f806ee7fda53761d10631b754b9bfdd52.json""}"
awc4-cosine-h20--0.01--0.95--0.999--s42,awc4,20,1590542.8122539534,1484858.0988439424,1369903.3528066517,100.60647446499206,398.5218535469903,40.78472375869751,2565900,2026-09-16,"{""metrics.jsonl"":""logs/cosine/awc4/h20/lr-0.01-b1-0.95-b2-0.999/s42/metrics.jsonl"",""result.json"":""logs/cosine/awc4/h20/lr-0.01-b1-0.95-b2-0.999/s42/result.json"",""resolved.yaml"":""logs/cosine/awc4/h20/lr-0.01-b1-0.95-b2-0.999/s42/resolved.yaml"",""receipt.json"":""logs/cosine/awc4/h20/lr-0.01-b1-0.95-b2-0.999/s42/receipt.json"",""request.json"":""logs/cosine/awc4/h20/lr-0.01-b1-0.95-b2-0.999/s42/request.json"",""environment.json"":""shared/environment-52ceada1bb629d8801dcb955015b8fe4f8301081fc19a411ecfe4eff0eeb89bc.json""}"
awc4-cosine-h20--0.01--0.95--0.999--s43,awc4,20,1608755.6870918442,1389137.78908689,1288650.1193495754,101.35340675601037,418.47331693099113,40.78472375869751,2565901,2026-09-16,"{""metrics.jsonl"":""logs/cosine/awc4/h20/lr-0.01-b1-0.95-b2-0.999/s43/metrics.jsonl"",""result.json"":""logs/cosine/awc4/h20/lr-0.01-b1-0.95-b2-0.999/s43/result.json"",""resolved.yaml"":""logs/cosine/awc4/h20/lr-0.01-b1-0.95-b2-0.999/s43/resolved.yaml"",""receipt.json"":""logs/cosine/awc4/h20/lr-0.01-b1-0.95-b2-0.999/s43/receipt.json"",""request.json"":""logs/cosine/awc4/h20/lr-0.01-b1-0.95-b2-0.999/s43/request.json"",""environment.json"":""shared/environment-afe841f13d1ffcb91d85ed23bd9f285a5c6f8972b83bad637ff07e4adc5ce6b1.json""}"
awc4-cosine-h20--0.01--0.95--0.999--s44,awc4,20,1599797.1631204986,1491824.0628882777,1377485.4443419508,101.30710266399547,397.58601891800936,40.78472375869751,2565902,2026-09-16,"{""metrics.jsonl"":""logs/cosine/awc4/h20/lr-0.01-b1-0.95-b2-0.999/s44/metrics.jsonl"",""result.json"":""logs/cosine/awc4/h20/lr-0.01-b1-0.95-b2-0.999/s44/result.json"",""resolved.yaml"":""logs/cosine/awc4/h20/lr-0.01-b1-0.95-b2-0.999/s44/resolved.yaml"",""receipt.json"":""logs/cosine/awc4/h20/lr-0.01-b1-0.95-b2-0.999/s44/receipt.json"",""request.json"":""logs/cosine/awc4/h20/lr-0.01-b1-0.95-b2-0.999/s44/request.json"",""environment.json"":""shared/environment-8b2d4ca285683630e5a664027e1a5568a72a9530c755274eef81e70865bfb3eb.json""}"
awc4-cosine-h20--0.01--0.974--0.99--s42,awc4,20,1608576.9692396487,1370766.044135904,1246461.5739238707,101.07157804901362,429.1298839230003,40.78472375869751,2565906,2026-09-16,"{""metrics.jsonl"":""logs/cosine/awc4/h20/lr-0.01-b1-0.974-b2-0.99/s42/metrics.jsonl"",""result.json"":""logs/cosine/awc4/h20/lr-0.01-b1-0.974-b2-0.99/s42/result.json"",""resolved.yaml"":""logs/cosine/awc4/h20/lr-0.01-b1-0.974-b2-0.99/s42/resolved.yaml"",""receipt.json"":""logs/cosine/awc4/h20/lr-0.01-b1-0.974-b2-0.99/s42/receipt.json"",""request.json"":""logs/cosine/awc4/h20/lr-0.01-b1-0.974-b2-0.99/s42/request.json"",""environment.json"":""shared/environment-214b959ea256a9c793487a75d59e0baa64141ed99c0db47164e1968699e1974b.json""}"
awc4-cosine-h20--0.01--0.974--0.99--s43,awc4,20,1586775.4802202384,1355030.9849372904,1258073.1483299986,101.76893574200221,426.7820497799985,40.78472375869751,2565907,2026-09-16,"{""metrics.jsonl"":""logs/cosine/awc4/h20/lr-0.01-b1-0.974-b2-0.99/s43/metrics.jsonl"",""result.json"":""logs/cosine/awc4/h20/lr-0.01-b1-0.974-b2-0.99/s43/result.json"",""resolved.yaml"":""logs/cosine/awc4/h20/lr-0.01-b1-0.974-b2-0.99/s43/resolved.yaml"",""receipt.json"":""logs/cosine/awc4/h20/lr-0.01-b1-0.974-b2-0.99/s43/receipt.json"",""request.json"":""logs/cosine/awc4/h20/lr-0.01-b1-0.974-b2-0.99/s43/request.json"",""environment.json"":""shared/environment-1d7c4802547da9c9873a0ad6915cd65c2215e00ef250a4736aa0d030e671dd2e.json""}"
awc4-cosine-h20--0.01--0.974--0.99--s44,awc4,20,1569269.22804616,1469709.4210658793,1359364.518673644,100.93033026499324,401.1742508239986,40.78472375869751,2565908,2026-09-16,"{""metrics.jsonl"":""logs/cosine/awc4/h20/lr-0.01-b1-0.974-b2-0.99/s44/metrics.jsonl"",""result.json"":""logs/cosine/awc4/h20/lr-0.01-b1-0.974-b2-0.99/s44/result.json"",""resolved.yaml"":""logs/cosine/awc4/h20/lr-0.01-b1-0.974-b2-0.99/s44/resolved.yaml"",""receipt.json"":""logs/cosine/awc4/h20/lr-0.01-b1-0.974-b2-0.99/s44/receipt.json"",""request.json"":""logs/cosine/awc4/h20/lr-0.01-b1-0.974-b2-0.99/s44/request.json"",""environment.json"":""shared/environment-8d65103d73b1289e6224b6c6070b89c74bf8555dd215f713423b639a074c2bb7.json""}"
awc4-cosine-h20--0.01--0.974--0.999--s42,awc4,20,1632182.276913082,1521317.0620366528,1403511.0653422587,100.23170407199359,391.00687757700507,40.78472375869751,2565913,2026-09-16,"{""metrics.jsonl"":""logs/cosine/awc4/h20/lr-0.01-b1-0.974-b2-0.999/s42/metrics.jsonl"",""result.json"":""logs/cosine/awc4/h20/lr-0.01-b1-0.974-b2-0.999/s42/result.json"",""resolved.yaml"":""logs/cosine/awc4/h20/lr-0.01-b1-0.974-b2-0.999/s42/resolved.yaml"",""receipt.json"":""logs/cosine/awc4/h20/lr-0.01-b1-0.974-b2-0.999/s42/receipt.json"",""request.json"":""logs/cosine/awc4/h20/lr-0.01-b1-0.974-b2-0.999/s42/request.json"",""environment.json"":""shared/environment-f0e4296c7e01dc203573158750a391fe0c2c63c7286af4f077ef33501428579e.json""}"
awc4-cosine-h20--0.01--0.974--0.999--s43,awc4,20,1605946.0846174157,1505789.4440579563,1390336.5909206371,100.40932635200443,393.9453040329972,40.78472375869751,2565914,2026-09-16,"{""metrics.jsonl"":""logs/cosine/awc4/h20/lr-0.01-b1-0.974-b2-0.999/s43/metrics.jsonl"",""result.json"":""logs/cosine/awc4/h20/lr-0.01-b1-0.974-b2-0.999/s43/result.json"",""resolved.yaml"":""logs/cosine/awc4/h20/lr-0.01-b1-0.974-b2-0.999/s43/resolved.yaml"",""receipt.json"":""logs/cosine/awc4/h20/lr-0.01-b1-0.974-b2-0.999/s43/receipt.json"",""request.json"":""logs/cosine/awc4/h20/lr-0.01-b1-0.974-b2-0.999/s43/request.json"",""environment.json"":""shared/environment-211b95b94deda880875d51960d770c386b2db669e5c326a45bce6bbddbd75992.json""}"
awc4-cosine-h20--0.01--0.974--0.999--s44,awc4,20,1579705.3391242113,1476800.5624926256,1365125.4642671882,101.27864207100356,400.22492823399807,40.78472375869751,2565915,2026-09-16,"{""metrics.jsonl"":""logs/cosine/awc4/h20/lr-0.01-b1-0.974-b2-0.999/s44/metrics.jsonl"",""result.json"":""logs/cosine/awc4/h20/lr-0.01-b1-0.974-b2-0.999/s44/result.json"",""resolved.yaml"":""logs/cosine/awc4/h20/lr-0.01-b1-0.974-b2-0.999/s44/resolved.yaml"",""receipt.json"":""logs/cosine/awc4/h20/lr-0.01-b1-0.974-b2-0.999/s44/receipt.json"",""request.json"":""logs/cosine/awc4/h20/lr-0.01-b1-0.974-b2-0.999/s44/request.json"",""environment.json"":""shared/environment-5896e8af26d9ebc21a7e1a3a42f913b654fc77d73d48539ba283f57e70c89452.json""}"
awc4-cosine-h20--0.011--0.9--0.99--s42,awc4,20,1583433.582076019,1478772.608992844,1362904.6955406393,101.84946157499508,401.3039952710096,40.78472375869751,2565883,2026-09-16,"{""metrics.jsonl"":""logs/cosine/awc4/h20/lr-0.011-b1-0.9-b2-0.99/s42/metrics.jsonl"",""result.json"":""logs/cosine/awc4/h20/lr-0.011-b1-0.9-b2-0.99/s42/result.json"",""resolved.yaml"":""logs/cosine/awc4/h20/lr-0.011-b1-0.9-b2-0.99/s42/resolved.yaml"",""receipt.json"":""logs/cosine/awc4/h20/lr-0.011-b1-0.9-b2-0.99/s42/receipt.json"",""request.json"":""logs/cosine/awc4/h20/lr-0.011-b1-0.9-b2-0.99/s42/request.json"",""environment.json"":""shared/environment-cbda6e158a5d37e37d7500c19e2146fd5991fb38c3aefd51b060d9abf0327f04.json""}"
awc4-cosine-h20--0.011--0.9--0.99--s43,awc4,20,1591007.3625471252,1363424.915528186,1266616.7095590073,99.98945123099838,422.6722708980087,40.78472375869751,2565884,2026-09-16,"{""metrics.jsonl"":""logs/cosine/awc4/h20/lr-0.011-b1-0.9-b2-0.99/s43/metrics.jsonl"",""result.json"":""logs/cosine/awc4/h20/lr-0.011-b1-0.9-b2-0.99/s43/result.json"",""resolved.yaml"":""logs/cosine/awc4/h20/lr-0.011-b1-0.9-b2-0.99/s43/resolved.yaml"",""receipt.json"":""logs/cosine/awc4/h20/lr-0.011-b1-0.9-b2-0.99/s43/receipt.json"",""request.json"":""logs/cosine/awc4/h20/lr-0.011-b1-0.9-b2-0.99/s43/request.json"",""environment.json"":""shared/environment-5f24bc7c69647b183229be32eadc7d893c333d0fb7e505d48087fb9f24e96a21.json""}"
awc4-cosine-h20--0.011--0.9--0.99--s44,awc4,20,1610279.142510659,1390032.5788900931,1290453.2882380814,99.53090928600432,416.32097084999987,40.78472375869751,2565885,2026-09-16,"{""metrics.jsonl"":""logs/cosine/awc4/h20/lr-0.011-b1-0.9-b2-0.99/s44/metrics.jsonl"",""result.json"":""logs/cosine/awc4/h20/lr-0.011-b1-0.9-b2-0.99/s44/result.json"",""resolved.yaml"":""logs/cosine/awc4/h20/lr-0.011-b1-0.9-b2-0.99/s44/resolved.yaml"",""receipt.json"":""logs/cosine/awc4/h20/lr-0.011-b1-0.9-b2-0.99/s44/receipt.json"",""request.json"":""logs/cosine/awc4/h20/lr-0.011-b1-0.9-b2-0.99/s44/request.json"",""environment.json"":""shared/environment-bd1a44bddc649e63a799a97dfd958e19290183b26c77c8352268cff9978fbdb5.json""}"
awc4-cosine-h20--0.011--0.9--0.999--s42,awc4,20,1573495.5529739985,1466861.3524100762,1356170.2993200507,101.3273335490012,402.2952834980024,40.78472375869751,2565889,2026-09-16,"{""metrics.jsonl"":""logs/cosine/awc4/h20/lr-0.011-b1-0.9-b2-0.999/s42/metrics.jsonl"",""result.json"":""logs/cosine/awc4/h20/lr-0.011-b1-0.9-b2-0.999/s42/result.json"",""resolved.yaml"":""logs/cosine/awc4/h20/lr-0.011-b1-0.9-b2-0.999/s42/resolved.yaml"",""receipt.json"":""logs/cosine/awc4/h20/lr-0.011-b1-0.9-b2-0.999/s42/receipt.json"",""request.json"":""logs/cosine/awc4/h20/lr-0.011-b1-0.9-b2-0.999/s42/request.json"",""environment.json"":""shared/environment-e172f2e6bc01ac81257fb467a36091fb8cb143bf5766d24e7f5f780b87a310d5.json""}"
awc4-cosine-h20--0.011--0.9--0.999--s43,awc4,20,1590855.9224316748,1485787.407349056,1371730.9967092117,102.48477945200284,400.0144986650048,40.78472375869751,2565890,2026-09-16,"{""metrics.jsonl"":""logs/cosine/awc4/h20/lr-0.011-b1-0.9-b2-0.999/s43/metrics.jsonl"",""result.json"":""logs/cosine/awc4/h20/lr-0.011-b1-0.9-b2-0.999/s43/result.json"",""resolved.yaml"":""logs/cosine/awc4/h20/lr-0.011-b1-0.9-b2-0.999/s43/resolved.yaml"",""receipt.json"":""logs/cosine/awc4/h20/lr-0.011-b1-0.9-b2-0.999/s43/receipt.json"",""request.json"":""logs/cosine/awc4/h20/lr-0.011-b1-0.9-b2-0.999/s43/request.json"",""environment.json"":""shared/environment-dca97995ebd4b8b82b64f279ed66522430bdc59612c067a09efd6071a94acda0.json""}"
awc4-cosine-h20--0.011--0.9--0.999--s44,awc4,20,1567653.510757637,1463393.251526136,1352197.175116365,101.24701314599952,403.0719309080014,40.78472375869751,2565891,2026-09-16,"{""metrics.jsonl"":""logs/cosine/awc4/h20/lr-0.011-b1-0.9-b2-0.999/s44/metrics.jsonl"",""result.json"":""logs/cosine/awc4/h20/lr-0.011-b1-0.9-b2-0.999/s44/result.json"",""resolved.yaml"":""logs/cosine/awc4/h20/lr-0.011-b1-0.9-b2-0.999/s44/resolved.yaml"",""receipt.json"":""logs/cosine/awc4/h20/lr-0.011-b1-0.9-b2-0.999/s44/receipt.json"",""request.json"":""logs/cosine/awc4/h20/lr-0.011-b1-0.9-b2-0.999/s44/request.json"",""environment.json"":""shared/environment-abb9f472beb51a5b11c6f390b31c2a584af8a8ce53112f1b9307f3d8eeeca5c9.json""}"
awc4-cosine-h20--0.011--0.95--0.99--s42,awc4,20,1574670.0650398834,1468424.3583352638,1356559.5400714134,100.83110493200365,401.66986475400336,40.78472375869751,2565897,2026-09-16,"{""metrics.jsonl"":""logs/cosine/awc4/h20/lr-0.011-b1-0.95-b2-0.99/s42/metrics.jsonl"",""result.json"":""logs/cosine/awc4/h20/lr-0.011-b1-0.95-b2-0.99/s42/result.json"",""resolved.yaml"":""logs/cosine/awc4/h20/lr-0.011-b1-0.95-b2-0.99/s42/resolved.yaml"",""receipt.json"":""logs/cosine/awc4/h20/lr-0.011-b1-0.95-b2-0.99/s42/receipt.json"",""request.json"":""logs/cosine/awc4/h20/lr-0.011-b1-0.95-b2-0.99/s42/request.json"",""environment.json"":""shared/environment-5cb538d333019e3dd31304662f17d94a7da1099648c6e86c3cd2b2b74c374f75.json""}"
awc4-cosine-h20--0.011--0.95--0.99--s43,awc4,20,1587121.838741762,1481980.211743597,1367233.0274556559,102.8483435340022,401.33646129201225,40.78472375869751,2565898,2026-09-16,"{""metrics.jsonl"":""logs/cosine/awc4/h20/lr-0.011-b1-0.95-b2-0.99/s43/metrics.jsonl"",""result.json"":""logs/cosine/awc4/h20/lr-0.011-b1-0.95-b2-0.99/s43/result.json"",""resolved.yaml"":""logs/cosine/awc4/h20/lr-0.011-b1-0.95-b2-0.99/s43/resolved.yaml"",""receipt.json"":""logs/cosine/awc4/h20/lr-0.011-b1-0.95-b2-0.99/s43/receipt.json"",""request.json"":""logs/cosine/awc4/h20/lr-0.011-b1-0.95-b2-0.99/s43/request.json"",""environment.json"":""shared/environment-53b6f1c1b8c30d85d57fca90e3b2071ba33b968dbfe2929762e3ca7d44573ec2.json""}"
awc4-cosine-h20--0.011--0.95--0.99--s44,awc4,20,1607817.22054015,1495509.4853296413,1380356.1647992479,100.84958799000015,396.5028090230044,40.78472375869751,2565899,2026-09-16,"{""metrics.jsonl"":""logs/cosine/awc4/h20/lr-0.011-b1-0.95-b2-0.99/s44/metrics.jsonl"",""result.json"":""logs/cosine/awc4/h20/lr-0.011-b1-0.95-b2-0.99/s44/result.json"",""resolved.yaml"":""logs/cosine/awc4/h20/lr-0.011-b1-0.95-b2-0.99/s44/resolved.yaml"",""receipt.json"":""logs/cosine/awc4/h20/lr-0.011-b1-0.95-b2-0.99/s44/receipt.json"",""request.json"":""logs/cosine/awc4/h20/lr-0.011-b1-0.95-b2-0.99/s44/request.json"",""environment.json"":""shared/environment-3c44df49d7e12960af4066636649ba0639c533f7ea85f208e2c3173aa5a4d8fd.json""}"
awc4-cosine-h20--0.011--0.95--0.999--s42,awc4,20,1638445.0909631257,1526144.7699056014,1407882.5867548075,100.06989344699832,389.9583598469908,40.78472375869751,2565903,2026-09-16,"{""metrics.jsonl"":""logs/cosine/awc4/h20/lr-0.011-b1-0.95-b2-0.999/s42/metrics.jsonl"",""result.json"":""logs/cosine/awc4/h20/lr-0.011-b1-0.95-b2-0.999/s42/result.json"",""resolved.yaml"":""logs/cosine/awc4/h20/lr-0.011-b1-0.95-b2-0.999/s42/resolved.yaml"",""receipt.json"":""logs/cosine/awc4/h20/lr-0.011-b1-0.95-b2-0.999/s42/receipt.json"",""request.json"":""logs/cosine/awc4/h20/lr-0.011-b1-0.95-b2-0.999/s42/request.json"",""environment.json"":""shared/environment-13fb247a078691ab32a860f3fd76b26e073a80f94d4aa36332fb426e8633aa2d.json""}"
awc4-cosine-h20--0.011--0.95--0.999--s43,awc4,20,1634024.6819148539,1521944.1855260974,1403591.5266194402,100.44132762899972,391.1912219609949,40.78472375869751,2565904,2026-09-16,"{""metrics.jsonl"":""logs/cosine/awc4/h20/lr-0.011-b1-0.95-b2-0.999/s43/metrics.jsonl"",""result.json"":""logs/cosine/awc4/h20/lr-0.011-b1-0.95-b2-0.999/s43/result.json"",""resolved.yaml"":""logs/cosine/awc4/h20/lr-0.011-b1-0.95-b2-0.999/s43/resolved.yaml"",""receipt.json"":""logs/cosine/awc4/h20/lr-0.011-b1-0.95-b2-0.999/s43/receipt.json"",""request.json"":""logs/cosine/awc4/h20/lr-0.011-b1-0.95-b2-0.999/s43/request.json"",""environment.json"":""shared/environment-f6a03dba8e04b09a9eb3ec619762ffae2d5b2076160344d7a95714a40e5e7b84.json""}"
awc4-cosine-h20--0.011--0.95--0.999--s44,awc4,20,1584519.3654006144,1479345.3397067282,1364687.4370138762,103.1753730190103,402.24797141000454,40.78472375869751,2565905,2026-09-16,"{""metrics.jsonl"":""logs/cosine/awc4/h20/lr-0.011-b1-0.95-b2-0.999/s44/metrics.jsonl"",""result.json"":""logs/cosine/awc4/h20/lr-0.011-b1-0.95-b2-0.999/s44/result.json"",""resolved.yaml"":""logs/cosine/awc4/h20/lr-0.011-b1-0.95-b2-0.999/s44/resolved.yaml"",""receipt.json"":""logs/cosine/awc4/h20/lr-0.011-b1-0.95-b2-0.999/s44/receipt.json"",""request.json"":""logs/cosine/awc4/h20/lr-0.011-b1-0.95-b2-0.999/s44/request.json"",""environment.json"":""shared/environment-2663c36d58c111e68bd844517e25d3f86aab17a514b07a5209c6d89bcc2e24d0.json""}"
awc4-cosine-h20--0.011--0.974--0.99--s42,awc4,20,1591135.3213762378,1491678.8190821048,1377617.7587049033,100.2897494899953,396.5731917779922,40.78472375869751,2565909,2026-09-16,"{""metrics.jsonl"":""logs/cosine/awc4/h20/lr-0.011-b1-0.974-b2-0.99/s42/metrics.jsonl"",""result.json"":""logs/cosine/awc4/h20/lr-0.011-b1-0.974-b2-0.99/s42/result.json"",""resolved.yaml"":""logs/cosine/awc4/h20/lr-0.011-b1-0.974-b2-0.99/s42/resolved.yaml"",""receipt.json"":""logs/cosine/awc4/h20/lr-0.011-b1-0.974-b2-0.99/s42/receipt.json"",""request.json"":""logs/cosine/awc4/h20/lr-0.011-b1-0.974-b2-0.99/s42/request.json"",""environment.json"":""shared/environment-eb53e11ff8a32d002d047e44218e165885ad550c72ad674f79aab58034084f70.json""}"
awc4-cosine-h20--0.011--0.974--0.99--s43,awc4,20,1611926.8373482625,1503090.585457337,1386753.3206725703,101.45295135899505,395.7513821270113,40.78472375869751,2565911,2026-09-16,"{""metrics.jsonl"":""logs/cosine/awc4/h20/lr-0.011-b1-0.974-b2-0.99/s43/metrics.jsonl"",""result.json"":""logs/cosine/awc4/h20/lr-0.011-b1-0.974-b2-0.99/s43/result.json"",""resolved.yaml"":""logs/cosine/awc4/h20/lr-0.011-b1-0.974-b2-0.99/s43/resolved.yaml"",""receipt.json"":""logs/cosine/awc4/h20/lr-0.011-b1-0.974-b2-0.99/s43/receipt.json"",""request.json"":""logs/cosine/awc4/h20/lr-0.011-b1-0.974-b2-0.99/s43/request.json"",""environment.json"":""shared/environment-dee67917c23e64d8e412bb9b3331779ff97b452778c60d14bd9b08d7100b0088.json""}"
awc4-cosine-h20--0.011--0.974--0.99--s44,awc4,20,1597448.8693473258,1487843.5961394822,1374308.5517851578,101.28364332500496,398.2387201570091,40.78472375869751,2565912,2026-09-16,"{""metrics.jsonl"":""logs/cosine/awc4/h20/lr-0.011-b1-0.974-b2-0.99/s44/metrics.jsonl"",""result.json"":""logs/cosine/awc4/h20/lr-0.011-b1-0.974-b2-0.99/s44/result.json"",""resolved.yaml"":""logs/cosine/awc4/h20/lr-0.011-b1-0.974-b2-0.99/s44/resolved.yaml"",""receipt.json"":""logs/cosine/awc4/h20/lr-0.011-b1-0.974-b2-0.99/s44/receipt.json"",""request.json"":""logs/cosine/awc4/h20/lr-0.011-b1-0.974-b2-0.99/s44/request.json"",""environment.json"":""shared/environment-89fded9c4733ea1d59f1682ed8522bbcba436641812a70746e8c3eb2d22cd0b5.json""}"
awc4-cosine-h20--0.011--0.974--0.999--s42,awc4,20,1579974.3468093898,1480921.553186345,1367897.8753354426,102.39109865199134,400.75053139000374,40.78472375869751,2565918,2026-09-16,"{""metrics.jsonl"":""logs/cosine/awc4/h20/lr-0.011-b1-0.974-b2-0.999/s42/metrics.jsonl"",""result.json"":""logs/cosine/awc4/h20/lr-0.011-b1-0.974-b2-0.999/s42/result.json"",""resolved.yaml"":""logs/cosine/awc4/h20/lr-0.011-b1-0.974-b2-0.999/s42/resolved.yaml"",""receipt.json"":""logs/cosine/awc4/h20/lr-0.011-b1-0.974-b2-0.999/s42/receipt.json"",""request.json"":""logs/cosine/awc4/h20/lr-0.011-b1-0.974-b2-0.999/s42/request.json"",""environment.json"":""shared/environment-7fbe87775b06d18aa62eb6e25ee512fb9f3d0ea92787454ca8f1e38aa2badf16.json""}"
awc4-cosine-h20--0.011--0.974--0.999--s43,awc4,20,1618052.0272290611,1389744.9548865512,1289655.946530414,99.37401290799608,416.3376106259966,40.78472375869751,2565920,2026-09-16,"{""metrics.jsonl"":""logs/cosine/awc4/h20/lr-0.011-b1-0.974-b2-0.999/s43/metrics.jsonl"",""result.json"":""logs/cosine/awc4/h20/lr-0.011-b1-0.974-b2-0.999/s43/result.json"",""resolved.yaml"":""logs/cosine/awc4/h20/lr-0.011-b1-0.974-b2-0.999/s43/resolved.yaml"",""receipt.json"":""logs/cosine/awc4/h20/lr-0.011-b1-0.974-b2-0.999/s43/receipt.json"",""request.json"":""logs/cosine/awc4/h20/lr-0.011-b1-0.974-b2-0.999/s43/request.json"",""environment.json"":""shared/environment-5e444fc3a24202ebfd1cd93c906334b728bbf231c2dc07979a9f7aa6da715c4c.json""}"
awc4-cosine-h20--0.011--0.974--0.999--s44,awc4,20,1580958.6723873208,1341484.8146394005,1245883.7878917195,102.65885168599925,430.6051192120067,40.78472375869751,2565922,2026-09-16,"{""metrics.jsonl"":""logs/cosine/awc4/h20/lr-0.011-b1-0.974-b2-0.999/s44/metrics.jsonl"",""result.json"":""logs/cosine/awc4/h20/lr-0.011-b1-0.974-b2-0.999/s44/result.json"",""resolved.yaml"":""logs/cosine/awc4/h20/lr-0.011-b1-0.974-b2-0.999/s44/resolved.yaml"",""receipt.json"":""logs/cosine/awc4/h20/lr-0.011-b1-0.974-b2-0.999/s44/receipt.json"",""request.json"":""logs/cosine/awc4/h20/lr-0.011-b1-0.974-b2-0.999/s44/request.json"",""environment.json"":""shared/environment-318d541e93e7f532ecd191cd2623c5b275ab286ca7921b5bd764ee2693de7fc6.json""}"
awc4-cosine-h20--0.012--0.9--0.99--s42,awc4,20,1559530.9391141336,1324048.8027721953,1232708.6336260387,102.64549706198159,434.3186942989996,40.78472375869751,2578230,2026-09-17,"{""metrics.jsonl"":""logs/cosine/awc4/h20/lr-0.012-b1-0.9-b2-0.99/s42/metrics.jsonl"",""result.json"":""logs/cosine/awc4/h20/lr-0.012-b1-0.9-b2-0.99/s42/result.json"",""resolved.yaml"":""logs/cosine/awc4/h20/lr-0.012-b1-0.9-b2-0.99/s42/resolved.yaml"",""receipt.json"":""logs/cosine/awc4/h20/lr-0.012-b1-0.9-b2-0.99/s42/receipt.json"",""request.json"":""logs/cosine/awc4/h20/lr-0.012-b1-0.9-b2-0.99/s42/request.json"",""environment.json"":""shared/environment-3b2df509c445cc3c785ba8a39771ff4644d1b13b67ae1b6ad49eaa1466fde249.json""}"
awc4-cosine-h20--0.012--0.9--0.99--s43,awc4,20,1612233.6851499935,1361365.169797709,1265633.7041241922,100.47035068800324,423.5020916689973,40.78472375869751,2578231,2026-09-17,"{""metrics.jsonl"":""logs/cosine/awc4/h20/lr-0.012-b1-0.9-b2-0.99/s43/metrics.jsonl"",""result.json"":""logs/cosine/awc4/h20/lr-0.012-b1-0.9-b2-0.99/s43/result.json"",""resolved.yaml"":""logs/cosine/awc4/h20/lr-0.012-b1-0.9-b2-0.99/s43/resolved.yaml"",""receipt.json"":""logs/cosine/awc4/h20/lr-0.012-b1-0.9-b2-0.99/s43/receipt.json"",""request.json"":""logs/cosine/awc4/h20/lr-0.012-b1-0.9-b2-0.99/s43/request.json"",""environment.json"":""shared/environment-691f35527153b4e889c92f95fd467266b6808f1dc4193820098127a6779d7f64.json""}"
awc4-cosine-h20--0.012--0.9--0.99--s44,awc4,20,1606597.1998166526,1357452.573533539,1262418.4005652666,99.82598130300175,423.67034624301596,40.78472375869751,2578232,2026-09-17,"{""metrics.jsonl"":""logs/cosine/awc4/h20/lr-0.012-b1-0.9-b2-0.99/s44/metrics.jsonl"",""result.json"":""logs/cosine/awc4/h20/lr-0.012-b1-0.9-b2-0.99/s44/result.json"",""resolved.yaml"":""logs/cosine/awc4/h20/lr-0.012-b1-0.9-b2-0.99/s44/resolved.yaml"",""receipt.json"":""logs/cosine/awc4/h20/lr-0.012-b1-0.9-b2-0.99/s44/receipt.json"",""request.json"":""logs/cosine/awc4/h20/lr-0.012-b1-0.9-b2-0.99/s44/request.json"",""environment.json"":""shared/environment-fd7e4f07cc8a67806acd980c3c5c85b4a17b0a80e4137d8f312a2d4f3c2a1b17.json""}"
awc4-cosine-h20--0.012--0.9--0.999--s42,awc4,20,1604490.855204697,1356227.1861081908,1261273.6619988615,100.19329253101023,424.3456312099879,40.78472375869751,2578233,2026-09-17,"{""metrics.jsonl"":""logs/cosine/awc4/h20/lr-0.012-b1-0.9-b2-0.999/s42/metrics.jsonl"",""result.json"":""logs/cosine/awc4/h20/lr-0.012-b1-0.9-b2-0.999/s42/result.json"",""resolved.yaml"":""logs/cosine/awc4/h20/lr-0.012-b1-0.9-b2-0.999/s42/resolved.yaml"",""receipt.json"":""logs/cosine/awc4/h20/lr-0.012-b1-0.9-b2-0.999/s42/receipt.json"",""request.json"":""logs/cosine/awc4/h20/lr-0.012-b1-0.9-b2-0.999/s42/request.json"",""environment.json"":""shared/environment-6d59c21a534b5c753e25b2e6e6d0764a3f93a64e5e999aba84a6e316e339c04b.json""}"
awc4-cosine-h20--0.012--0.9--0.999--s43,awc4,20,1589883.3933739357,1345515.064963379,1252208.4531660113,100.56759310601046,427.05863088398473,40.78472375869751,2578234,2026-09-17,"{""metrics.jsonl"":""logs/cosine/awc4/h20/lr-0.012-b1-0.9-b2-0.999/s43/metrics.jsonl"",""result.json"":""logs/cosine/awc4/h20/lr-0.012-b1-0.9-b2-0.999/s43/result.json"",""resolved.yaml"":""logs/cosine/awc4/h20/lr-0.012-b1-0.9-b2-0.999/s43/resolved.yaml"",""receipt.json"":""logs/cosine/awc4/h20/lr-0.012-b1-0.9-b2-0.999/s43/receipt.json"",""request.json"":""logs/cosine/awc4/h20/lr-0.012-b1-0.9-b2-0.999/s43/request.json"",""environment.json"":""shared/environment-68682b867fc1eb6d0420bb0f654739436c7fa960f1657bbdafcda744823196ba.json""}"
awc4-cosine-h20--0.012--0.9--0.999--s44,awc4,20,1592577.0760819435,1352614.681488023,1258053.7914635367,102.08585463199415,427.01061583001865,40.78472375869751,2578235,2026-09-17,"{""metrics.jsonl"":""logs/cosine/awc4/h20/lr-0.012-b1-0.9-b2-0.999/s44/metrics.jsonl"",""result.json"":""logs/cosine/awc4/h20/lr-0.012-b1-0.9-b2-0.999/s44/result.json"",""resolved.yaml"":""logs/cosine/awc4/h20/lr-0.012-b1-0.9-b2-0.999/s44/resolved.yaml"",""receipt.json"":""logs/cosine/awc4/h20/lr-0.012-b1-0.9-b2-0.999/s44/receipt.json"",""request.json"":""logs/cosine/awc4/h20/lr-0.012-b1-0.9-b2-0.999/s44/request.json"",""environment.json"":""shared/environment-13d9570a30200ee4fe07946e626ea48e084d07836c38183b50304508d068125f.json""}"
awc4-cosine-h20--0.012--0.95--0.99--s42,awc4,20,1594321.0204335786,1354029.0957380377,1258758.9480111701,102.20290686600492,426.9323218740028,40.78472375869751,2578236,2026-09-17,"{""metrics.jsonl"":""logs/cosine/awc4/h20/lr-0.012-b1-0.95-b2-0.99/s42/metrics.jsonl"",""result.json"":""logs/cosine/awc4/h20/lr-0.012-b1-0.95-b2-0.99/s42/result.json"",""resolved.yaml"":""logs/cosine/awc4/h20/lr-0.012-b1-0.95-b2-0.99/s42/resolved.yaml"",""receipt.json"":""logs/cosine/awc4/h20/lr-0.012-b1-0.95-b2-0.99/s42/receipt.json"",""request.json"":""logs/cosine/awc4/h20/lr-0.012-b1-0.95-b2-0.99/s42/request.json"",""environment.json"":""shared/environment-a42d8ba1595d5a5bb1e155297ee8f296d18a7d179a7df12d3900b6a5a8130676.json""}"
awc4-cosine-h20--0.012--0.95--0.99--s43,awc4,20,1626694.0741521611,1377044.7212918682,1279809.5940362457,98.97934139301651,418.36165312401135,40.78472375869751,2578237,2026-09-17,"{""metrics.jsonl"":""logs/cosine/awc4/h20/lr-0.012-b1-0.95-b2-0.99/s43/metrics.jsonl"",""result.json"":""logs/cosine/awc4/h20/lr-0.012-b1-0.95-b2-0.99/s43/result.json"",""resolved.yaml"":""logs/cosine/awc4/h20/lr-0.012-b1-0.95-b2-0.99/s43/resolved.yaml"",""receipt.json"":""logs/cosine/awc4/h20/lr-0.012-b1-0.95-b2-0.99/s43/receipt.json"",""request.json"":""logs/cosine/awc4/h20/lr-0.012-b1-0.95-b2-0.99/s43/request.json"",""environment.json"":""shared/environment-76e246dcfe9cf4ff92148202f43bc6f26ad871b58fa222d27e5b88ff78598ee4.json""}"
awc4-cosine-h20--0.012--0.95--0.99--s44,awc4,20,1607364.3129366823,1373401.159635213,1276597.0699182313,99.48669675600831,419.6447027899849,40.78472375869751,2578238,2026-09-17,"{""metrics.jsonl"":""logs/cosine/awc4/h20/lr-0.012-b1-0.95-b2-0.99/s44/metrics.jsonl"",""result.json"":""logs/cosine/awc4/h20/lr-0.012-b1-0.95-b2-0.99/s44/result.json"",""resolved.yaml"":""logs/cosine/awc4/h20/lr-0.012-b1-0.95-b2-0.99/s44/resolved.yaml"",""receipt.json"":""logs/cosine/awc4/h20/lr-0.012-b1-0.95-b2-0.99/s44/receipt.json"",""request.json"":""logs/cosine/awc4/h20/lr-0.012-b1-0.95-b2-0.99/s44/request.json"",""environment.json"":""shared/environment-30fea5c67b4294a21e93d6dacee60f67e2d980c5be70b6f268466eabb2f94f10.json""}"
awc4-cosine-h20--0.012--0.95--0.999--s42,awc4,20,1616658.9355664991,1511508.1033880534,1394932.20301975,99.57542511601059,392.16921335901134,40.78472375869751,2578239,2026-09-17,"{""metrics.jsonl"":""logs/cosine/awc4/h20/lr-0.012-b1-0.95-b2-0.999/s42/metrics.jsonl"",""result.json"":""logs/cosine/awc4/h20/lr-0.012-b1-0.95-b2-0.999/s42/result.json"",""resolved.yaml"":""logs/cosine/awc4/h20/lr-0.012-b1-0.95-b2-0.999/s42/resolved.yaml"",""receipt.json"":""logs/cosine/awc4/h20/lr-0.012-b1-0.95-b2-0.999/s42/receipt.json"",""request.json"":""logs/cosine/awc4/h20/lr-0.012-b1-0.95-b2-0.999/s42/request.json"",""environment.json"":""shared/environment-dc709e4b06775aff505f300bd5aeedfecdde9b33499b7aff144c959dac39b105.json""}"
awc4-cosine-h20--0.012--0.95--0.999--s43,awc4,20,1613600.3240500335,1378304.9303432473,1280347.337392736,100.49145631797728,419.70395227198605,40.78472375869751,2578240,2026-09-17,"{""metrics.jsonl"":""logs/cosine/awc4/h20/lr-0.012-b1-0.95-b2-0.999/s43/metrics.jsonl"",""result.json"":""logs/cosine/awc4/h20/lr-0.012-b1-0.95-b2-0.999/s43/result.json"",""resolved.yaml"":""logs/cosine/awc4/h20/lr-0.012-b1-0.95-b2-0.999/s43/resolved.yaml"",""receipt.json"":""logs/cosine/awc4/h20/lr-0.012-b1-0.95-b2-0.999/s43/receipt.json"",""request.json"":""logs/cosine/awc4/h20/lr-0.012-b1-0.95-b2-0.999/s43/request.json"",""environment.json"":""shared/environment-86197ff046b2ee4f08c90411e1ba57015af76f360885d04a04e6616131278f73.json""}"
awc4-cosine-h20--0.012--0.95--0.999--s44,awc4,20,1602741.6128305723,1363250.490705477,1266940.5879775686,101.77024858500226,424.3616542640084,40.78472375869751,2578241,2026-09-17,"{""metrics.jsonl"":""logs/cosine/awc4/h20/lr-0.012-b1-0.95-b2-0.999/s44/metrics.jsonl"",""result.json"":""logs/cosine/awc4/h20/lr-0.012-b1-0.95-b2-0.999/s44/result.json"",""resolved.yaml"":""logs/cosine/awc4/h20/lr-0.012-b1-0.95-b2-0.999/s44/resolved.yaml"",""receipt.json"":""logs/cosine/awc4/h20/lr-0.012-b1-0.95-b2-0.999/s44/receipt.json"",""request.json"":""logs/cosine/awc4/h20/lr-0.012-b1-0.95-b2-0.999/s44/request.json"",""environment.json"":""shared/environment-88bab94979f53f4ad0d8d9d8d4d7cb20f4e7489cf94477c8881faa88b0955548.json""}"
awc4-cosine-h20--0.012--0.974--0.99--s42,awc4,20,1611837.4701197108,1500414.8543462132,1386915.309552755,99.4790971299999,393.75101846999996,40.78472375869751,2578242,2026-09-17,"{""metrics.jsonl"":""logs/cosine/awc4/h20/lr-0.012-b1-0.974-b2-0.99/s42/metrics.jsonl"",""result.json"":""logs/cosine/awc4/h20/lr-0.012-b1-0.974-b2-0.99/s42/result.json"",""resolved.yaml"":""logs/cosine/awc4/h20/lr-0.012-b1-0.974-b2-0.99/s42/resolved.yaml"",""receipt.json"":""logs/cosine/awc4/h20/lr-0.012-b1-0.974-b2-0.99/s42/receipt.json"",""request.json"":""logs/cosine/awc4/h20/lr-0.012-b1-0.974-b2-0.99/s42/request.json"",""environment.json"":""shared/environment-2fa0de50f9419ca62b311bdeb662392bf3e79d1e9a4524f7b2f434887aac5a73.json""}"
awc4-cosine-h20--0.012--0.974--0.99--s43,awc4,20,1595773.8296009721,1365365.8449013566,1268424.022074342,100.21564117000003,422.66072467600003,40.78472375869751,2578243,2026-09-17,"{""metrics.jsonl"":""logs/cosine/awc4/h20/lr-0.012-b1-0.974-b2-0.99/s43/metrics.jsonl"",""result.json"":""logs/cosine/awc4/h20/lr-0.012-b1-0.974-b2-0.99/s43/result.json"",""resolved.yaml"":""logs/cosine/awc4/h20/lr-0.012-b1-0.974-b2-0.99/s43/resolved.yaml"",""receipt.json"":""logs/cosine/awc4/h20/lr-0.012-b1-0.974-b2-0.99/s43/receipt.json"",""request.json"":""logs/cosine/awc4/h20/lr-0.012-b1-0.974-b2-0.99/s43/request.json"",""environment.json"":""shared/environment-8299ddba3772004e5d3bc9e77bf7a15cf10f5741f05abf331ed5d32ab9703740.json""}"
awc4-cosine-h20--0.012--0.974--0.99--s44,awc4,20,1595367.6545703814,1365381.2753866222,1267994.4044998381,101.44300660100009,424.006996371,40.78472375869751,2578244,2026-09-17,"{""metrics.jsonl"":""logs/cosine/awc4/h20/lr-0.012-b1-0.974-b2-0.99/s44/metrics.jsonl"",""result.json"":""logs/cosine/awc4/h20/lr-0.012-b1-0.974-b2-0.99/s44/result.json"",""resolved.yaml"":""logs/cosine/awc4/h20/lr-0.012-b1-0.974-b2-0.99/s44/resolved.yaml"",""receipt.json"":""logs/cosine/awc4/h20/lr-0.012-b1-0.974-b2-0.99/s44/receipt.json"",""request.json"":""logs/cosine/awc4/h20/lr-0.012-b1-0.974-b2-0.99/s44/request.json"",""environment.json"":""shared/environment-7b5565bc0588803756fcd810f71f0420accf8df3c808ba8eae6eb225e52371a7.json""}"
awc4-cosine-h20--0.012--0.974--0.999--s42,awc4,20,1595740.5643813305,1365604.574033159,1268152.1102506716,101.50369997600001,424.11316338599994,40.78472375869751,2578245,2026-09-17,"{""metrics.jsonl"":""logs/cosine/awc4/h20/lr-0.012-b1-0.974-b2-0.999/s42/metrics.jsonl"",""result.json"":""logs/cosine/awc4/h20/lr-0.012-b1-0.974-b2-0.999/s42/result.json"",""resolved.yaml"":""logs/cosine/awc4/h20/lr-0.012-b1-0.974-b2-0.999/s42/resolved.yaml"",""receipt.json"":""logs/cosine/awc4/h20/lr-0.012-b1-0.974-b2-0.999/s42/receipt.json"",""request.json"":""logs/cosine/awc4/h20/lr-0.012-b1-0.974-b2-0.999/s42/request.json"",""environment.json"":""shared/environment-8504f587e5d73b590f31e170eecac8bea795553e7bbd93a0d8c9913dffa2a6da.json""}"
awc4-cosine-h20--0.012--0.974--0.999--s43,awc4,20,1600930.9195225826,1369231.4786085957,1270527.1269189168,101.57682840900009,423.517563574,40.78472375869751,2578246,2026-09-17,"{""metrics.jsonl"":""logs/cosine/awc4/h20/lr-0.012-b1-0.974-b2-0.999/s43/metrics.jsonl"",""result.json"":""logs/cosine/awc4/h20/lr-0.012-b1-0.974-b2-0.999/s43/result.json"",""resolved.yaml"":""logs/cosine/awc4/h20/lr-0.012-b1-0.974-b2-0.999/s43/resolved.yaml"",""receipt.json"":""logs/cosine/awc4/h20/lr-0.012-b1-0.974-b2-0.999/s43/receipt.json"",""request.json"":""logs/cosine/awc4/h20/lr-0.012-b1-0.974-b2-0.999/s43/request.json"",""environment.json"":""shared/environment-46c7489264ed25c7e84ee183d5c976b86e411ea74f5f47d746a88f07b9713a65.json""}"
awc4-cosine-h20--0.012--0.974--0.999--s44,awc4,20,1625627.7880660843,1512946.9700313008,1397755.7459226253,99.03363642600016,391.02972515299916,40.78472375869751,2578247,2026-09-17,"{""metrics.jsonl"":""logs/cosine/awc4/h20/lr-0.012-b1-0.974-b2-0.999/s44/metrics.jsonl"",""result.json"":""logs/cosine/awc4/h20/lr-0.012-b1-0.974-b2-0.999/s44/result.json"",""resolved.yaml"":""logs/cosine/awc4/h20/lr-0.012-b1-0.974-b2-0.999/s44/resolved.yaml"",""receipt.json"":""logs/cosine/awc4/h20/lr-0.012-b1-0.974-b2-0.999/s44/receipt.json"",""request.json"":""logs/cosine/awc4/h20/lr-0.012-b1-0.974-b2-0.999/s44/request.json"",""environment.json"":""shared/environment-ea03a735c6e2e7bbf93b23a427c14f8eab33d4f220e9441ed83946e013dfcaf7.json""}"
awc8-cosine-h20--0.005--0.9--0.99--s42,awc8,20,1496060.2340499277,1395661.9361513895,1260630.5177085088,100.88877997899544,424.74638116400456,42.29233980178833,2555357,2026-09-16,"{""metrics.jsonl"":""logs/cosine/awc8/h20/lr-0.005-b1-0.9-b2-0.99/s42/metrics.jsonl"",""result.json"":""logs/cosine/awc8/h20/lr-0.005-b1-0.9-b2-0.99/s42/result.json"",""resolved.yaml"":""logs/cosine/awc8/h20/lr-0.005-b1-0.9-b2-0.99/s42/resolved.yaml"",""receipt.json"":""logs/cosine/awc8/h20/lr-0.005-b1-0.9-b2-0.99/s42/receipt.json"",""request.json"":""logs/cosine/awc8/h20/lr-0.005-b1-0.9-b2-0.99/s42/request.json"",""environment.json"":""shared/environment-cb194fca5811cc0258a1d562bb909511f698c3ee3392836d899e8862710b10ed.json""}"
awc8-cosine-h20--0.005--0.9--0.99--s43,awc8,20,1546580.6892889147,1446155.0205234282,1339119.0686106011,101.2416404320029,406.01280807500007,42.29233980178833,2555358,2026-09-16,"{""metrics.jsonl"":""logs/cosine/awc8/h20/lr-0.005-b1-0.9-b2-0.99/s43/metrics.jsonl"",""result.json"":""logs/cosine/awc8/h20/lr-0.005-b1-0.9-b2-0.99/s43/result.json"",""resolved.yaml"":""logs/cosine/awc8/h20/lr-0.005-b1-0.9-b2-0.99/s43/resolved.yaml"",""receipt.json"":""logs/cosine/awc8/h20/lr-0.005-b1-0.9-b2-0.99/s43/receipt.json"",""request.json"":""logs/cosine/awc8/h20/lr-0.005-b1-0.9-b2-0.99/s43/request.json"",""environment.json"":""shared/environment-910ff45a3737b821258362371ce244f3d8566d2f57a3be478425ce243e2d73c5.json""}"
awc8-cosine-h20--0.005--0.9--0.99--s44,awc8,20,1517465.3215253323,1419245.324343952,1315025.4822702766,102.44872473100259,412.788125245992,42.29233980178833,2555359,2026-09-16,"{""metrics.jsonl"":""logs/cosine/awc8/h20/lr-0.005-b1-0.9-b2-0.99/s44/metrics.jsonl"",""result.json"":""logs/cosine/awc8/h20/lr-0.005-b1-0.9-b2-0.99/s44/result.json"",""resolved.yaml"":""logs/cosine/awc8/h20/lr-0.005-b1-0.9-b2-0.99/s44/resolved.yaml"",""receipt.json"":""logs/cosine/awc8/h20/lr-0.005-b1-0.9-b2-0.99/s44/receipt.json"",""request.json"":""logs/cosine/awc8/h20/lr-0.005-b1-0.9-b2-0.99/s44/request.json"",""environment.json"":""shared/environment-f7c5a6013d7c66731c70e5ec7cce85c8212bf217be834ffb402ebd0b84387e84.json""}"
awc8-cosine-h20--0.005--0.9--0.999--s42,awc8,20,1515470.4679606345,1420945.9423788944,1315080.129734514,102.41881373100114,412.7796060520013,42.29233980178833,2555372,2026-09-16,"{""metrics.jsonl"":""logs/cosine/awc8/h20/lr-0.005-b1-0.9-b2-0.999/s42/metrics.jsonl"",""result.json"":""logs/cosine/awc8/h20/lr-0.005-b1-0.9-b2-0.999/s42/result.json"",""resolved.yaml"":""logs/cosine/awc8/h20/lr-0.005-b1-0.9-b2-0.999/s42/resolved.yaml"",""receipt.json"":""logs/cosine/awc8/h20/lr-0.005-b1-0.9-b2-0.999/s42/receipt.json"",""request.json"":""logs/cosine/awc8/h20/lr-0.005-b1-0.9-b2-0.999/s42/request.json"",""environment.json"":""shared/environment-aab5e2244a869393cc908fc635726f7b97191fa14af150f15793d25f70d186e3.json""}"
awc8-cosine-h20--0.005--0.9--0.999--s43,awc8,20,1541430.0259731924,1441827.1679216735,1334359.4949685452,101.12843029899523,407.12852033499803,42.29233980178833,2555373,2026-09-16,"{""metrics.jsonl"":""logs/cosine/awc8/h20/lr-0.005-b1-0.9-b2-0.999/s43/metrics.jsonl"",""result.json"":""logs/cosine/awc8/h20/lr-0.005-b1-0.9-b2-0.999/s43/result.json"",""resolved.yaml"":""logs/cosine/awc8/h20/lr-0.005-b1-0.9-b2-0.999/s43/resolved.yaml"",""receipt.json"":""logs/cosine/awc8/h20/lr-0.005-b1-0.9-b2-0.999/s43/receipt.json"",""request.json"":""logs/cosine/awc8/h20/lr-0.005-b1-0.9-b2-0.999/s43/request.json"",""environment.json"":""shared/environment-33d07f7a22a00742b914ad7580b0e31c0982e6bd3c3ca75e9d4d71d52746df18.json""}"
awc8-cosine-h20--0.005--0.9--0.999--s44,awc8,20,1511134.5580106266,1416400.8341513467,1313023.8163616648,100.06366151598922,410.8844802990061,42.29233980178833,2555374,2026-09-16,"{""metrics.jsonl"":""logs/cosine/awc8/h20/lr-0.005-b1-0.9-b2-0.999/s44/metrics.jsonl"",""result.json"":""logs/cosine/awc8/h20/lr-0.005-b1-0.9-b2-0.999/s44/result.json"",""resolved.yaml"":""logs/cosine/awc8/h20/lr-0.005-b1-0.9-b2-0.999/s44/resolved.yaml"",""receipt.json"":""logs/cosine/awc8/h20/lr-0.005-b1-0.9-b2-0.999/s44/receipt.json"",""request.json"":""logs/cosine/awc8/h20/lr-0.005-b1-0.9-b2-0.999/s44/request.json"",""environment.json"":""shared/environment-f18460e94c4f25a08231bf099d379759bf73e2328bff3b85eb22f4284d99e4e2.json""}"
awc8-cosine-h20--0.005--0.95--0.99--s42,awc8,20,1516779.9956847548,1418820.925896219,1304186.9647469597,101.19481012799952,414.1036825170013,42.29233980178833,2555387,2026-09-16,"{""metrics.jsonl"":""logs/cosine/awc8/h20/lr-0.005-b1-0.95-b2-0.99/s42/metrics.jsonl"",""result.json"":""logs/cosine/awc8/h20/lr-0.005-b1-0.95-b2-0.99/s42/result.json"",""resolved.yaml"":""logs/cosine/awc8/h20/lr-0.005-b1-0.95-b2-0.99/s42/resolved.yaml"",""receipt.json"":""logs/cosine/awc8/h20/lr-0.005-b1-0.95-b2-0.99/s42/receipt.json"",""request.json"":""logs/cosine/awc8/h20/lr-0.005-b1-0.95-b2-0.99/s42/request.json"",""environment.json"":""shared/environment-bb0f1d0dcd322cd96365f8cb0ddd1c12df8f77d14fe42de3a741ebd83d42d9be.json""}"
awc8-cosine-h20--0.005--0.95--0.99--s43,awc8,20,1533651.5778361221,1288610.188710274,1201421.4235134677,102.37666854399868,442.61456900600024,42.29233980178833,2555388,2026-09-16,"{""metrics.jsonl"":""logs/cosine/awc8/h20/lr-0.005-b1-0.95-b2-0.99/s43/metrics.jsonl"",""result.json"":""logs/cosine/awc8/h20/lr-0.005-b1-0.95-b2-0.99/s43/result.json"",""resolved.yaml"":""logs/cosine/awc8/h20/lr-0.005-b1-0.95-b2-0.99/s43/resolved.yaml"",""receipt.json"":""logs/cosine/awc8/h20/lr-0.005-b1-0.95-b2-0.99/s43/receipt.json"",""request.json"":""logs/cosine/awc8/h20/lr-0.005-b1-0.95-b2-0.99/s43/request.json"",""environment.json"":""shared/environment-23a12d338810f70d8efd2b233a5057984cf6f4fea3c838a8a037b34db51be790.json""}"
awc8-cosine-h20--0.005--0.95--0.99--s44,awc8,20,1535287.5622247998,1289611.5635135495,1202085.7416746477,101.99319008900784,442.046561605006,42.29233980178833,2555389,2026-09-16,"{""metrics.jsonl"":""logs/cosine/awc8/h20/lr-0.005-b1-0.95-b2-0.99/s44/metrics.jsonl"",""result.json"":""logs/cosine/awc8/h20/lr-0.005-b1-0.95-b2-0.99/s44/result.json"",""resolved.yaml"":""logs/cosine/awc8/h20/lr-0.005-b1-0.95-b2-0.99/s44/resolved.yaml"",""receipt.json"":""logs/cosine/awc8/h20/lr-0.005-b1-0.95-b2-0.99/s44/receipt.json"",""request.json"":""logs/cosine/awc8/h20/lr-0.005-b1-0.95-b2-0.99/s44/request.json"",""environment.json"":""shared/environment-dc12579f8b4a17b0ea8239d138eac969b8a5472832b5849c8e205b7b16e65073.json""}"
awc8-cosine-h20--0.005--0.95--0.999--s42,awc8,20,1518679.0559576908,1276302.0936695714,1190660.3483108454,101.51768646801065,444.72379341699707,42.29233980178833,2555402,2026-09-16,"{""metrics.jsonl"":""logs/cosine/awc8/h20/lr-0.005-b1-0.95-b2-0.999/s42/metrics.jsonl"",""result.json"":""logs/cosine/awc8/h20/lr-0.005-b1-0.95-b2-0.999/s42/result.json"",""resolved.yaml"":""logs/cosine/awc8/h20/lr-0.005-b1-0.95-b2-0.999/s42/resolved.yaml"",""receipt.json"":""logs/cosine/awc8/h20/lr-0.005-b1-0.95-b2-0.999/s42/receipt.json"",""request.json"":""logs/cosine/awc8/h20/lr-0.005-b1-0.95-b2-0.999/s42/request.json"",""environment.json"":""shared/environment-7eda065e84a2b99d4ccfee92a1d15d966da3ff65fc9f887328ede04a8047dcde.json""}"
awc8-cosine-h20--0.005--0.95--0.999--s43,awc8,20,1514144.9767931835,1424946.7196451488,1319675.3172027732,102.87571395800114,412.1310243450025,42.29233980178833,2555403,2026-09-16,"{""metrics.jsonl"":""logs/cosine/awc8/h20/lr-0.005-b1-0.95-b2-0.999/s43/metrics.jsonl"",""result.json"":""logs/cosine/awc8/h20/lr-0.005-b1-0.95-b2-0.999/s43/result.json"",""resolved.yaml"":""logs/cosine/awc8/h20/lr-0.005-b1-0.95-b2-0.999/s43/resolved.yaml"",""receipt.json"":""logs/cosine/awc8/h20/lr-0.005-b1-0.95-b2-0.999/s43/receipt.json"",""request.json"":""logs/cosine/awc8/h20/lr-0.005-b1-0.95-b2-0.999/s43/request.json"",""environment.json"":""shared/environment-31dccdab129f88692c15fd5476e9c74ff77387eee1cc1e5a018f60d018a536e9.json""}"
awc8-cosine-h20--0.005--0.95--0.999--s44,awc8,20,1522847.6567158,1431087.0186362828,1325666.0753812145,101.71776456400403,409.56900122099614,42.29233980178833,2555404,2026-09-16,"{""metrics.jsonl"":""logs/cosine/awc8/h20/lr-0.005-b1-0.95-b2-0.999/s44/metrics.jsonl"",""result.json"":""logs/cosine/awc8/h20/lr-0.005-b1-0.95-b2-0.999/s44/result.json"",""resolved.yaml"":""logs/cosine/awc8/h20/lr-0.005-b1-0.95-b2-0.999/s44/resolved.yaml"",""receipt.json"":""logs/cosine/awc8/h20/lr-0.005-b1-0.95-b2-0.999/s44/receipt.json"",""request.json"":""logs/cosine/awc8/h20/lr-0.005-b1-0.95-b2-0.999/s44/request.json"",""environment.json"":""shared/environment-95a5dd997d7d2fd57642972223e30b6f8f5f6ec8dd5958a68eff0e479045ebfb.json""}"
awc8-cosine-h20--0.005--0.974--0.99--s42,awc8,20,1542111.5204096213,1449696.5907451273,1339669.2860236792,100.86547199700726,405.5101753479976,42.29233980178833,2555970,2026-09-16,"{""metrics.jsonl"":""logs/cosine/awc8/h20/lr-0.005-b1-0.974-b2-0.99/s42/metrics.jsonl"",""result.json"":""logs/cosine/awc8/h20/lr-0.005-b1-0.974-b2-0.99/s42/result.json"",""resolved.yaml"":""logs/cosine/awc8/h20/lr-0.005-b1-0.974-b2-0.99/s42/resolved.yaml"",""receipt.json"":""logs/cosine/awc8/h20/lr-0.005-b1-0.974-b2-0.99/s42/receipt.json"",""request.json"":""logs/cosine/awc8/h20/lr-0.005-b1-0.974-b2-0.99/s42/request.json"",""environment.json"":""shared/environment-b843c4a56612b4626c25408d30724eeb1ab6e39d86991205bcb4da482db04b43.json""}"
awc8-cosine-h20--0.005--0.974--0.99--s43,awc8,20,1491310.5870617758,1400788.0475994227,1297148.0949115779,100.81482851700275,415.44324060600775,42.29233980178833,2555971,2026-09-16,"{""metrics.jsonl"":""logs/cosine/awc8/h20/lr-0.005-b1-0.974-b2-0.99/s43/metrics.jsonl"",""result.json"":""logs/cosine/awc8/h20/lr-0.005-b1-0.974-b2-0.99/s43/result.json"",""resolved.yaml"":""logs/cosine/awc8/h20/lr-0.005-b1-0.974-b2-0.99/s43/resolved.yaml"",""receipt.json"":""logs/cosine/awc8/h20/lr-0.005-b1-0.974-b2-0.99/s43/receipt.json"",""request.json"":""logs/cosine/awc8/h20/lr-0.005-b1-0.974-b2-0.99/s43/request.json"",""environment.json"":""shared/environment-6f9fe905904565f42b5dd484540aed8224d40708bd23805f4d2917122a037b38.json""}"
awc8-cosine-h20--0.005--0.974--0.99--s44,awc8,20,1529615.5204974534,1423500.3929028106,1319626.109120005,99.64222083501227,409.0825879289914,42.29233980178833,2555972,2026-09-16,"{""metrics.jsonl"":""logs/cosine/awc8/h20/lr-0.005-b1-0.974-b2-0.99/s44/metrics.jsonl"",""result.json"":""logs/cosine/awc8/h20/lr-0.005-b1-0.974-b2-0.99/s44/result.json"",""resolved.yaml"":""logs/cosine/awc8/h20/lr-0.005-b1-0.974-b2-0.99/s44/resolved.yaml"",""receipt.json"":""logs/cosine/awc8/h20/lr-0.005-b1-0.974-b2-0.99/s44/receipt.json"",""request.json"":""logs/cosine/awc8/h20/lr-0.005-b1-0.974-b2-0.99/s44/request.json"",""environment.json"":""shared/environment-0fd15bacf187fc2801e2cd3f105037c5fdbfe156486359b69f3cbc2059ecff30.json""}"
awc8-cosine-h20--0.005--0.974--0.999--s42,awc8,20,1517462.9789680594,1284753.9095866238,1195663.9787816734,102.90029825700185,444.7114837129993,42.29233980178833,2556012,2026-09-16,"{""metrics.jsonl"":""logs/cosine/awc8/h20/lr-0.005-b1-0.974-b2-0.999/s42/metrics.jsonl"",""result.json"":""logs/cosine/awc8/h20/lr-0.005-b1-0.974-b2-0.999/s42/result.json"",""resolved.yaml"":""logs/cosine/awc8/h20/lr-0.005-b1-0.974-b2-0.999/s42/resolved.yaml"",""receipt.json"":""logs/cosine/awc8/h20/lr-0.005-b1-0.974-b2-0.999/s42/receipt.json"",""request.json"":""logs/cosine/awc8/h20/lr-0.005-b1-0.974-b2-0.999/s42/request.json"",""environment.json"":""shared/environment-3ad9937cb728bdf557bc5bd855ec1f7c1c992876509c7f90ec0dbaa8dd7ad706.json""}"
awc8-cosine-h20--0.005--0.974--0.999--s43,awc8,20,1501073.8388531609,1399117.6490848137,1298781.538571166,100.66737287599244,415.0178317740065,42.29233980178833,2556013,2026-09-16,"{""metrics.jsonl"":""logs/cosine/awc8/h20/lr-0.005-b1-0.974-b2-0.999/s43/metrics.jsonl"",""result.json"":""logs/cosine/awc8/h20/lr-0.005-b1-0.974-b2-0.999/s43/result.json"",""resolved.yaml"":""logs/cosine/awc8/h20/lr-0.005-b1-0.974-b2-0.999/s43/resolved.yaml"",""receipt.json"":""logs/cosine/awc8/h20/lr-0.005-b1-0.974-b2-0.999/s43/receipt.json"",""request.json"":""logs/cosine/awc8/h20/lr-0.005-b1-0.974-b2-0.999/s43/request.json"",""environment.json"":""shared/environment-a80891dea773393c918915bcd2019c84c232c2bffbf5b69ae731671fbbc65541.json""}"
awc8-cosine-h20--0.005--0.974--0.999--s44,awc8,20,1513688.4583303211,1424907.9961233896,1320061.1119401366,102.8931146390023,412.054746976999,42.29233980178833,2556017,2026-09-16,"{""metrics.jsonl"":""logs/cosine/awc8/h20/lr-0.005-b1-0.974-b2-0.999/s44/metrics.jsonl"",""result.json"":""logs/cosine/awc8/h20/lr-0.005-b1-0.974-b2-0.999/s44/result.json"",""resolved.yaml"":""logs/cosine/awc8/h20/lr-0.005-b1-0.974-b2-0.999/s44/resolved.yaml"",""receipt.json"":""logs/cosine/awc8/h20/lr-0.005-b1-0.974-b2-0.999/s44/receipt.json"",""request.json"":""logs/cosine/awc8/h20/lr-0.005-b1-0.974-b2-0.999/s44/request.json"",""environment.json"":""shared/environment-bbdf4a5764207cb166a1ddba022b29187b4512984d1127830fe55681dbb8650c.json""}"
awc8-cosine-h20--0.006--0.9--0.99--s42,awc8,20,1533059.7489680247,1433942.7120510882,1329022.6923405486,100.96979028400528,408.10021683700325,42.29233980178833,2555360,2026-09-16,"{""metrics.jsonl"":""logs/cosine/awc8/h20/lr-0.006-b1-0.9-b2-0.99/s42/metrics.jsonl"",""result.json"":""logs/cosine/awc8/h20/lr-0.006-b1-0.9-b2-0.99/s42/result.json"",""resolved.yaml"":""logs/cosine/awc8/h20/lr-0.006-b1-0.9-b2-0.99/s42/resolved.yaml"",""receipt.json"":""logs/cosine/awc8/h20/lr-0.006-b1-0.9-b2-0.99/s42/receipt.json"",""request.json"":""logs/cosine/awc8/h20/lr-0.006-b1-0.9-b2-0.99/s42/request.json"",""environment.json"":""shared/environment-a609c714e6d916c425738f90529431e77ec611b5e1b8c7cc4de089f9cb388e58.json""}"
awc8-cosine-h20--0.006--0.9--0.99--s43,awc8,20,1514050.3937026034,1417572.1410802647,1314322.2614081278,102.29054656400695,412.812162088012,42.29233980178833,2555361,2026-09-16,"{""metrics.jsonl"":""logs/cosine/awc8/h20/lr-0.006-b1-0.9-b2-0.99/s43/metrics.jsonl"",""result.json"":""logs/cosine/awc8/h20/lr-0.006-b1-0.9-b2-0.99/s43/result.json"",""resolved.yaml"":""logs/cosine/awc8/h20/lr-0.006-b1-0.9-b2-0.99/s43/resolved.yaml"",""receipt.json"":""logs/cosine/awc8/h20/lr-0.006-b1-0.9-b2-0.99/s43/receipt.json"",""request.json"":""logs/cosine/awc8/h20/lr-0.006-b1-0.9-b2-0.99/s43/request.json"",""environment.json"":""shared/environment-9f6c9bd46a25f003e4f62c2630f0a481e507a11573afe78549842eb4611e5e6a.json""}"
awc8-cosine-h20--0.006--0.9--0.99--s44,awc8,20,1541044.6635924617,1442218.5569301976,1336372.9051537742,100.56319247800275,406.0214841370034,42.29233980178833,2555362,2026-09-16,"{""metrics.jsonl"":""logs/cosine/awc8/h20/lr-0.006-b1-0.9-b2-0.99/s44/metrics.jsonl"",""result.json"":""logs/cosine/awc8/h20/lr-0.006-b1-0.9-b2-0.99/s44/result.json"",""resolved.yaml"":""logs/cosine/awc8/h20/lr-0.006-b1-0.9-b2-0.99/s44/resolved.yaml"",""receipt.json"":""logs/cosine/awc8/h20/lr-0.006-b1-0.9-b2-0.99/s44/receipt.json"",""request.json"":""logs/cosine/awc8/h20/lr-0.006-b1-0.9-b2-0.99/s44/request.json"",""environment.json"":""shared/environment-35a785b1846d009df4095ffe8197e7a916ba562620e10346614a82c7f283f016.json""}"
awc8-cosine-h20--0.006--0.9--0.999--s42,awc8,20,1552222.9903556409,1453155.446578477,1346732.2203897138,100.26530490300502,403.30901473699487,42.29233980178833,2555375,2026-09-16,"{""metrics.jsonl"":""logs/cosine/awc8/h20/lr-0.006-b1-0.9-b2-0.999/s42/metrics.jsonl"",""result.json"":""logs/cosine/awc8/h20/lr-0.006-b1-0.9-b2-0.999/s42/result.json"",""resolved.yaml"":""logs/cosine/awc8/h20/lr-0.006-b1-0.9-b2-0.999/s42/resolved.yaml"",""receipt.json"":""logs/cosine/awc8/h20/lr-0.006-b1-0.9-b2-0.999/s42/receipt.json"",""request.json"":""logs/cosine/awc8/h20/lr-0.006-b1-0.9-b2-0.999/s42/request.json"",""environment.json"":""shared/environment-57c1f43ded5c22a418dd8d212fe83427d118b90fb9f2e6c3306be6fe54c256e6.json""}"
awc8-cosine-h20--0.006--0.9--0.999--s43,awc8,20,1519350.5103408105,1298220.1849145594,1208841.9409479487,101.34919782200086,439.5779197829979,42.29233980178833,2555376,2026-09-16,"{""metrics.jsonl"":""logs/cosine/awc8/h20/lr-0.006-b1-0.9-b2-0.999/s43/metrics.jsonl"",""result.json"":""logs/cosine/awc8/h20/lr-0.006-b1-0.9-b2-0.999/s43/result.json"",""resolved.yaml"":""logs/cosine/awc8/h20/lr-0.006-b1-0.9-b2-0.999/s43/resolved.yaml"",""receipt.json"":""logs/cosine/awc8/h20/lr-0.006-b1-0.9-b2-0.999/s43/receipt.json"",""request.json"":""logs/cosine/awc8/h20/lr-0.006-b1-0.9-b2-0.999/s43/request.json"",""environment.json"":""shared/environment-f18305bfce7818238f62f0b26b4d0817bf18bd25a460526d60a06ab96dbd5b12.json""}"
awc8-cosine-h20--0.006--0.9--0.999--s44,awc8,20,1510169.819643261,1291939.1491530654,1201675.4548527633,102.08507920199918,442.3430315279984,42.29233980178833,2555377,2026-09-16,"{""metrics.jsonl"":""logs/cosine/awc8/h20/lr-0.006-b1-0.9-b2-0.999/s44/metrics.jsonl"",""result.json"":""logs/cosine/awc8/h20/lr-0.006-b1-0.9-b2-0.999/s44/result.json"",""resolved.yaml"":""logs/cosine/awc8/h20/lr-0.006-b1-0.9-b2-0.999/s44/resolved.yaml"",""receipt.json"":""logs/cosine/awc8/h20/lr-0.006-b1-0.9-b2-0.999/s44/receipt.json"",""request.json"":""logs/cosine/awc8/h20/lr-0.006-b1-0.9-b2-0.999/s44/request.json"",""environment.json"":""shared/environment-50acac0aa2465b7a206806cde7b58317c0b6903f3387fefe53c7c6829eafb38b.json""}"
awc8-cosine-h20--0.006--0.95--0.99--s42,awc8,20,1510614.044447642,1414231.7363816358,1311736.7789051554,100.15938317000109,411.30685314000584,42.29233980178833,2555390,2026-09-16,"{""metrics.jsonl"":""logs/cosine/awc8/h20/lr-0.006-b1-0.95-b2-0.99/s42/metrics.jsonl"",""result.json"":""logs/cosine/awc8/h20/lr-0.006-b1-0.95-b2-0.99/s42/result.json"",""resolved.yaml"":""logs/cosine/awc8/h20/lr-0.006-b1-0.95-b2-0.99/s42/resolved.yaml"",""receipt.json"":""logs/cosine/awc8/h20/lr-0.006-b1-0.95-b2-0.99/s42/receipt.json"",""request.json"":""logs/cosine/awc8/h20/lr-0.006-b1-0.95-b2-0.99/s42/request.json"",""environment.json"":""shared/environment-c2cf9132467a8b0c37071acfa4d608206a7d4625e29a76f72d9d58fb50bbe18b.json""}"
awc8-cosine-h20--0.006--0.95--0.99--s43,awc8,20,1499410.9024281981,1408595.8682059278,1305937.706731979,100.48377410999092,413.0166449380049,42.29233980178833,2555391,2026-09-16,"{""metrics.jsonl"":""logs/cosine/awc8/h20/lr-0.006-b1-0.95-b2-0.99/s43/metrics.jsonl"",""result.json"":""logs/cosine/awc8/h20/lr-0.006-b1-0.95-b2-0.99/s43/result.json"",""resolved.yaml"":""logs/cosine/awc8/h20/lr-0.006-b1-0.95-b2-0.99/s43/resolved.yaml"",""receipt.json"":""logs/cosine/awc8/h20/lr-0.006-b1-0.95-b2-0.99/s43/receipt.json"",""request.json"":""logs/cosine/awc8/h20/lr-0.006-b1-0.95-b2-0.99/s43/request.json"",""environment.json"":""shared/environment-49684339fcc9cf0fc56c47e5a41105efa5fed2103fa11315b2e6f8b8d27ab383.json""}"
awc8-cosine-h20--0.006--0.95--0.99--s44,awc8,20,1497891.8402985316,1404618.8505566919,1300038.7353839946,103.03783588101214,416.9505573399947,42.29233980178833,2555392,2026-09-16,"{""metrics.jsonl"":""logs/cosine/awc8/h20/lr-0.006-b1-0.95-b2-0.99/s44/metrics.jsonl"",""result.json"":""logs/cosine/awc8/h20/lr-0.006-b1-0.95-b2-0.99/s44/result.json"",""resolved.yaml"":""logs/cosine/awc8/h20/lr-0.006-b1-0.95-b2-0.99/s44/resolved.yaml"",""receipt.json"":""logs/cosine/awc8/h20/lr-0.006-b1-0.95-b2-0.99/s44/receipt.json"",""request.json"":""logs/cosine/awc8/h20/lr-0.006-b1-0.95-b2-0.99/s44/request.json"",""environment.json"":""shared/environment-d5e50f696a06223442ff4179680e4539f75ff78d9c99f8a9b9f7b98e2f474d9b.json""}"
awc8-cosine-h20--0.006--0.95--0.999--s42,awc8,20,1512486.498747379,1268621.9544132159,1185366.6415172308,99.04792588000055,443.83473454699924,42.29233980178833,2555863,2026-09-16,"{""metrics.jsonl"":""logs/cosine/awc8/h20/lr-0.006-b1-0.95-b2-0.999/s42/metrics.jsonl"",""result.json"":""logs/cosine/awc8/h20/lr-0.006-b1-0.95-b2-0.999/s42/result.json"",""resolved.yaml"":""logs/cosine/awc8/h20/lr-0.006-b1-0.95-b2-0.999/s42/resolved.yaml"",""receipt.json"":""logs/cosine/awc8/h20/lr-0.006-b1-0.95-b2-0.999/s42/receipt.json"",""request.json"":""logs/cosine/awc8/h20/lr-0.006-b1-0.95-b2-0.999/s42/request.json"",""environment.json"":""shared/environment-c04258dad2880c2720905854e1eef7a3449d077e3c57ac1dc203ae8ef1c0fa4e.json""}"
awc8-cosine-h20--0.006--0.95--0.999--s43,awc8,20,1527173.858351524,1279282.4756503839,1193569.6624330045,100.62138570000025,443.0721016059979,42.29233980178833,2555911,2026-09-16,"{""metrics.jsonl"":""logs/cosine/awc8/h20/lr-0.006-b1-0.95-b2-0.999/s43/metrics.jsonl"",""result.json"":""logs/cosine/awc8/h20/lr-0.006-b1-0.95-b2-0.999/s43/result.json"",""resolved.yaml"":""logs/cosine/awc8/h20/lr-0.006-b1-0.95-b2-0.999/s43/resolved.yaml"",""receipt.json"":""logs/cosine/awc8/h20/lr-0.006-b1-0.95-b2-0.999/s43/receipt.json"",""request.json"":""logs/cosine/awc8/h20/lr-0.006-b1-0.95-b2-0.999/s43/request.json"",""environment.json"":""shared/environment-4057f218f2aab5a6f33361ceaf8d4a227352ea334339dc01980132c899d78025.json""}"
awc8-cosine-h20--0.006--0.95--0.999--s44,awc8,20,1559447.2086048035,1462901.8826950684,1351902.5513624025,100.12866912799655,402.0047825599904,42.29233980178833,2555913,2026-09-16,"{""metrics.jsonl"":""logs/cosine/awc8/h20/lr-0.006-b1-0.95-b2-0.999/s44/metrics.jsonl"",""result.json"":""logs/cosine/awc8/h20/lr-0.006-b1-0.95-b2-0.999/s44/result.json"",""resolved.yaml"":""logs/cosine/awc8/h20/lr-0.006-b1-0.95-b2-0.999/s44/resolved.yaml"",""receipt.json"":""logs/cosine/awc8/h20/lr-0.006-b1-0.95-b2-0.999/s44/receipt.json"",""request.json"":""logs/cosine/awc8/h20/lr-0.006-b1-0.95-b2-0.999/s44/request.json"",""environment.json"":""shared/environment-8fa9c79920e29eb9cdb4352dde8bd9ae0b2c8d2f30cdc5be34dc6852804dce34.json""}"
awc8-cosine-h20--0.006--0.974--0.99--s42,awc8,20,1516773.327348423,1416923.8260074444,1312290.0261226424,101.19818547699833,412.1917202350014,42.29233980178833,2555973,2026-09-16,"{""metrics.jsonl"":""logs/cosine/awc8/h20/lr-0.006-b1-0.974-b2-0.99/s42/metrics.jsonl"",""result.json"":""logs/cosine/awc8/h20/lr-0.006-b1-0.974-b2-0.99/s42/result.json"",""resolved.yaml"":""logs/cosine/awc8/h20/lr-0.006-b1-0.974-b2-0.99/s42/resolved.yaml"",""receipt.json"":""logs/cosine/awc8/h20/lr-0.006-b1-0.974-b2-0.99/s42/receipt.json"",""request.json"":""logs/cosine/awc8/h20/lr-0.006-b1-0.974-b2-0.99/s42/request.json"",""environment.json"":""shared/environment-ce69392ab14d42af89d71e3215925da853cc1962ab514dea57ca436a482408e1.json""}"
awc8-cosine-h20--0.006--0.974--0.99--s43,awc8,20,1505964.2817472247,1414339.1963531764,1310621.8787921243,102.13143151100303,413.52134958999886,42.29233980178833,2555977,2026-09-16,"{""metrics.jsonl"":""logs/cosine/awc8/h20/lr-0.006-b1-0.974-b2-0.99/s43/metrics.jsonl"",""result.json"":""logs/cosine/awc8/h20/lr-0.006-b1-0.974-b2-0.99/s43/result.json"",""resolved.yaml"":""logs/cosine/awc8/h20/lr-0.006-b1-0.974-b2-0.99/s43/resolved.yaml"",""receipt.json"":""logs/cosine/awc8/h20/lr-0.006-b1-0.974-b2-0.99/s43/receipt.json"",""request.json"":""logs/cosine/awc8/h20/lr-0.006-b1-0.974-b2-0.99/s43/request.json"",""environment.json"":""shared/environment-862eb903123022832038a400567f58bbf4f76e5c01e494e65e8c3a2c1ded8c59.json""}"
awc8-cosine-h20--0.006--0.974--0.99--s44,awc8,20,1503373.5664537458,1405622.0791302838,1304171.830092119,100.28271737199975,413.2497736200021,42.29233980178833,2555978,2026-09-16,"{""metrics.jsonl"":""logs/cosine/awc8/h20/lr-0.006-b1-0.974-b2-0.99/s44/metrics.jsonl"",""result.json"":""logs/cosine/awc8/h20/lr-0.006-b1-0.974-b2-0.99/s44/result.json"",""resolved.yaml"":""logs/cosine/awc8/h20/lr-0.006-b1-0.974-b2-0.99/s44/resolved.yaml"",""receipt.json"":""logs/cosine/awc8/h20/lr-0.006-b1-0.974-b2-0.99/s44/receipt.json"",""request.json"":""logs/cosine/awc8/h20/lr-0.006-b1-0.974-b2-0.99/s44/request.json"",""environment.json"":""shared/environment-c6a27ef8b63e29fedb72970b3a3f847ac9748c895cf16ee9c8e68259c717399c.json""}"
awc8-cosine-h20--0.006--0.974--0.999--s42,awc8,20,1526625.955352273,1434852.64369203,1329520.9312694627,101.73631154099712,408.69184843199037,42.29233980178833,2556026,2026-09-16,"{""metrics.jsonl"":""logs/cosine/awc8/h20/lr-0.006-b1-0.974-b2-0.999/s42/metrics.jsonl"",""result.json"":""logs/cosine/awc8/h20/lr-0.006-b1-0.974-b2-0.999/s42/result.json"",""resolved.yaml"":""logs/cosine/awc8/h20/lr-0.006-b1-0.974-b2-0.999/s42/resolved.yaml"",""receipt.json"":""logs/cosine/awc8/h20/lr-0.006-b1-0.974-b2-0.999/s42/receipt.json"",""request.json"":""logs/cosine/awc8/h20/lr-0.006-b1-0.974-b2-0.999/s42/request.json"",""environment.json"":""shared/environment-54ffee77c63ebe6b09a37c7b60ff47cc30e68e2dad88f49cbcaa4baad1d3edb7.json""}"
awc8-cosine-h20--0.006--0.974--0.999--s43,awc8,20,1465806.729776595,1380725.380816802,1281024.3906480265,103.98112468799809,422.5681097229972,42.29233980178833,2556027,2026-09-16,"{""metrics.jsonl"":""logs/cosine/awc8/h20/lr-0.006-b1-0.974-b2-0.999/s43/metrics.jsonl"",""result.json"":""logs/cosine/awc8/h20/lr-0.006-b1-0.974-b2-0.999/s43/result.json"",""resolved.yaml"":""logs/cosine/awc8/h20/lr-0.006-b1-0.974-b2-0.999/s43/resolved.yaml"",""receipt.json"":""logs/cosine/awc8/h20/lr-0.006-b1-0.974-b2-0.999/s43/receipt.json"",""request.json"":""logs/cosine/awc8/h20/lr-0.006-b1-0.974-b2-0.999/s43/request.json"",""environment.json"":""shared/environment-471c142b601592642ec2ddc090b7c1831a16cb8d90f8784f52e5b499e1da7ae6.json""}"
awc8-cosine-h20--0.006--0.974--0.999--s44,awc8,20,1515335.3164161774,1425734.7539535242,1320041.0631761556,102.53728432700154,411.7265210609985,42.29233980178833,2556038,2026-09-16,"{""metrics.jsonl"":""logs/cosine/awc8/h20/lr-0.006-b1-0.974-b2-0.999/s44/metrics.jsonl"",""result.json"":""logs/cosine/awc8/h20/lr-0.006-b1-0.974-b2-0.999/s44/result.json"",""resolved.yaml"":""logs/cosine/awc8/h20/lr-0.006-b1-0.974-b2-0.999/s44/resolved.yaml"",""receipt.json"":""logs/cosine/awc8/h20/lr-0.006-b1-0.974-b2-0.999/s44/receipt.json"",""request.json"":""logs/cosine/awc8/h20/lr-0.006-b1-0.974-b2-0.999/s44/request.json"",""environment.json"":""shared/environment-8f1e78a9b266222795ba60e4550d9d302cda6ff04e1046e1a9c84f438eda366e.json""}"
awc8-cosine-h20--0.007--0.9--0.99--s42,awc8,20,1542944.8155056855,1443134.8552234594,1336474.377354847,101.14383308199831,406.5119343829974,42.29233980178833,2555363,2026-09-16,"{""metrics.jsonl"":""logs/cosine/awc8/h20/lr-0.007-b1-0.9-b2-0.99/s42/metrics.jsonl"",""result.json"":""logs/cosine/awc8/h20/lr-0.007-b1-0.9-b2-0.99/s42/result.json"",""resolved.yaml"":""logs/cosine/awc8/h20/lr-0.007-b1-0.9-b2-0.99/s42/resolved.yaml"",""receipt.json"":""logs/cosine/awc8/h20/lr-0.007-b1-0.9-b2-0.99/s42/receipt.json"",""request.json"":""logs/cosine/awc8/h20/lr-0.007-b1-0.9-b2-0.99/s42/request.json"",""environment.json"":""shared/environment-0871adfd0e953aaba30f152f1acf2f7555c2f678ee4e9a8343d3de868bd1bc24.json""}"
awc8-cosine-h20--0.007--0.9--0.99--s43,awc8,20,1502407.852924024,1404340.3936174652,1301706.589678243,102.54042981901148,416.1764347330027,42.29233980178833,2555364,2026-09-16,"{""metrics.jsonl"":""logs/cosine/awc8/h20/lr-0.007-b1-0.9-b2-0.99/s43/metrics.jsonl"",""result.json"":""logs/cosine/awc8/h20/lr-0.007-b1-0.9-b2-0.99/s43/result.json"",""resolved.yaml"":""logs/cosine/awc8/h20/lr-0.007-b1-0.9-b2-0.99/s43/resolved.yaml"",""receipt.json"":""logs/cosine/awc8/h20/lr-0.007-b1-0.9-b2-0.99/s43/receipt.json"",""request.json"":""logs/cosine/awc8/h20/lr-0.007-b1-0.9-b2-0.99/s43/request.json"",""environment.json"":""shared/environment-f5258b4805bfa907f05fa42e355f1097c73bce6471fb7bd0faf4e79492c3db30.json""}"
awc8-cosine-h20--0.007--0.9--0.99--s44,awc8,20,1517477.7388887054,1421904.3646436979,1316496.183479441,102.13163457599876,412.1279563650023,42.29233980178833,2555365,2026-09-16,"{""metrics.jsonl"":""logs/cosine/awc8/h20/lr-0.007-b1-0.9-b2-0.99/s44/metrics.jsonl"",""result.json"":""logs/cosine/awc8/h20/lr-0.007-b1-0.9-b2-0.99/s44/result.json"",""resolved.yaml"":""logs/cosine/awc8/h20/lr-0.007-b1-0.9-b2-0.99/s44/resolved.yaml"",""receipt.json"":""logs/cosine/awc8/h20/lr-0.007-b1-0.9-b2-0.99/s44/receipt.json"",""request.json"":""logs/cosine/awc8/h20/lr-0.007-b1-0.9-b2-0.99/s44/request.json"",""environment.json"":""shared/environment-8206e18371499cdc6300577ae9d4df61311cb909f548cc17eb7a968e48ba86b3.json""}"
awc8-cosine-h20--0.007--0.9--0.999--s42,awc8,20,1561606.1890677605,1462101.5370995544,1351546.825779738,100.16234268300468,402.1197869919997,42.29233980178833,2555378,2026-09-16,"{""metrics.jsonl"":""logs/cosine/awc8/h20/lr-0.007-b1-0.9-b2-0.999/s42/metrics.jsonl"",""result.json"":""logs/cosine/awc8/h20/lr-0.007-b1-0.9-b2-0.999/s42/result.json"",""resolved.yaml"":""logs/cosine/awc8/h20/lr-0.007-b1-0.9-b2-0.999/s42/resolved.yaml"",""receipt.json"":""logs/cosine/awc8/h20/lr-0.007-b1-0.9-b2-0.999/s42/receipt.json"",""request.json"":""logs/cosine/awc8/h20/lr-0.007-b1-0.9-b2-0.999/s42/request.json"",""environment.json"":""shared/environment-793a02b9490bc684ac820e115b2ac5e079014bfc6ec346a914cc456f1b55c518.json""}"
awc8-cosine-h20--0.007--0.9--0.999--s43,awc8,20,1493066.4525224485,1399186.6653384946,1298504.3785560825,100.51875614799974,414.84440885099866,42.29233980178833,2555379,2026-09-16,"{""metrics.jsonl"":""logs/cosine/awc8/h20/lr-0.007-b1-0.9-b2-0.999/s43/metrics.jsonl"",""result.json"":""logs/cosine/awc8/h20/lr-0.007-b1-0.9-b2-0.999/s43/result.json"",""resolved.yaml"":""logs/cosine/awc8/h20/lr-0.007-b1-0.9-b2-0.999/s43/resolved.yaml"",""receipt.json"":""logs/cosine/awc8/h20/lr-0.007-b1-0.9-b2-0.999/s43/receipt.json"",""request.json"":""logs/cosine/awc8/h20/lr-0.007-b1-0.9-b2-0.999/s43/request.json"",""environment.json"":""shared/environment-27c7dc01287c8e52fb9748b4e93425197990a22964ca57578ae3fa0b67a9a63a.json""}"
awc8-cosine-h20--0.007--0.9--0.999--s44,awc8,20,1532752.109341667,1434410.6019652444,1327894.7778815923,101.33569178799917,408.6849687169997,42.29233980178833,2555380,2026-09-16,"{""metrics.jsonl"":""logs/cosine/awc8/h20/lr-0.007-b1-0.9-b2-0.999/s44/metrics.jsonl"",""result.json"":""logs/cosine/awc8/h20/lr-0.007-b1-0.9-b2-0.999/s44/result.json"",""resolved.yaml"":""logs/cosine/awc8/h20/lr-0.007-b1-0.9-b2-0.999/s44/resolved.yaml"",""receipt.json"":""logs/cosine/awc8/h20/lr-0.007-b1-0.9-b2-0.999/s44/receipt.json"",""request.json"":""logs/cosine/awc8/h20/lr-0.007-b1-0.9-b2-0.999/s44/request.json"",""environment.json"":""shared/environment-1571c4e03ed5f5ac5b3b1affb0b4b048fb34c9055029b7af9386bcf14b8bc134.json""}"
awc8-cosine-h20--0.007--0.95--0.99--s42,awc8,20,1495629.3696999815,1398795.1050834183,1296769.5923879466,100.61598514700017,415.4555641659972,42.29233980178833,2555393,2026-09-16,"{""metrics.jsonl"":""logs/cosine/awc8/h20/lr-0.007-b1-0.95-b2-0.99/s42/metrics.jsonl"",""result.json"":""logs/cosine/awc8/h20/lr-0.007-b1-0.95-b2-0.99/s42/result.json"",""resolved.yaml"":""logs/cosine/awc8/h20/lr-0.007-b1-0.95-b2-0.99/s42/resolved.yaml"",""receipt.json"":""logs/cosine/awc8/h20/lr-0.007-b1-0.95-b2-0.99/s42/receipt.json"",""request.json"":""logs/cosine/awc8/h20/lr-0.007-b1-0.95-b2-0.99/s42/request.json"",""environment.json"":""shared/environment-e61ea3b26e13b2ab999b81f015c124716233dbc8e9b64fc642abcbf3ee4bc3dd.json""}"
awc8-cosine-h20--0.007--0.95--0.99--s43,awc8,20,1547111.7108759452,1452758.809115307,1332536.2902480103,100.54557226500037,406.8265089370034,42.29233980178833,2555394,2026-09-16,"{""metrics.jsonl"":""logs/cosine/awc8/h20/lr-0.007-b1-0.95-b2-0.99/s43/metrics.jsonl"",""result.json"":""logs/cosine/awc8/h20/lr-0.007-b1-0.95-b2-0.99/s43/result.json"",""resolved.yaml"":""logs/cosine/awc8/h20/lr-0.007-b1-0.95-b2-0.99/s43/resolved.yaml"",""receipt.json"":""logs/cosine/awc8/h20/lr-0.007-b1-0.95-b2-0.99/s43/receipt.json"",""request.json"":""logs/cosine/awc8/h20/lr-0.007-b1-0.95-b2-0.99/s43/request.json"",""environment.json"":""shared/environment-95d38fdd6de35d796b6f35967e492964f2385f049567f211c6ab9aca8929b154.json""}"
awc8-cosine-h20--0.007--0.95--0.99--s44,awc8,20,1514356.24833871,1421981.8022029332,1304513.7289627662,103.0838905099954,415.92175498598954,42.29233980178833,2555395,2026-09-16,"{""metrics.jsonl"":""logs/cosine/awc8/h20/lr-0.007-b1-0.95-b2-0.99/s44/metrics.jsonl"",""result.json"":""logs/cosine/awc8/h20/lr-0.007-b1-0.95-b2-0.99/s44/result.json"",""resolved.yaml"":""logs/cosine/awc8/h20/lr-0.007-b1-0.95-b2-0.99/s44/resolved.yaml"",""receipt.json"":""logs/cosine/awc8/h20/lr-0.007-b1-0.95-b2-0.99/s44/receipt.json"",""request.json"":""logs/cosine/awc8/h20/lr-0.007-b1-0.95-b2-0.99/s44/request.json"",""environment.json"":""shared/environment-c15e46b168d837120d9c871369538bbcfba0634cccf626586fd0fc38956a64d8.json""}"
awc8-cosine-h20--0.007--0.95--0.999--s42,awc8,20,1516536.4988411868,1425234.5564773346,1319637.78669991,102.4874737029968,411.77763467899786,42.29233980178833,2555914,2026-09-16,"{""metrics.jsonl"":""logs/cosine/awc8/h20/lr-0.007-b1-0.95-b2-0.999/s42/metrics.jsonl"",""result.json"":""logs/cosine/awc8/h20/lr-0.007-b1-0.95-b2-0.999/s42/result.json"",""resolved.yaml"":""logs/cosine/awc8/h20/lr-0.007-b1-0.95-b2-0.999/s42/resolved.yaml"",""receipt.json"":""logs/cosine/awc8/h20/lr-0.007-b1-0.95-b2-0.999/s42/receipt.json"",""request.json"":""logs/cosine/awc8/h20/lr-0.007-b1-0.95-b2-0.999/s42/request.json"",""environment.json"":""shared/environment-97be06c10a3ce1b413a44f13912754859f58373f83e143c4e756bf45edee5b6a.json""}"
awc8-cosine-h20--0.007--0.95--0.999--s43,awc8,20,1548251.020037965,1450640.8524560002,1343556.9808985484,100.47628597400035,404.22609887699946,42.29233980178833,2555915,2026-09-16,"{""metrics.jsonl"":""logs/cosine/awc8/h20/lr-0.007-b1-0.95-b2-0.999/s43/metrics.jsonl"",""result.json"":""logs/cosine/awc8/h20/lr-0.007-b1-0.95-b2-0.999/s43/result.json"",""resolved.yaml"":""logs/cosine/awc8/h20/lr-0.007-b1-0.95-b2-0.999/s43/resolved.yaml"",""receipt.json"":""logs/cosine/awc8/h20/lr-0.007-b1-0.95-b2-0.999/s43/receipt.json"",""request.json"":""logs/cosine/awc8/h20/lr-0.007-b1-0.95-b2-0.999/s43/request.json"",""environment.json"":""shared/environment-a214742ef2c33120606bbce0e781bb58eca30b480705aeaad582bdbfaf2d3970.json""}"
awc8-cosine-h20--0.007--0.95--0.999--s44,awc8,20,1476377.6794936664,1245130.613466507,1161412.7462409406,102.99321721600427,455.014883522992,42.29233980178833,2555956,2026-09-16,"{""metrics.jsonl"":""logs/cosine/awc8/h20/lr-0.007-b1-0.95-b2-0.999/s44/metrics.jsonl"",""result.json"":""logs/cosine/awc8/h20/lr-0.007-b1-0.95-b2-0.999/s44/result.json"",""resolved.yaml"":""logs/cosine/awc8/h20/lr-0.007-b1-0.95-b2-0.999/s44/resolved.yaml"",""receipt.json"":""logs/cosine/awc8/h20/lr-0.007-b1-0.95-b2-0.999/s44/receipt.json"",""request.json"":""logs/cosine/awc8/h20/lr-0.007-b1-0.95-b2-0.999/s44/request.json"",""environment.json"":""shared/environment-f635fa54e7c2088fde2398c39f156ef488bdf22f4bd824fb87a807cd55054f56.json""}"
awc8-cosine-h20--0.007--0.974--0.99--s42,awc8,20,1506390.4347618169,1416075.6843135864,1310227.3759677506,103.24310211899865,414.7585931060021,42.29233980178833,2555979,2026-09-16,"{""metrics.jsonl"":""logs/cosine/awc8/h20/lr-0.007-b1-0.974-b2-0.99/s42/metrics.jsonl"",""result.json"":""logs/cosine/awc8/h20/lr-0.007-b1-0.974-b2-0.99/s42/result.json"",""resolved.yaml"":""logs/cosine/awc8/h20/lr-0.007-b1-0.974-b2-0.99/s42/resolved.yaml"",""receipt.json"":""logs/cosine/awc8/h20/lr-0.007-b1-0.974-b2-0.99/s42/receipt.json"",""request.json"":""logs/cosine/awc8/h20/lr-0.007-b1-0.974-b2-0.99/s42/request.json"",""environment.json"":""shared/environment-f032a14270b4aa2ac2dcea2adb95fc6106bcb15cf038725a43f013171277716e.json""}"
awc8-cosine-h20--0.007--0.974--0.99--s43,awc8,20,1524813.007953852,1420057.5188360293,1307094.3780368348,101.47974695901212,413.7300186689972,42.29233980178833,2555985,2026-09-16,"{""metrics.jsonl"":""logs/cosine/awc8/h20/lr-0.007-b1-0.974-b2-0.99/s43/metrics.jsonl"",""result.json"":""logs/cosine/awc8/h20/lr-0.007-b1-0.974-b2-0.99/s43/result.json"",""resolved.yaml"":""logs/cosine/awc8/h20/lr-0.007-b1-0.974-b2-0.99/s43/resolved.yaml"",""receipt.json"":""logs/cosine/awc8/h20/lr-0.007-b1-0.974-b2-0.99/s43/receipt.json"",""request.json"":""logs/cosine/awc8/h20/lr-0.007-b1-0.974-b2-0.99/s43/request.json"",""environment.json"":""shared/environment-3118e553ac3fd70d708a9b62d46eaf2939d4e899e435bf4833d27e4b729a2eea.json""}"
awc8-cosine-h20--0.007--0.974--0.99--s44,awc8,20,1501319.103163566,1297520.6541511517,1208554.459787629,102.97192936101055,441.23338467899885,42.29233980178833,2555986,2026-09-16,"{""metrics.jsonl"":""logs/cosine/awc8/h20/lr-0.007-b1-0.974-b2-0.99/s44/metrics.jsonl"",""result.json"":""logs/cosine/awc8/h20/lr-0.007-b1-0.974-b2-0.99/s44/result.json"",""resolved.yaml"":""logs/cosine/awc8/h20/lr-0.007-b1-0.974-b2-0.99/s44/resolved.yaml"",""receipt.json"":""logs/cosine/awc8/h20/lr-0.007-b1-0.974-b2-0.99/s44/receipt.json"",""request.json"":""logs/cosine/awc8/h20/lr-0.007-b1-0.974-b2-0.99/s44/request.json"",""environment.json"":""shared/environment-62f048c4c1128f0e58bebf69ac6caff446588723ce06e4732687db9b31966d3b.json""}"
awc8-cosine-h20--0.007--0.974--0.999--s42,awc8,20,1505283.5828787796,1407316.875091842,1306171.1063592357,100.56014688398864,413.0103907869925,42.29233980178833,2556039,2026-09-16,"{""metrics.jsonl"":""logs/cosine/awc8/h20/lr-0.007-b1-0.974-b2-0.999/s42/metrics.jsonl"",""result.json"":""logs/cosine/awc8/h20/lr-0.007-b1-0.974-b2-0.999/s42/result.json"",""resolved.yaml"":""logs/cosine/awc8/h20/lr-0.007-b1-0.974-b2-0.999/s42/resolved.yaml"",""receipt.json"":""logs/cosine/awc8/h20/lr-0.007-b1-0.974-b2-0.999/s42/receipt.json"",""request.json"":""logs/cosine/awc8/h20/lr-0.007-b1-0.974-b2-0.999/s42/request.json"",""environment.json"":""shared/environment-0afd6a03a637b80925358069d1435a53e8685a7a5381e69582f72acbfb6bb979.json""}"
awc8-cosine-h20--0.007--0.974--0.999--s43,awc8,20,1563163.0069603645,1465765.59700103,1354535.7245026133,99.78848635000759,401.0779680709966,42.29233980178833,2556042,2026-09-16,"{""metrics.jsonl"":""logs/cosine/awc8/h20/lr-0.007-b1-0.974-b2-0.999/s43/metrics.jsonl"",""result.json"":""logs/cosine/awc8/h20/lr-0.007-b1-0.974-b2-0.999/s43/result.json"",""resolved.yaml"":""logs/cosine/awc8/h20/lr-0.007-b1-0.974-b2-0.999/s43/resolved.yaml"",""receipt.json"":""logs/cosine/awc8/h20/lr-0.007-b1-0.974-b2-0.999/s43/receipt.json"",""request.json"":""logs/cosine/awc8/h20/lr-0.007-b1-0.974-b2-0.999/s43/request.json"",""environment.json"":""shared/environment-df4058ae8027a5d8769138eb3cefc4a4a5eb0a0070dd9125a404091337759a71.json""}"
awc8-cosine-h20--0.007--0.974--0.999--s44,awc8,20,1516160.655757156,1426082.4689548477,1320587.0288734061,103.0551251010038,412.1266922789946,42.29233980178833,2556043,2026-09-16,"{""metrics.jsonl"":""logs/cosine/awc8/h20/lr-0.007-b1-0.974-b2-0.999/s44/metrics.jsonl"",""result.json"":""logs/cosine/awc8/h20/lr-0.007-b1-0.974-b2-0.999/s44/result.json"",""resolved.yaml"":""logs/cosine/awc8/h20/lr-0.007-b1-0.974-b2-0.999/s44/resolved.yaml"",""receipt.json"":""logs/cosine/awc8/h20/lr-0.007-b1-0.974-b2-0.999/s44/receipt.json"",""request.json"":""logs/cosine/awc8/h20/lr-0.007-b1-0.974-b2-0.999/s44/request.json"",""environment.json"":""shared/environment-dcd2b5bcd00d26b9524190645fc698df8f39f493a29bcf2131fbbfad2fb7ced7.json""}"
awc8-cosine-h20--0.008--0.9--0.99--s42,awc8,20,1522774.855402161,1347109.850764532,1249829.365406342,102.25931174200377,429.26646983298997,42.29233980178833,2555366,2026-09-16,"{""metrics.jsonl"":""logs/cosine/awc8/h20/lr-0.008-b1-0.9-b2-0.99/s42/metrics.jsonl"",""result.json"":""logs/cosine/awc8/h20/lr-0.008-b1-0.9-b2-0.99/s42/result.json"",""resolved.yaml"":""logs/cosine/awc8/h20/lr-0.008-b1-0.9-b2-0.99/s42/resolved.yaml"",""receipt.json"":""logs/cosine/awc8/h20/lr-0.008-b1-0.9-b2-0.99/s42/receipt.json"",""request.json"":""logs/cosine/awc8/h20/lr-0.008-b1-0.9-b2-0.99/s42/request.json"",""environment.json"":""shared/environment-625ebb977e1ac00f97571aaab6248e3a8ec263f274d3f1d14abd4a160ac03148.json""}"
awc8-cosine-h20--0.008--0.9--0.99--s43,awc8,20,1509844.1275613988,1373865.870090419,1276006.9622765593,102.18938286099001,422.0571681760048,42.29233980178833,2555367,2026-09-16,"{""metrics.jsonl"":""logs/cosine/awc8/h20/lr-0.008-b1-0.9-b2-0.99/s43/metrics.jsonl"",""result.json"":""logs/cosine/awc8/h20/lr-0.008-b1-0.9-b2-0.99/s43/result.json"",""resolved.yaml"":""logs/cosine/awc8/h20/lr-0.008-b1-0.9-b2-0.99/s43/resolved.yaml"",""receipt.json"":""logs/cosine/awc8/h20/lr-0.008-b1-0.9-b2-0.99/s43/receipt.json"",""request.json"":""logs/cosine/awc8/h20/lr-0.008-b1-0.9-b2-0.99/s43/request.json"",""environment.json"":""shared/environment-9c804e4bd482cb8e956dcb6739b18d81728ca85affadae6969b8394276f81af0.json""}"
awc8-cosine-h20--0.008--0.9--0.99--s44,awc8,20,1503545.4387982376,1366386.5977021912,1269856.6212761598,101.44159089999448,422.81951837100496,42.29233980178833,2555368,2026-09-16,"{""metrics.jsonl"":""logs/cosine/awc8/h20/lr-0.008-b1-0.9-b2-0.99/s44/metrics.jsonl"",""result.json"":""logs/cosine/awc8/h20/lr-0.008-b1-0.9-b2-0.99/s44/result.json"",""resolved.yaml"":""logs/cosine/awc8/h20/lr-0.008-b1-0.9-b2-0.99/s44/resolved.yaml"",""receipt.json"":""logs/cosine/awc8/h20/lr-0.008-b1-0.9-b2-0.99/s44/receipt.json"",""request.json"":""logs/cosine/awc8/h20/lr-0.008-b1-0.9-b2-0.99/s44/request.json"",""environment.json"":""shared/environment-a91b22f5958ef46bf91556e90042787c7a237df528e54c9dc0179366d5a4fdf5.json""}"
awc8-cosine-h20--0.008--0.9--0.999--s42,awc8,20,1510564.6928816424,1417216.870567835,1312186.359885794,103.30753350000305,414.35238834300253,42.29233980178833,2555381,2026-09-16,"{""metrics.jsonl"":""logs/cosine/awc8/h20/lr-0.008-b1-0.9-b2-0.999/s42/metrics.jsonl"",""result.json"":""logs/cosine/awc8/h20/lr-0.008-b1-0.9-b2-0.999/s42/result.json"",""resolved.yaml"":""logs/cosine/awc8/h20/lr-0.008-b1-0.9-b2-0.999/s42/resolved.yaml"",""receipt.json"":""logs/cosine/awc8/h20/lr-0.008-b1-0.9-b2-0.999/s42/receipt.json"",""request.json"":""logs/cosine/awc8/h20/lr-0.008-b1-0.9-b2-0.999/s42/request.json"",""environment.json"":""shared/environment-34ca254efac0c809f7ba8ff4d18fe3f658f265267501b309f135d9d31773cda8.json""}"
awc8-cosine-h20--0.008--0.9--0.999--s43,awc8,20,1517159.6081796754,1424082.4311389914,1321498.5445774633,99.35892838099971,408.21574915599194,42.29233980178833,2555382,2026-09-16,"{""metrics.jsonl"":""logs/cosine/awc8/h20/lr-0.008-b1-0.9-b2-0.999/s43/metrics.jsonl"",""result.json"":""logs/cosine/awc8/h20/lr-0.008-b1-0.9-b2-0.999/s43/result.json"",""resolved.yaml"":""logs/cosine/awc8/h20/lr-0.008-b1-0.9-b2-0.999/s43/resolved.yaml"",""receipt.json"":""logs/cosine/awc8/h20/lr-0.008-b1-0.9-b2-0.999/s43/receipt.json"",""request.json"":""logs/cosine/awc8/h20/lr-0.008-b1-0.9-b2-0.999/s43/request.json"",""environment.json"":""shared/environment-32118050a58918bb933622b4bb76230417ad2ca979b1d1d1c7c9979c53198bba.json""}"
awc8-cosine-h20--0.008--0.9--0.999--s44,awc8,20,1500747.7602032183,1409479.1222316322,1308034.6540001498,100.32470723499864,412.3600068740052,42.29233980178833,2555383,2026-09-16,"{""metrics.jsonl"":""logs/cosine/awc8/h20/lr-0.008-b1-0.9-b2-0.999/s44/metrics.jsonl"",""result.json"":""logs/cosine/awc8/h20/lr-0.008-b1-0.9-b2-0.999/s44/result.json"",""resolved.yaml"":""logs/cosine/awc8/h20/lr-0.008-b1-0.9-b2-0.999/s44/resolved.yaml"",""receipt.json"":""logs/cosine/awc8/h20/lr-0.008-b1-0.9-b2-0.999/s44/receipt.json"",""request.json"":""logs/cosine/awc8/h20/lr-0.008-b1-0.9-b2-0.999/s44/request.json"",""environment.json"":""shared/environment-81b79229553022215f63480dab09280ccdfe13c08d798182b2dd4d1d28f6f90a.json""}"
awc8-cosine-h20--0.008--0.95--0.99--s42,awc8,20,1537335.3554545701,1444118.8070962382,1337052.3556408437,101.74316021800041,407.03433226999914,42.29233980178833,2555396,2026-09-16,"{""metrics.jsonl"":""logs/cosine/awc8/h20/lr-0.008-b1-0.95-b2-0.99/s42/metrics.jsonl"",""result.json"":""logs/cosine/awc8/h20/lr-0.008-b1-0.95-b2-0.99/s42/result.json"",""resolved.yaml"":""logs/cosine/awc8/h20/lr-0.008-b1-0.95-b2-0.99/s42/resolved.yaml"",""receipt.json"":""logs/cosine/awc8/h20/lr-0.008-b1-0.95-b2-0.99/s42/receipt.json"",""request.json"":""logs/cosine/awc8/h20/lr-0.008-b1-0.95-b2-0.99/s42/request.json"",""environment.json"":""shared/environment-a9af01e8f1c4876d6f325efcdf097de4d554648b837b0fd1c13dae0ddbc144ba.json""}"
awc8-cosine-h20--0.008--0.95--0.99--s43,awc8,20,1514352.7039781194,1426036.0928049234,1320575.229526191,103.01865697999892,412.0696323160082,42.29233980178833,2555397,2026-09-16,"{""metrics.jsonl"":""logs/cosine/awc8/h20/lr-0.008-b1-0.95-b2-0.99/s43/metrics.jsonl"",""result.json"":""logs/cosine/awc8/h20/lr-0.008-b1-0.95-b2-0.99/s43/result.json"",""resolved.yaml"":""logs/cosine/awc8/h20/lr-0.008-b1-0.95-b2-0.99/s43/resolved.yaml"",""receipt.json"":""logs/cosine/awc8/h20/lr-0.008-b1-0.95-b2-0.99/s43/receipt.json"",""request.json"":""logs/cosine/awc8/h20/lr-0.008-b1-0.95-b2-0.99/s43/request.json"",""environment.json"":""shared/environment-a9622fcc853214f72fec02e9efb23419c871e0bf1af347f92de4c15adcfcc844.json""}"
awc8-cosine-h20--0.008--0.95--0.99--s44,awc8,20,1547089.6242070391,1452154.9375268803,1345396.4993021775,100.55119601999468,403.95702399499714,42.29233980178833,2555398,2026-09-16,"{""metrics.jsonl"":""logs/cosine/awc8/h20/lr-0.008-b1-0.95-b2-0.99/s44/metrics.jsonl"",""result.json"":""logs/cosine/awc8/h20/lr-0.008-b1-0.95-b2-0.99/s44/result.json"",""resolved.yaml"":""logs/cosine/awc8/h20/lr-0.008-b1-0.95-b2-0.99/s44/resolved.yaml"",""receipt.json"":""logs/cosine/awc8/h20/lr-0.008-b1-0.95-b2-0.99/s44/receipt.json"",""request.json"":""logs/cosine/awc8/h20/lr-0.008-b1-0.95-b2-0.99/s44/request.json"",""environment.json"":""shared/environment-06ac322c90932e6c58a8f857e017da64cfedfdff5b715027837b276e3d9b8317.json""}"
awc8-cosine-h20--0.008--0.95--0.999--s42,awc8,20,1508679.5434958152,1413093.287226083,1309919.6562246224,100.36114163399907,411.9114338569925,42.29233980178833,2555957,2026-09-16,"{""metrics.jsonl"":""logs/cosine/awc8/h20/lr-0.008-b1-0.95-b2-0.999/s42/metrics.jsonl"",""result.json"":""logs/cosine/awc8/h20/lr-0.008-b1-0.95-b2-0.999/s42/result.json"",""resolved.yaml"":""logs/cosine/awc8/h20/lr-0.008-b1-0.95-b2-0.999/s42/resolved.yaml"",""receipt.json"":""logs/cosine/awc8/h20/lr-0.008-b1-0.95-b2-0.999/s42/receipt.json"",""request.json"":""logs/cosine/awc8/h20/lr-0.008-b1-0.95-b2-0.999/s42/request.json"",""environment.json"":""shared/environment-8087a9d6b9372c46812e3cce2e35710374a4c449a9cdaa9fc1ecc90c78536b85.json""}"
awc8-cosine-h20--0.008--0.95--0.999--s43,awc8,20,1529707.3236171885,1435924.6988007198,1330198.2315832295,101.2672992359876,408.10491554600594,42.29233980178833,2555960,2026-09-16,"{""metrics.jsonl"":""logs/cosine/awc8/h20/lr-0.008-b1-0.95-b2-0.999/s43/metrics.jsonl"",""result.json"":""logs/cosine/awc8/h20/lr-0.008-b1-0.95-b2-0.999/s43/result.json"",""resolved.yaml"":""logs/cosine/awc8/h20/lr-0.008-b1-0.95-b2-0.999/s43/resolved.yaml"",""receipt.json"":""logs/cosine/awc8/h20/lr-0.008-b1-0.95-b2-0.999/s43/receipt.json"",""request.json"":""logs/cosine/awc8/h20/lr-0.008-b1-0.95-b2-0.999/s43/request.json"",""environment.json"":""shared/environment-051946daef9f19c0ac1724527c52ba8477ae366f6f43a2f8966c201df3e5f0fd.json""}"
awc8-cosine-h20--0.008--0.95--0.999--s44,awc8,20,1521526.78256551,1429566.4221281288,1326331.5253402148,99.32441307499539,407.05593835399486,42.29233980178833,2555966,2026-09-16,"{""metrics.jsonl"":""logs/cosine/awc8/h20/lr-0.008-b1-0.95-b2-0.999/s44/metrics.jsonl"",""result.json"":""logs/cosine/awc8/h20/lr-0.008-b1-0.95-b2-0.999/s44/result.json"",""resolved.yaml"":""logs/cosine/awc8/h20/lr-0.008-b1-0.95-b2-0.999/s44/resolved.yaml"",""receipt.json"":""logs/cosine/awc8/h20/lr-0.008-b1-0.95-b2-0.999/s44/receipt.json"",""request.json"":""logs/cosine/awc8/h20/lr-0.008-b1-0.95-b2-0.999/s44/request.json"",""environment.json"":""shared/environment-e2335a0d18529d17732ac8108df1f0c32b65b29babd4c82f5cff5dc55e8432df.json""}"
awc8-cosine-h20--0.008--0.974--0.99--s42,awc8,20,1531393.2425126736,1438942.836500381,1332720.8483465966,102.34943280999869,408.6730074999941,42.29233980178833,2555987,2026-09-16,"{""metrics.jsonl"":""logs/cosine/awc8/h20/lr-0.008-b1-0.974-b2-0.99/s42/metrics.jsonl"",""result.json"":""logs/cosine/awc8/h20/lr-0.008-b1-0.974-b2-0.99/s42/result.json"",""resolved.yaml"":""logs/cosine/awc8/h20/lr-0.008-b1-0.974-b2-0.99/s42/resolved.yaml"",""receipt.json"":""logs/cosine/awc8/h20/lr-0.008-b1-0.974-b2-0.99/s42/receipt.json"",""request.json"":""logs/cosine/awc8/h20/lr-0.008-b1-0.974-b2-0.99/s42/request.json"",""environment.json"":""shared/environment-bdc837ad09da79d940a5fccff5924a97e013713df341ffda50cf077ee9eb8b9d.json""}"
awc8-cosine-h20--0.008--0.974--0.99--s43,awc8,20,1527151.6710118803,1437094.015661633,1330850.0412607978,101.95060056600778,408.6237655349978,42.29233980178833,2555988,2026-09-16,"{""metrics.jsonl"":""logs/cosine/awc8/h20/lr-0.008-b1-0.974-b2-0.99/s43/metrics.jsonl"",""result.json"":""logs/cosine/awc8/h20/lr-0.008-b1-0.974-b2-0.99/s43/result.json"",""resolved.yaml"":""logs/cosine/awc8/h20/lr-0.008-b1-0.974-b2-0.99/s43/resolved.yaml"",""receipt.json"":""logs/cosine/awc8/h20/lr-0.008-b1-0.974-b2-0.99/s43/receipt.json"",""request.json"":""logs/cosine/awc8/h20/lr-0.008-b1-0.974-b2-0.99/s43/request.json"",""environment.json"":""shared/environment-b1f0b0ee863140120258514b04a85bf82c9ae3a10dd2d43f4341b1cf79cc6dab.json""}"
awc8-cosine-h20--0.008--0.974--0.99--s44,awc8,20,1507233.052037134,1298067.361438331,1210346.30556921,99.8781837530114,437.5075499969971,42.29233980178833,2555989,2026-09-16,"{""metrics.jsonl"":""logs/cosine/awc8/h20/lr-0.008-b1-0.974-b2-0.99/s44/metrics.jsonl"",""result.json"":""logs/cosine/awc8/h20/lr-0.008-b1-0.974-b2-0.99/s44/result.json"",""resolved.yaml"":""logs/cosine/awc8/h20/lr-0.008-b1-0.974-b2-0.99/s44/resolved.yaml"",""receipt.json"":""logs/cosine/awc8/h20/lr-0.008-b1-0.974-b2-0.99/s44/receipt.json"",""request.json"":""logs/cosine/awc8/h20/lr-0.008-b1-0.974-b2-0.99/s44/request.json"",""environment.json"":""shared/environment-3152acfa8d104edbb6d5a57ee2c90a1cccf10376cee0d8f255a568ec2fa18fce.json""}"
awc8-cosine-h20--0.008--0.974--0.999--s42,awc8,20,1531131.3029003346,1437577.9568975747,1332177.0125736974,100.72464376399876,407.0578435299976,42.29233980178833,2556048,2026-09-16,"{""metrics.jsonl"":""logs/cosine/awc8/h20/lr-0.008-b1-0.974-b2-0.999/s42/metrics.jsonl"",""result.json"":""logs/cosine/awc8/h20/lr-0.008-b1-0.974-b2-0.999/s42/result.json"",""resolved.yaml"":""logs/cosine/awc8/h20/lr-0.008-b1-0.974-b2-0.999/s42/resolved.yaml"",""receipt.json"":""logs/cosine/awc8/h20/lr-0.008-b1-0.974-b2-0.999/s42/receipt.json"",""request.json"":""logs/cosine/awc8/h20/lr-0.008-b1-0.974-b2-0.999/s42/request.json"",""environment.json"":""shared/environment-6721531312748d53abcd7e40ad2c9dff914f9545ae1f66ea4a47e043c154a926.json""}"
awc8-cosine-h20--0.008--0.974--0.999--s43,awc8,20,1476647.3778592106,1252936.5005675328,1170682.8748138067,101.15431092098879,450.1679908840015,42.29233980178833,2556049,2026-09-16,"{""metrics.jsonl"":""logs/cosine/awc8/h20/lr-0.008-b1-0.974-b2-0.999/s43/metrics.jsonl"",""result.json"":""logs/cosine/awc8/h20/lr-0.008-b1-0.974-b2-0.999/s43/result.json"",""resolved.yaml"":""logs/cosine/awc8/h20/lr-0.008-b1-0.974-b2-0.999/s43/resolved.yaml"",""receipt.json"":""logs/cosine/awc8/h20/lr-0.008-b1-0.974-b2-0.999/s43/receipt.json"",""request.json"":""logs/cosine/awc8/h20/lr-0.008-b1-0.974-b2-0.999/s43/request.json"",""environment.json"":""shared/environment-4ba7c08dead05fac2f3214098cb9b9b178e6b86abc0badf527bd9a84278b20ff.json""}"
awc8-cosine-h20--0.008--0.974--0.999--s44,awc8,20,1515380.8949726047,1282027.0528882507,1196302.9413986732,99.79409142301301,441.47890732101223,42.29233980178833,2556050,2026-09-16,"{""metrics.jsonl"":""logs/cosine/awc8/h20/lr-0.008-b1-0.974-b2-0.999/s44/metrics.jsonl"",""result.json"":""logs/cosine/awc8/h20/lr-0.008-b1-0.974-b2-0.999/s44/result.json"",""resolved.yaml"":""logs/cosine/awc8/h20/lr-0.008-b1-0.974-b2-0.999/s44/resolved.yaml"",""receipt.json"":""logs/cosine/awc8/h20/lr-0.008-b1-0.974-b2-0.999/s44/receipt.json"",""request.json"":""logs/cosine/awc8/h20/lr-0.008-b1-0.974-b2-0.999/s44/request.json"",""environment.json"":""shared/environment-6d543c694a831931b47895ca3c9691ea78e445e8d2e6cd8b14f6b9929d11fea1.json""}"
awc8-cosine-h20--0.009--0.9--0.99--s42,awc8,20,1514460.8129625944,1419843.0237814435,1316257.4987857048,102.48622142299791,412.5456317770004,42.29233980178833,2555369,2026-09-16,"{""metrics.jsonl"":""logs/cosine/awc8/h20/lr-0.009-b1-0.9-b2-0.99/s42/metrics.jsonl"",""result.json"":""logs/cosine/awc8/h20/lr-0.009-b1-0.9-b2-0.99/s42/result.json"",""resolved.yaml"":""logs/cosine/awc8/h20/lr-0.009-b1-0.9-b2-0.99/s42/resolved.yaml"",""receipt.json"":""logs/cosine/awc8/h20/lr-0.009-b1-0.9-b2-0.99/s42/receipt.json"",""request.json"":""logs/cosine/awc8/h20/lr-0.009-b1-0.9-b2-0.99/s42/request.json"",""environment.json"":""shared/environment-87d5955d71390944534287d614475fd1cc580345bb939e8a1dacbf958082d717.json""}"
awc8-cosine-h20--0.009--0.9--0.99--s43,awc8,20,1539380.2336476482,1442649.0120948178,1336955.0074916147,100.79086991399527,406.08090087299934,42.29233980178833,2555370,2026-09-16,"{""metrics.jsonl"":""logs/cosine/awc8/h20/lr-0.009-b1-0.9-b2-0.99/s43/metrics.jsonl"",""result.json"":""logs/cosine/awc8/h20/lr-0.009-b1-0.9-b2-0.99/s43/result.json"",""resolved.yaml"":""logs/cosine/awc8/h20/lr-0.009-b1-0.9-b2-0.99/s43/resolved.yaml"",""receipt.json"":""logs/cosine/awc8/h20/lr-0.009-b1-0.9-b2-0.99/s43/receipt.json"",""request.json"":""logs/cosine/awc8/h20/lr-0.009-b1-0.9-b2-0.99/s43/request.json"",""environment.json"":""shared/environment-6a5119ebaf169e72e34fa004c2d316cb8679dc26917957266eabd4eaeecaafbc.json""}"
awc8-cosine-h20--0.009--0.9--0.99--s44,awc8,20,1559569.1094594274,1459283.779697276,1351419.5031134132,100.45551307599817,402.45627463801065,42.29233980178833,2555371,2026-09-16,"{""metrics.jsonl"":""logs/cosine/awc8/h20/lr-0.009-b1-0.9-b2-0.99/s44/metrics.jsonl"",""result.json"":""logs/cosine/awc8/h20/lr-0.009-b1-0.9-b2-0.99/s44/result.json"",""resolved.yaml"":""logs/cosine/awc8/h20/lr-0.009-b1-0.9-b2-0.99/s44/resolved.yaml"",""receipt.json"":""logs/cosine/awc8/h20/lr-0.009-b1-0.9-b2-0.99/s44/receipt.json"",""request.json"":""logs/cosine/awc8/h20/lr-0.009-b1-0.9-b2-0.99/s44/request.json"",""environment.json"":""shared/environment-e2345136c0a23694664127b28c835eb08edbcda8295d455a1412c65bc437dfc0.json""}"
awc8-cosine-h20--0.009--0.9--0.999--s42,awc8,20,1541272.2760711475,1324632.4070552336,1233326.9883498778,101.96827594599745,433.32615888799774,42.29233980178833,2555384,2026-09-16,"{""metrics.jsonl"":""logs/cosine/awc8/h20/lr-0.009-b1-0.9-b2-0.999/s42/metrics.jsonl"",""result.json"":""logs/cosine/awc8/h20/lr-0.009-b1-0.9-b2-0.999/s42/result.json"",""resolved.yaml"":""logs/cosine/awc8/h20/lr-0.009-b1-0.9-b2-0.999/s42/resolved.yaml"",""receipt.json"":""logs/cosine/awc8/h20/lr-0.009-b1-0.9-b2-0.999/s42/receipt.json"",""request.json"":""logs/cosine/awc8/h20/lr-0.009-b1-0.9-b2-0.999/s42/request.json"",""environment.json"":""shared/environment-a9e2283e2657f62822fb52ae3da8218a5280bc36c7c4c57a6102fa8b2fa02a99.json""}"
awc8-cosine-h20--0.009--0.9--0.999--s43,awc8,20,1521627.646747035,1430732.0339777588,1322586.6844499242,102.69061173199589,411.2596010739944,42.29233980178833,2555385,2026-09-16,"{""metrics.jsonl"":""logs/cosine/awc8/h20/lr-0.009-b1-0.9-b2-0.999/s43/metrics.jsonl"",""result.json"":""logs/cosine/awc8/h20/lr-0.009-b1-0.9-b2-0.999/s43/result.json"",""resolved.yaml"":""logs/cosine/awc8/h20/lr-0.009-b1-0.9-b2-0.999/s43/resolved.yaml"",""receipt.json"":""logs/cosine/awc8/h20/lr-0.009-b1-0.9-b2-0.999/s43/receipt.json"",""request.json"":""logs/cosine/awc8/h20/lr-0.009-b1-0.9-b2-0.999/s43/request.json"",""environment.json"":""shared/environment-ff68743c53fd09136da43579f4a14d3435d3c862404216d8982c689b38c720d4.json""}"
awc8-cosine-h20--0.009--0.9--0.999--s44,awc8,20,1531693.838880015,1311055.675291048,1221998.2676252755,100.87036060300306,435.2399410020007,42.29233980178833,2555386,2026-09-16,"{""metrics.jsonl"":""logs/cosine/awc8/h20/lr-0.009-b1-0.9-b2-0.999/s44/metrics.jsonl"",""result.json"":""logs/cosine/awc8/h20/lr-0.009-b1-0.9-b2-0.999/s44/result.json"",""resolved.yaml"":""logs/cosine/awc8/h20/lr-0.009-b1-0.9-b2-0.999/s44/resolved.yaml"",""receipt.json"":""logs/cosine/awc8/h20/lr-0.009-b1-0.9-b2-0.999/s44/receipt.json"",""request.json"":""logs/cosine/awc8/h20/lr-0.009-b1-0.9-b2-0.999/s44/request.json"",""environment.json"":""shared/environment-951e6e33858aa22eb0b503660064e2618cae965a4e07d809269137b177d32ce3.json""}"
awc8-cosine-h20--0.009--0.95--0.99--s42,awc8,20,1542838.8795291036,1450993.9211244334,1342858.2717579913,101.1751278069969,405.08782839599735,42.29233980178833,2555399,2026-09-16,"{""metrics.jsonl"":""logs/cosine/awc8/h20/lr-0.009-b1-0.95-b2-0.99/s42/metrics.jsonl"",""result.json"":""logs/cosine/awc8/h20/lr-0.009-b1-0.95-b2-0.99/s42/result.json"",""resolved.yaml"":""logs/cosine/awc8/h20/lr-0.009-b1-0.95-b2-0.99/s42/resolved.yaml"",""receipt.json"":""logs/cosine/awc8/h20/lr-0.009-b1-0.95-b2-0.99/s42/receipt.json"",""request.json"":""logs/cosine/awc8/h20/lr-0.009-b1-0.95-b2-0.99/s42/request.json"",""environment.json"":""shared/environment-588e1a7559c95f0a923cc6304326378dd841cd7cfca54da2e193dfb907c8243b.json""}"
awc8-cosine-h20--0.009--0.95--0.99--s43,awc8,20,1501543.4997295958,1408468.7300648673,1275784.5734400486,102.80417926899099,422.7003248950059,42.29233980178833,2555400,2026-09-16,"{""metrics.jsonl"":""logs/cosine/awc8/h20/lr-0.009-b1-0.95-b2-0.99/s43/metrics.jsonl"",""result.json"":""logs/cosine/awc8/h20/lr-0.009-b1-0.95-b2-0.99/s43/result.json"",""resolved.yaml"":""logs/cosine/awc8/h20/lr-0.009-b1-0.95-b2-0.99/s43/resolved.yaml"",""receipt.json"":""logs/cosine/awc8/h20/lr-0.009-b1-0.95-b2-0.99/s43/receipt.json"",""request.json"":""logs/cosine/awc8/h20/lr-0.009-b1-0.95-b2-0.99/s43/request.json"",""environment.json"":""shared/environment-c50793a7b03cfb77e54ea1f1ba90e7ead3df5c5b4c2daa7732f351fd81d9cfeb.json""}"
awc8-cosine-h20--0.009--0.95--0.99--s44,awc8,20,1540593.190480829,1290732.7924436585,1201189.8959715762,100.91960505599855,441.06922464100353,42.29233980178833,2555401,2026-09-16,"{""metrics.jsonl"":""logs/cosine/awc8/h20/lr-0.009-b1-0.95-b2-0.99/s44/metrics.jsonl"",""result.json"":""logs/cosine/awc8/h20/lr-0.009-b1-0.95-b2-0.99/s44/result.json"",""resolved.yaml"":""logs/cosine/awc8/h20/lr-0.009-b1-0.95-b2-0.99/s44/resolved.yaml"",""receipt.json"":""logs/cosine/awc8/h20/lr-0.009-b1-0.95-b2-0.99/s44/receipt.json"",""request.json"":""logs/cosine/awc8/h20/lr-0.009-b1-0.95-b2-0.99/s44/request.json"",""environment.json"":""shared/environment-80a5c14f2cda79acf1e4dd7c2cfabe5758319d17732a556b37e65eb41f8789a7.json""}"
awc8-cosine-h20--0.009--0.95--0.999--s42,awc8,20,1557998.7007212415,1461288.5419704062,1352368.5996901924,100.35107086900098,402.1416596049967,42.29233980178833,2555967,2026-09-16,"{""metrics.jsonl"":""logs/cosine/awc8/h20/lr-0.009-b1-0.95-b2-0.999/s42/metrics.jsonl"",""result.json"":""logs/cosine/awc8/h20/lr-0.009-b1-0.95-b2-0.999/s42/result.json"",""resolved.yaml"":""logs/cosine/awc8/h20/lr-0.009-b1-0.95-b2-0.999/s42/resolved.yaml"",""receipt.json"":""logs/cosine/awc8/h20/lr-0.009-b1-0.95-b2-0.999/s42/receipt.json"",""request.json"":""logs/cosine/awc8/h20/lr-0.009-b1-0.95-b2-0.999/s42/request.json"",""environment.json"":""shared/environment-675f302e408cc5230c783cf60d74d3a16c19b58d7e78c3635838399f988a8083.json""}"
awc8-cosine-h20--0.009--0.95--0.999--s43,awc8,20,1506654.8468138273,1311885.2048074678,1223367.5068193094,100.44974617700063,434.0394072830022,42.29233980178833,2555968,2026-09-16,"{""metrics.jsonl"":""logs/cosine/awc8/h20/lr-0.009-b1-0.95-b2-0.999/s43/metrics.jsonl"",""result.json"":""logs/cosine/awc8/h20/lr-0.009-b1-0.95-b2-0.999/s43/result.json"",""resolved.yaml"":""logs/cosine/awc8/h20/lr-0.009-b1-0.95-b2-0.999/s43/resolved.yaml"",""receipt.json"":""logs/cosine/awc8/h20/lr-0.009-b1-0.95-b2-0.999/s43/receipt.json"",""request.json"":""logs/cosine/awc8/h20/lr-0.009-b1-0.95-b2-0.999/s43/request.json"",""environment.json"":""shared/environment-ad54f875b1d5f8093fe8dd06a467841356f4200c6c1feab007430e95a5f90e65.json""}"
awc8-cosine-h20--0.009--0.95--0.999--s44,awc8,20,1528044.726876916,1434177.3004351354,1327863.5244935756,101.70415759501338,409.05013823999616,42.29233980178833,2555969,2026-09-16,"{""metrics.jsonl"":""logs/cosine/awc8/h20/lr-0.009-b1-0.95-b2-0.999/s44/metrics.jsonl"",""result.json"":""logs/cosine/awc8/h20/lr-0.009-b1-0.95-b2-0.999/s44/result.json"",""resolved.yaml"":""logs/cosine/awc8/h20/lr-0.009-b1-0.95-b2-0.999/s44/resolved.yaml"",""receipt.json"":""logs/cosine/awc8/h20/lr-0.009-b1-0.95-b2-0.999/s44/receipt.json"",""request.json"":""logs/cosine/awc8/h20/lr-0.009-b1-0.95-b2-0.999/s44/request.json"",""environment.json"":""shared/environment-fca70ff557c3a80ca42b820b7481da63baf1a9df5daa48bd3b3e5b0682841830.json""}"
awc8-cosine-h20--0.009--0.974--0.99--s42,awc8,20,1495283.1185511895,1406869.4433183873,1304221.9817999324,100.61258661300235,413.55850704200566,42.29233980178833,2555990,2026-09-16,"{""metrics.jsonl"":""logs/cosine/awc8/h20/lr-0.009-b1-0.974-b2-0.99/s42/metrics.jsonl"",""result.json"":""logs/cosine/awc8/h20/lr-0.009-b1-0.974-b2-0.99/s42/result.json"",""resolved.yaml"":""logs/cosine/awc8/h20/lr-0.009-b1-0.974-b2-0.99/s42/resolved.yaml"",""receipt.json"":""logs/cosine/awc8/h20/lr-0.009-b1-0.974-b2-0.99/s42/receipt.json"",""request.json"":""logs/cosine/awc8/h20/lr-0.009-b1-0.974-b2-0.99/s42/request.json"",""environment.json"":""shared/environment-275dd4dfa652378f8358666bf059feb255fa1a262305a0cca13d0d1540ff7fd2.json""}"
awc8-cosine-h20--0.009--0.974--0.99--s43,awc8,20,1537003.560007016,1298643.0228422945,1202944.760201611,100.46433513300144,440.1828362880042,42.29233980178833,2556005,2026-09-16,"{""metrics.jsonl"":""logs/cosine/awc8/h20/lr-0.009-b1-0.974-b2-0.99/s43/metrics.jsonl"",""result.json"":""logs/cosine/awc8/h20/lr-0.009-b1-0.974-b2-0.99/s43/result.json"",""resolved.yaml"":""logs/cosine/awc8/h20/lr-0.009-b1-0.974-b2-0.99/s43/resolved.yaml"",""receipt.json"":""logs/cosine/awc8/h20/lr-0.009-b1-0.974-b2-0.99/s43/receipt.json"",""request.json"":""logs/cosine/awc8/h20/lr-0.009-b1-0.974-b2-0.99/s43/request.json"",""environment.json"":""shared/environment-518171be533fe6598bb8528a630582b9deb263051c0d6e4d00addfb631fd1250.json""}"
awc8-cosine-h20--0.009--0.974--0.99--s44,awc8,20,1500844.1457364466,1411267.611750142,1307216.1449375292,103.14008511599968,415.32927273999667,42.29233980178833,2556011,2026-09-16,"{""metrics.jsonl"":""logs/cosine/awc8/h20/lr-0.009-b1-0.974-b2-0.99/s44/metrics.jsonl"",""result.json"":""logs/cosine/awc8/h20/lr-0.009-b1-0.974-b2-0.99/s44/result.json"",""resolved.yaml"":""logs/cosine/awc8/h20/lr-0.009-b1-0.974-b2-0.99/s44/resolved.yaml"",""receipt.json"":""logs/cosine/awc8/h20/lr-0.009-b1-0.974-b2-0.99/s44/receipt.json"",""request.json"":""logs/cosine/awc8/h20/lr-0.009-b1-0.974-b2-0.99/s44/request.json"",""environment.json"":""shared/environment-cd393bcee412b09cd8b4609f1c0d00375e02670759478d1d0b1a47a1cd05fc5e.json""}"
awc8-cosine-h20--0.009--0.974--0.999--s42,awc8,20,1510539.3921425235,1278135.1830288663,1191889.0304399717,102.02616563098854,444.992147906989,42.29233980178833,2556051,2026-09-16,"{""metrics.jsonl"":""logs/cosine/awc8/h20/lr-0.009-b1-0.974-b2-0.999/s42/metrics.jsonl"",""result.json"":""logs/cosine/awc8/h20/lr-0.009-b1-0.974-b2-0.999/s42/result.json"",""resolved.yaml"":""logs/cosine/awc8/h20/lr-0.009-b1-0.974-b2-0.999/s42/resolved.yaml"",""receipt.json"":""logs/cosine/awc8/h20/lr-0.009-b1-0.974-b2-0.999/s42/receipt.json"",""request.json"":""logs/cosine/awc8/h20/lr-0.009-b1-0.974-b2-0.999/s42/request.json"",""environment.json"":""shared/environment-a8eec3aa09f08153bcad714adb16ea2434d2fbbced8fb665d1c3566a1d522ff7.json""}"
awc8-cosine-h20--0.009--0.974--0.999--s43,awc8,20,1529742.3156848638,1426287.6014556817,1320941.9698842354,101.68033601299976,410.6702578760014,42.29233980178833,2556055,2026-09-16,"{""metrics.jsonl"":""logs/cosine/awc8/h20/lr-0.009-b1-0.974-b2-0.999/s43/metrics.jsonl"",""result.json"":""logs/cosine/awc8/h20/lr-0.009-b1-0.974-b2-0.999/s43/result.json"",""resolved.yaml"":""logs/cosine/awc8/h20/lr-0.009-b1-0.974-b2-0.999/s43/resolved.yaml"",""receipt.json"":""logs/cosine/awc8/h20/lr-0.009-b1-0.974-b2-0.999/s43/receipt.json"",""request.json"":""logs/cosine/awc8/h20/lr-0.009-b1-0.974-b2-0.999/s43/request.json"",""environment.json"":""shared/environment-102e81b5c08c95b2dbe25dd42fb73a614e25e007ec5c494451431f8912e6a909.json""}"
awc8-cosine-h20--0.009--0.974--0.999--s44,awc8,20,1515486.499179878,1424639.4925096878,1301261.9679396444,99.80448175199854,413.46328964199347,42.29233980178833,2556056,2026-09-16,"{""metrics.jsonl"":""logs/cosine/awc8/h20/lr-0.009-b1-0.974-b2-0.999/s44/metrics.jsonl"",""result.json"":""logs/cosine/awc8/h20/lr-0.009-b1-0.974-b2-0.999/s44/result.json"",""resolved.yaml"":""logs/cosine/awc8/h20/lr-0.009-b1-0.974-b2-0.999/s44/resolved.yaml"",""receipt.json"":""logs/cosine/awc8/h20/lr-0.009-b1-0.974-b2-0.999/s44/receipt.json"",""request.json"":""logs/cosine/awc8/h20/lr-0.009-b1-0.974-b2-0.999/s44/request.json"",""environment.json"":""shared/environment-9a945328c3e30d2f77d478d12fdbe0c0b4f78a1397ca9e5de1137eaa90823940.json""}"
awc8-cosine-h20--0.01--0.9--0.99--s42,awc8,20,1555978.3601183607,1455164.8399093773,1347262.1062447075,99.71527351900295,402.62179375599953,42.29233980178833,2565964,2026-09-16,"{""metrics.jsonl"":""logs/cosine/awc8/h20/lr-0.01-b1-0.9-b2-0.99/s42/metrics.jsonl"",""result.json"":""logs/cosine/awc8/h20/lr-0.01-b1-0.9-b2-0.99/s42/result.json"",""resolved.yaml"":""logs/cosine/awc8/h20/lr-0.01-b1-0.9-b2-0.99/s42/resolved.yaml"",""receipt.json"":""logs/cosine/awc8/h20/lr-0.01-b1-0.9-b2-0.99/s42/receipt.json"",""request.json"":""logs/cosine/awc8/h20/lr-0.01-b1-0.9-b2-0.99/s42/request.json"",""environment.json"":""shared/environment-801c7136add3aa476a1ee6801b819a18ed3347821690fa6f5cb0519459ad338f.json""}"
awc8-cosine-h20--0.01--0.9--0.99--s43,awc8,20,1486536.3046808867,1393419.8245948397,1292778.2813362349,101.18180584799848,416.8731869839976,42.29233980178833,2565965,2026-09-16,"{""metrics.jsonl"":""logs/cosine/awc8/h20/lr-0.01-b1-0.9-b2-0.99/s43/metrics.jsonl"",""result.json"":""logs/cosine/awc8/h20/lr-0.01-b1-0.9-b2-0.99/s43/result.json"",""resolved.yaml"":""logs/cosine/awc8/h20/lr-0.01-b1-0.9-b2-0.99/s43/resolved.yaml"",""receipt.json"":""logs/cosine/awc8/h20/lr-0.01-b1-0.9-b2-0.99/s43/receipt.json"",""request.json"":""logs/cosine/awc8/h20/lr-0.01-b1-0.9-b2-0.99/s43/request.json"",""environment.json"":""shared/environment-32b49439bf70528d54f30ce62e14f3b21dca539efc32b93c2f59d05c79c40122.json""}"
awc8-cosine-h20--0.01--0.9--0.99--s44,awc8,20,1514028.9658779518,1418039.6792879684,1312584.3075413846,102.17899655300425,413.0925691399898,42.29233980178833,2565967,2026-09-16,"{""metrics.jsonl"":""logs/cosine/awc8/h20/lr-0.01-b1-0.9-b2-0.99/s44/metrics.jsonl"",""result.json"":""logs/cosine/awc8/h20/lr-0.01-b1-0.9-b2-0.99/s44/result.json"",""resolved.yaml"":""logs/cosine/awc8/h20/lr-0.01-b1-0.9-b2-0.99/s44/resolved.yaml"",""receipt.json"":""logs/cosine/awc8/h20/lr-0.01-b1-0.9-b2-0.99/s44/receipt.json"",""request.json"":""logs/cosine/awc8/h20/lr-0.01-b1-0.9-b2-0.99/s44/request.json"",""environment.json"":""shared/environment-8ad5c3fb5e97fec050ae79294b4554c70550b28557987bb868fb0946c0f0469d.json""}"
awc8-cosine-h20--0.01--0.9--0.999--s42,awc8,20,1544790.2220410926,1445973.016671973,1338807.5939577504,101.11742097399838,405.9409468800004,42.29233980178833,2565971,2026-09-16,"{""metrics.jsonl"":""logs/cosine/awc8/h20/lr-0.01-b1-0.9-b2-0.999/s42/metrics.jsonl"",""result.json"":""logs/cosine/awc8/h20/lr-0.01-b1-0.9-b2-0.999/s42/result.json"",""resolved.yaml"":""logs/cosine/awc8/h20/lr-0.01-b1-0.9-b2-0.999/s42/resolved.yaml"",""receipt.json"":""logs/cosine/awc8/h20/lr-0.01-b1-0.9-b2-0.999/s42/receipt.json"",""request.json"":""logs/cosine/awc8/h20/lr-0.01-b1-0.9-b2-0.999/s42/request.json"",""environment.json"":""shared/environment-4192b9cc8249b05a466e8e0d818eab684ccd95cf6137ac2a8b810900b1964dc6.json""}"
awc8-cosine-h20--0.01--0.9--0.999--s43,awc8,20,1490360.057753393,1397144.963922286,1297160.1292220408,101.3831461390073,416.01997099899745,42.29233980178833,2565972,2026-09-16,"{""metrics.jsonl"":""logs/cosine/awc8/h20/lr-0.01-b1-0.9-b2-0.999/s43/metrics.jsonl"",""result.json"":""logs/cosine/awc8/h20/lr-0.01-b1-0.9-b2-0.999/s43/result.json"",""resolved.yaml"":""logs/cosine/awc8/h20/lr-0.01-b1-0.9-b2-0.999/s43/resolved.yaml"",""receipt.json"":""logs/cosine/awc8/h20/lr-0.01-b1-0.9-b2-0.999/s43/receipt.json"",""request.json"":""logs/cosine/awc8/h20/lr-0.01-b1-0.9-b2-0.999/s43/request.json"",""environment.json"":""shared/environment-2417d3e7653a830ff43ab71b49eee24b611b99fea13d4990149ecc6063561297.json""}"
awc8-cosine-h20--0.01--0.9--0.999--s44,awc8,20,1490789.3841212895,1397077.149073273,1296762.9774065781,100.63500587501039,415.3851030609949,42.29233980178833,2565973,2026-09-16,"{""metrics.jsonl"":""logs/cosine/awc8/h20/lr-0.01-b1-0.9-b2-0.999/s44/metrics.jsonl"",""result.json"":""logs/cosine/awc8/h20/lr-0.01-b1-0.9-b2-0.999/s44/result.json"",""resolved.yaml"":""logs/cosine/awc8/h20/lr-0.01-b1-0.9-b2-0.999/s44/resolved.yaml"",""receipt.json"":""logs/cosine/awc8/h20/lr-0.01-b1-0.9-b2-0.999/s44/receipt.json"",""request.json"":""logs/cosine/awc8/h20/lr-0.01-b1-0.9-b2-0.999/s44/request.json"",""environment.json"":""shared/environment-b457d5aea9e24368f71318f5b6446e9dbcf2a614e724a20368652b171cf20000.json""}"
awc8-cosine-h20--0.01--0.95--0.99--s42,awc8,20,1515835.6771607522,1312929.273815515,1223164.661280509,102.43568939699617,436.5402350919903,42.29233980178833,2565977,2026-09-16,"{""metrics.jsonl"":""logs/cosine/awc8/h20/lr-0.01-b1-0.95-b2-0.99/s42/metrics.jsonl"",""result.json"":""logs/cosine/awc8/h20/lr-0.01-b1-0.95-b2-0.99/s42/result.json"",""resolved.yaml"":""logs/cosine/awc8/h20/lr-0.01-b1-0.95-b2-0.99/s42/resolved.yaml"",""receipt.json"":""logs/cosine/awc8/h20/lr-0.01-b1-0.95-b2-0.99/s42/receipt.json"",""request.json"":""logs/cosine/awc8/h20/lr-0.01-b1-0.95-b2-0.99/s42/request.json"",""environment.json"":""shared/environment-021ad5683623b9bbdb47a5122e20a52bb57ccdf2a424463bb37b09b59dbd7e32.json""}"
awc8-cosine-h20--0.01--0.95--0.99--s43,awc8,20,1562693.0951057735,1460334.795758144,1350934.9791769562,99.98864195898932,402.07727925200015,42.29233980178833,2565978,2026-09-16,"{""metrics.jsonl"":""logs/cosine/awc8/h20/lr-0.01-b1-0.95-b2-0.99/s43/metrics.jsonl"",""result.json"":""logs/cosine/awc8/h20/lr-0.01-b1-0.95-b2-0.99/s43/result.json"",""resolved.yaml"":""logs/cosine/awc8/h20/lr-0.01-b1-0.95-b2-0.99/s43/resolved.yaml"",""receipt.json"":""logs/cosine/awc8/h20/lr-0.01-b1-0.95-b2-0.99/s43/receipt.json"",""request.json"":""logs/cosine/awc8/h20/lr-0.01-b1-0.95-b2-0.99/s43/request.json"",""environment.json"":""shared/environment-de585a1632d806a3eb4da8810498d5d0f013452e10257f99a3f6febd90766286.json""}"
awc8-cosine-h20--0.01--0.95--0.99--s44,awc8,20,1511848.8618280303,1416402.7810670661,1314548.9649506137,100.19403668600717,410.64983127200685,42.29233980178833,2565979,2026-09-16,"{""metrics.jsonl"":""logs/cosine/awc8/h20/lr-0.01-b1-0.95-b2-0.99/s44/metrics.jsonl"",""result.json"":""logs/cosine/awc8/h20/lr-0.01-b1-0.95-b2-0.99/s44/result.json"",""resolved.yaml"":""logs/cosine/awc8/h20/lr-0.01-b1-0.95-b2-0.99/s44/resolved.yaml"",""receipt.json"":""logs/cosine/awc8/h20/lr-0.01-b1-0.95-b2-0.99/s44/receipt.json"",""request.json"":""logs/cosine/awc8/h20/lr-0.01-b1-0.95-b2-0.99/s44/request.json"",""environment.json"":""shared/environment-65aa4f3c3811e79cb04005290ae8f5246b129425c12ff457ffd906d0a81ec0f9.json""}"
awc8-cosine-h20--0.01--0.95--0.999--s42,awc8,20,1518653.599959818,1318224.866781261,1228384.590272977,101.510983123997,434.12843846601027,42.29233980178833,2565983,2026-09-16,"{""metrics.jsonl"":""logs/cosine/awc8/h20/lr-0.01-b1-0.95-b2-0.999/s42/metrics.jsonl"",""result.json"":""logs/cosine/awc8/h20/lr-0.01-b1-0.95-b2-0.999/s42/result.json"",""resolved.yaml"":""logs/cosine/awc8/h20/lr-0.01-b1-0.95-b2-0.999/s42/resolved.yaml"",""receipt.json"":""logs/cosine/awc8/h20/lr-0.01-b1-0.95-b2-0.999/s42/receipt.json"",""request.json"":""logs/cosine/awc8/h20/lr-0.01-b1-0.95-b2-0.999/s42/request.json"",""environment.json"":""shared/environment-52540aff555c338860f97f7a557c98e958b3924806defeecd9eb2be10164c444.json""}"
awc8-cosine-h20--0.01--0.95--0.999--s43,awc8,20,1518657.8897659972,1421518.015621302,1318641.4770418422,99.48233276999963,409.01199762099714,42.29233980178833,2565984,2026-09-16,"{""metrics.jsonl"":""logs/cosine/awc8/h20/lr-0.01-b1-0.95-b2-0.999/s43/metrics.jsonl"",""result.json"":""logs/cosine/awc8/h20/lr-0.01-b1-0.95-b2-0.999/s43/result.json"",""resolved.yaml"":""logs/cosine/awc8/h20/lr-0.01-b1-0.95-b2-0.999/s43/resolved.yaml"",""receipt.json"":""logs/cosine/awc8/h20/lr-0.01-b1-0.95-b2-0.999/s43/receipt.json"",""request.json"":""logs/cosine/awc8/h20/lr-0.01-b1-0.95-b2-0.999/s43/request.json"",""environment.json"":""shared/environment-678713469c1f6fd7077346dc7edc3515c30e9be741da171cee56910eb782d349.json""}"
awc8-cosine-h20--0.01--0.95--0.999--s44,awc8,20,1537277.2606181805,1428955.633978102,1323463.1443285458,100.9827591929934,409.3548028990044,42.29233980178833,2565985,2026-09-16,"{""metrics.jsonl"":""logs/cosine/awc8/h20/lr-0.01-b1-0.95-b2-0.999/s44/metrics.jsonl"",""result.json"":""logs/cosine/awc8/h20/lr-0.01-b1-0.95-b2-0.999/s44/result.json"",""resolved.yaml"":""logs/cosine/awc8/h20/lr-0.01-b1-0.95-b2-0.999/s44/resolved.yaml"",""receipt.json"":""logs/cosine/awc8/h20/lr-0.01-b1-0.95-b2-0.999/s44/receipt.json"",""request.json"":""logs/cosine/awc8/h20/lr-0.01-b1-0.95-b2-0.999/s44/request.json"",""environment.json"":""shared/environment-58d7d3b66d01f958322d618c14cd9158ac91a0e0f7783bcfad308f6b8ddcc769.json""}"
awc8-cosine-h20--0.01--0.974--0.99--s42,awc8,20,1492650.8065534416,1397006.3795708225,1295163.514047526,102.16551669099135,417.265685965991,42.29233980178833,2565989,2026-09-16,"{""metrics.jsonl"":""logs/cosine/awc8/h20/lr-0.01-b1-0.974-b2-0.99/s42/metrics.jsonl"",""result.json"":""logs/cosine/awc8/h20/lr-0.01-b1-0.974-b2-0.99/s42/result.json"",""resolved.yaml"":""logs/cosine/awc8/h20/lr-0.01-b1-0.974-b2-0.99/s42/resolved.yaml"",""receipt.json"":""logs/cosine/awc8/h20/lr-0.01-b1-0.974-b2-0.99/s42/receipt.json"",""request.json"":""logs/cosine/awc8/h20/lr-0.01-b1-0.974-b2-0.99/s42/request.json"",""environment.json"":""shared/environment-43278bc79b424e2e40d8a02ef3da0ed1862005d69e562c539653130b7aad3664.json""}"
awc8-cosine-h20--0.01--0.974--0.99--s43,awc8,20,1520494.0051656524,1421658.5787415402,1316991.8890918833,102.2934360250074,412.2960116400063,42.29233980178833,2565990,2026-09-16,"{""metrics.jsonl"":""logs/cosine/awc8/h20/lr-0.01-b1-0.974-b2-0.99/s43/metrics.jsonl"",""result.json"":""logs/cosine/awc8/h20/lr-0.01-b1-0.974-b2-0.99/s43/result.json"",""resolved.yaml"":""logs/cosine/awc8/h20/lr-0.01-b1-0.974-b2-0.99/s43/resolved.yaml"",""receipt.json"":""logs/cosine/awc8/h20/lr-0.01-b1-0.974-b2-0.99/s43/receipt.json"",""request.json"":""logs/cosine/awc8/h20/lr-0.01-b1-0.974-b2-0.99/s43/request.json"",""environment.json"":""shared/environment-06a7bf0b28a8be2dbe246d164fbe36294264b54ca73dd5427943ca25e9970c5b.json""}"
awc8-cosine-h20--0.01--0.974--0.99--s44,awc8,20,1510235.8417218681,1402521.2909675292,1301380.3650522823,101.63425765000284,415.30245459100115,42.29233980178833,2565991,2026-09-16,"{""metrics.jsonl"":""logs/cosine/awc8/h20/lr-0.01-b1-0.974-b2-0.99/s44/metrics.jsonl"",""result.json"":""logs/cosine/awc8/h20/lr-0.01-b1-0.974-b2-0.99/s44/result.json"",""resolved.yaml"":""logs/cosine/awc8/h20/lr-0.01-b1-0.974-b2-0.99/s44/resolved.yaml"",""receipt.json"":""logs/cosine/awc8/h20/lr-0.01-b1-0.974-b2-0.99/s44/receipt.json"",""request.json"":""logs/cosine/awc8/h20/lr-0.01-b1-0.974-b2-0.99/s44/request.json"",""environment.json"":""shared/environment-ebdf587fcbe1ceb8e9f73f89dc55fecec7126a08ec0885cddf5a52480933a25b.json""}"
awc8-cosine-h20--0.01--0.974--0.999--s42,awc8,20,1481942.7312236254,1389941.8201345287,1290003.1806433352,101.31418872699578,417.6727038080062,42.29233980178833,2565995,2026-09-16,"{""metrics.jsonl"":""logs/cosine/awc8/h20/lr-0.01-b1-0.974-b2-0.999/s42/metrics.jsonl"",""result.json"":""logs/cosine/awc8/h20/lr-0.01-b1-0.974-b2-0.999/s42/result.json"",""resolved.yaml"":""logs/cosine/awc8/h20/lr-0.01-b1-0.974-b2-0.999/s42/resolved.yaml"",""receipt.json"":""logs/cosine/awc8/h20/lr-0.01-b1-0.974-b2-0.999/s42/receipt.json"",""request.json"":""logs/cosine/awc8/h20/lr-0.01-b1-0.974-b2-0.999/s42/request.json"",""environment.json"":""shared/environment-ca9b2df9cf73714c6c3f731b92051d29c7b870a5bbcc7721aca2e7ff3ccebde2.json""}"
awc8-cosine-h20--0.01--0.974--0.999--s43,awc8,20,1545591.024143206,1445469.017992233,1337352.7910627578,101.26515164099692,406.4359433459904,42.29233980178833,2565996,2026-09-16,"{""metrics.jsonl"":""logs/cosine/awc8/h20/lr-0.01-b1-0.974-b2-0.999/s43/metrics.jsonl"",""result.json"":""logs/cosine/awc8/h20/lr-0.01-b1-0.974-b2-0.999/s43/result.json"",""resolved.yaml"":""logs/cosine/awc8/h20/lr-0.01-b1-0.974-b2-0.999/s43/resolved.yaml"",""receipt.json"":""logs/cosine/awc8/h20/lr-0.01-b1-0.974-b2-0.999/s43/receipt.json"",""request.json"":""logs/cosine/awc8/h20/lr-0.01-b1-0.974-b2-0.999/s43/request.json"",""environment.json"":""shared/environment-588bba278fb70c90e35955180cc56c8c1e127391c18f8ba69cc4b4f62ff85a85.json""}"
awc8-cosine-h20--0.01--0.974--0.999--s44,awc8,20,1538323.0989357808,1439285.3266135429,1329311.7262997406,101.17788421599835,408.184802667005,42.29233980178833,2565997,2026-09-16,"{""metrics.jsonl"":""logs/cosine/awc8/h20/lr-0.01-b1-0.974-b2-0.999/s44/metrics.jsonl"",""result.json"":""logs/cosine/awc8/h20/lr-0.01-b1-0.974-b2-0.999/s44/result.json"",""resolved.yaml"":""logs/cosine/awc8/h20/lr-0.01-b1-0.974-b2-0.999/s44/resolved.yaml"",""receipt.json"":""logs/cosine/awc8/h20/lr-0.01-b1-0.974-b2-0.999/s44/receipt.json"",""request.json"":""logs/cosine/awc8/h20/lr-0.01-b1-0.974-b2-0.999/s44/request.json"",""environment.json"":""shared/environment-9d83d9384f1b876d5c9599b8b5ed0432b29272224616c04ab1e4acf6b73a229f.json""}"
awc8-cosine-h20--0.011--0.9--0.99--s42,awc8,20,1567330.5401206112,1464942.8245575097,1356040.2058860965,99.76548706200265,400.73541580200254,42.29233980178833,2565968,2026-09-16,"{""metrics.jsonl"":""logs/cosine/awc8/h20/lr-0.011-b1-0.9-b2-0.99/s42/metrics.jsonl"",""result.json"":""logs/cosine/awc8/h20/lr-0.011-b1-0.9-b2-0.99/s42/result.json"",""resolved.yaml"":""logs/cosine/awc8/h20/lr-0.011-b1-0.9-b2-0.99/s42/resolved.yaml"",""receipt.json"":""logs/cosine/awc8/h20/lr-0.011-b1-0.9-b2-0.99/s42/receipt.json"",""request.json"":""logs/cosine/awc8/h20/lr-0.011-b1-0.9-b2-0.99/s42/request.json"",""environment.json"":""shared/environment-cc36e66a92a595868f1010b5c27f9f4ac08207f4ead54fd9d60a93a0a62a1484.json""}"
awc8-cosine-h20--0.011--0.9--0.99--s43,awc8,20,1542651.2357169865,1437977.249341037,1330687.9315729244,101.40145905200916,408.0890431250009,42.29233980178833,2565969,2026-09-16,"{""metrics.jsonl"":""logs/cosine/awc8/h20/lr-0.011-b1-0.9-b2-0.99/s43/metrics.jsonl"",""result.json"":""logs/cosine/awc8/h20/lr-0.011-b1-0.9-b2-0.99/s43/result.json"",""resolved.yaml"":""logs/cosine/awc8/h20/lr-0.011-b1-0.9-b2-0.99/s43/resolved.yaml"",""receipt.json"":""logs/cosine/awc8/h20/lr-0.011-b1-0.9-b2-0.99/s43/receipt.json"",""request.json"":""logs/cosine/awc8/h20/lr-0.011-b1-0.9-b2-0.99/s43/request.json"",""environment.json"":""shared/environment-ff38b90fd84cf8f30ba16d8dea8a2c6f649c57682d8b74ed1636ce5267b6423d.json""}"
awc8-cosine-h20--0.011--0.9--0.99--s44,awc8,20,1491978.0361386896,1399178.7988332026,1297103.6022511646,100.99017266200099,415.62230893700325,42.29233980178833,2565970,2026-09-16,"{""metrics.jsonl"":""logs/cosine/awc8/h20/lr-0.011-b1-0.9-b2-0.99/s44/metrics.jsonl"",""result.json"":""logs/cosine/awc8/h20/lr-0.011-b1-0.9-b2-0.99/s44/result.json"",""resolved.yaml"":""logs/cosine/awc8/h20/lr-0.011-b1-0.9-b2-0.99/s44/resolved.yaml"",""receipt.json"":""logs/cosine/awc8/h20/lr-0.011-b1-0.9-b2-0.99/s44/receipt.json"",""request.json"":""logs/cosine/awc8/h20/lr-0.011-b1-0.9-b2-0.99/s44/request.json"",""environment.json"":""shared/environment-dacab0c3c8e8b095589914a0667d0432ea92f44c006006f14e318fc551301499.json""}"
awc8-cosine-h20--0.011--0.9--0.999--s42,awc8,20,1539929.951873067,1440418.9010001726,1332919.3220816362,101.37728098299704,407.5566510589997,42.29233980178833,2565974,2026-09-16,"{""metrics.jsonl"":""logs/cosine/awc8/h20/lr-0.011-b1-0.9-b2-0.999/s42/metrics.jsonl"",""result.json"":""logs/cosine/awc8/h20/lr-0.011-b1-0.9-b2-0.999/s42/result.json"",""resolved.yaml"":""logs/cosine/awc8/h20/lr-0.011-b1-0.9-b2-0.999/s42/resolved.yaml"",""receipt.json"":""logs/cosine/awc8/h20/lr-0.011-b1-0.9-b2-0.999/s42/receipt.json"",""request.json"":""logs/cosine/awc8/h20/lr-0.011-b1-0.9-b2-0.999/s42/request.json"",""environment.json"":""shared/environment-67949997c188b1c3227b8554854b1ae7ddb871b0f5cfce45f804f17484b3b872.json""}"
awc8-cosine-h20--0.011--0.9--0.999--s43,awc8,20,1536103.5881186116,1438030.4055738857,1331899.3197013221,101.09142104799685,407.4936900640023,42.29233980178833,2565975,2026-09-16,"{""metrics.jsonl"":""logs/cosine/awc8/h20/lr-0.011-b1-0.9-b2-0.999/s43/metrics.jsonl"",""result.json"":""logs/cosine/awc8/h20/lr-0.011-b1-0.9-b2-0.999/s43/result.json"",""resolved.yaml"":""logs/cosine/awc8/h20/lr-0.011-b1-0.9-b2-0.999/s43/resolved.yaml"",""receipt.json"":""logs/cosine/awc8/h20/lr-0.011-b1-0.9-b2-0.999/s43/receipt.json"",""request.json"":""logs/cosine/awc8/h20/lr-0.011-b1-0.9-b2-0.999/s43/request.json"",""environment.json"":""shared/environment-ffac53c6125ccb6347ba57ae5a781ebe5b685a61af394c3680624c4eaeb454f5.json""}"
awc8-cosine-h20--0.011--0.9--0.999--s44,awc8,20,1506926.0995606864,1411660.8669478022,1307695.217388173,103.14555732900044,415.240272954994,42.29233980178833,2565976,2026-09-16,"{""metrics.jsonl"":""logs/cosine/awc8/h20/lr-0.011-b1-0.9-b2-0.999/s44/metrics.jsonl"",""result.json"":""logs/cosine/awc8/h20/lr-0.011-b1-0.9-b2-0.999/s44/result.json"",""resolved.yaml"":""logs/cosine/awc8/h20/lr-0.011-b1-0.9-b2-0.999/s44/resolved.yaml"",""receipt.json"":""logs/cosine/awc8/h20/lr-0.011-b1-0.9-b2-0.999/s44/receipt.json"",""request.json"":""logs/cosine/awc8/h20/lr-0.011-b1-0.9-b2-0.999/s44/request.json"",""environment.json"":""shared/environment-abb8f62d5627bc3f72e86145a70fcb03a014a86f479575cdd65aae08d4cce795.json""}"
awc8-cosine-h20--0.011--0.95--0.99--s42,awc8,20,1509201.3871679208,1413414.1826905152,1309133.0366861285,102.0365404579934,413.7884633920039,42.29233980178833,2565980,2026-09-16,"{""metrics.jsonl"":""logs/cosine/awc8/h20/lr-0.011-b1-0.95-b2-0.99/s42/metrics.jsonl"",""result.json"":""logs/cosine/awc8/h20/lr-0.011-b1-0.95-b2-0.99/s42/result.json"",""resolved.yaml"":""logs/cosine/awc8/h20/lr-0.011-b1-0.95-b2-0.99/s42/resolved.yaml"",""receipt.json"":""logs/cosine/awc8/h20/lr-0.011-b1-0.95-b2-0.99/s42/receipt.json"",""request.json"":""logs/cosine/awc8/h20/lr-0.011-b1-0.95-b2-0.99/s42/request.json"",""environment.json"":""shared/environment-e84ade0f0c5def31032cc431d6c3d56587c67c51ba855a4880fa588ed49b61c8.json""}"
awc8-cosine-h20--0.011--0.95--0.99--s43,awc8,20,1514655.8225157454,1417483.3271722829,1314151.50206796,100.35453749699809,410.9311867630022,42.29233980178833,2565981,2026-09-16,"{""metrics.jsonl"":""logs/cosine/awc8/h20/lr-0.011-b1-0.95-b2-0.99/s43/metrics.jsonl"",""result.json"":""logs/cosine/awc8/h20/lr-0.011-b1-0.95-b2-0.99/s43/result.json"",""resolved.yaml"":""logs/cosine/awc8/h20/lr-0.011-b1-0.95-b2-0.99/s43/resolved.yaml"",""receipt.json"":""logs/cosine/awc8/h20/lr-0.011-b1-0.95-b2-0.99/s43/receipt.json"",""request.json"":""logs/cosine/awc8/h20/lr-0.011-b1-0.95-b2-0.99/s43/request.json"",""environment.json"":""shared/environment-e11812e4f1ebb75441483b2496ba9875ce4916a4cd67aa8f2ec563763579414a.json""}"
awc8-cosine-h20--0.011--0.95--0.99--s44,awc8,20,1482607.1812282426,1391118.9637417265,1284185.4937787184,100.86213469500217,418.65196278099756,42.29233980178833,2565982,2026-09-16,"{""metrics.jsonl"":""logs/cosine/awc8/h20/lr-0.011-b1-0.95-b2-0.99/s44/metrics.jsonl"",""result.json"":""logs/cosine/awc8/h20/lr-0.011-b1-0.95-b2-0.99/s44/result.json"",""resolved.yaml"":""logs/cosine/awc8/h20/lr-0.011-b1-0.95-b2-0.99/s44/resolved.yaml"",""receipt.json"":""logs/cosine/awc8/h20/lr-0.011-b1-0.95-b2-0.99/s44/receipt.json"",""request.json"":""logs/cosine/awc8/h20/lr-0.011-b1-0.95-b2-0.99/s44/request.json"",""environment.json"":""shared/environment-867ade91a99ee5c3173c122504480a0e28d8071ec14a427ad3d8e15ed9919bb9.json""}"
awc8-cosine-h20--0.011--0.95--0.999--s42,awc8,20,1516267.452882708,1415595.7803344869,1311029.6364863631,102.28601080700173,413.59457046999887,42.29233980178833,2565986,2026-09-16,"{""metrics.jsonl"":""logs/cosine/awc8/h20/lr-0.011-b1-0.95-b2-0.999/s42/metrics.jsonl"",""result.json"":""logs/cosine/awc8/h20/lr-0.011-b1-0.95-b2-0.999/s42/result.json"",""resolved.yaml"":""logs/cosine/awc8/h20/lr-0.011-b1-0.95-b2-0.999/s42/resolved.yaml"",""receipt.json"":""logs/cosine/awc8/h20/lr-0.011-b1-0.95-b2-0.999/s42/receipt.json"",""request.json"":""logs/cosine/awc8/h20/lr-0.011-b1-0.95-b2-0.999/s42/request.json"",""environment.json"":""shared/environment-a6e2a5b5eab1a02f022470724367534f56bb9ab5ef06b93c1f7dcbac9de10f6c.json""}"
awc8-cosine-h20--0.011--0.95--0.999--s43,awc8,20,1528279.0975832283,1425191.3848797556,1320895.5615042562,99.88366271300765,408.8455869190075,42.29233980178833,2565987,2026-09-16,"{""metrics.jsonl"":""logs/cosine/awc8/h20/lr-0.011-b1-0.95-b2-0.999/s43/metrics.jsonl"",""result.json"":""logs/cosine/awc8/h20/lr-0.011-b1-0.95-b2-0.999/s43/result.json"",""resolved.yaml"":""logs/cosine/awc8/h20/lr-0.011-b1-0.95-b2-0.999/s43/resolved.yaml"",""receipt.json"":""logs/cosine/awc8/h20/lr-0.011-b1-0.95-b2-0.999/s43/receipt.json"",""request.json"":""logs/cosine/awc8/h20/lr-0.011-b1-0.95-b2-0.999/s43/request.json"",""environment.json"":""shared/environment-b691bc8b8e1693a0c12c897b2f031950da6c23e86ee94a1a586184657c540574.json""}"
awc8-cosine-h20--0.011--0.95--0.999--s44,awc8,20,1536770.0201698486,1437851.0099989967,1333157.1259695734,99.19317805799074,405.3077056730108,42.29233980178833,2565988,2026-09-16,"{""metrics.jsonl"":""logs/cosine/awc8/h20/lr-0.011-b1-0.95-b2-0.999/s44/metrics.jsonl"",""result.json"":""logs/cosine/awc8/h20/lr-0.011-b1-0.95-b2-0.999/s44/result.json"",""resolved.yaml"":""logs/cosine/awc8/h20/lr-0.011-b1-0.95-b2-0.999/s44/resolved.yaml"",""receipt.json"":""logs/cosine/awc8/h20/lr-0.011-b1-0.95-b2-0.999/s44/receipt.json"",""request.json"":""logs/cosine/awc8/h20/lr-0.011-b1-0.95-b2-0.999/s44/request.json"",""environment.json"":""shared/environment-ccb6e0d6973383148078f50bbaa2df0c256243b014a4fcd44012ce71d3d1a5b9.json""}"
awc8-cosine-h20--0.011--0.974--0.99--s42,awc8,20,1536331.2480004183,1300552.1359372702,1211561.0797730018,101.32175425101013,438.63103689299896,42.29233980178833,2565992,2026-09-16,"{""metrics.jsonl"":""logs/cosine/awc8/h20/lr-0.011-b1-0.974-b2-0.99/s42/metrics.jsonl"",""result.json"":""logs/cosine/awc8/h20/lr-0.011-b1-0.974-b2-0.99/s42/result.json"",""resolved.yaml"":""logs/cosine/awc8/h20/lr-0.011-b1-0.974-b2-0.99/s42/resolved.yaml"",""receipt.json"":""logs/cosine/awc8/h20/lr-0.011-b1-0.974-b2-0.99/s42/receipt.json"",""request.json"":""logs/cosine/awc8/h20/lr-0.011-b1-0.974-b2-0.99/s42/request.json"",""environment.json"":""shared/environment-17a4eb53ff1676f57699fcbfdd327e07af48c1df713f37e51936ee266fb1663e.json""}"
awc8-cosine-h20--0.011--0.974--0.99--s43,awc8,20,1524965.5874892098,1427809.4318759462,1324541.8521103424,99.36653710801329,407.49937290100206,42.29233980178833,2565993,2026-09-16,"{""metrics.jsonl"":""logs/cosine/awc8/h20/lr-0.011-b1-0.974-b2-0.99/s43/metrics.jsonl"",""result.json"":""logs/cosine/awc8/h20/lr-0.011-b1-0.974-b2-0.99/s43/result.json"",""resolved.yaml"":""logs/cosine/awc8/h20/lr-0.011-b1-0.974-b2-0.99/s43/resolved.yaml"",""receipt.json"":""logs/cosine/awc8/h20/lr-0.011-b1-0.974-b2-0.99/s43/receipt.json"",""request.json"":""logs/cosine/awc8/h20/lr-0.011-b1-0.974-b2-0.99/s43/request.json"",""environment.json"":""shared/environment-1b782b0ab55e9817fb15bb57039ffd571877f2b87d7359d1e9156c0dac872290.json""}"
awc8-cosine-h20--0.011--0.974--0.99--s44,awc8,20,1524689.4098744127,1292850.1387161636,1204488.8977576208,101.15985169199848,440.47748521000176,42.29233980178833,2565994,2026-09-16,"{""metrics.jsonl"":""logs/cosine/awc8/h20/lr-0.011-b1-0.974-b2-0.99/s44/metrics.jsonl"",""result.json"":""logs/cosine/awc8/h20/lr-0.011-b1-0.974-b2-0.99/s44/result.json"",""resolved.yaml"":""logs/cosine/awc8/h20/lr-0.011-b1-0.974-b2-0.99/s44/resolved.yaml"",""receipt.json"":""logs/cosine/awc8/h20/lr-0.011-b1-0.974-b2-0.99/s44/receipt.json"",""request.json"":""logs/cosine/awc8/h20/lr-0.011-b1-0.974-b2-0.99/s44/request.json"",""environment.json"":""shared/environment-05fef7f8a87cb012f8621e545cd40b5e7258c9acffd6c46415d28ef3a8b93124.json""}"
awc8-cosine-h20--0.011--0.974--0.999--s42,awc8,20,1538523.265340035,1439047.3292383892,1332863.5429860638,100.67043235099118,406.8474754980125,42.29233980178833,2565998,2026-09-16,"{""metrics.jsonl"":""logs/cosine/awc8/h20/lr-0.011-b1-0.974-b2-0.999/s42/metrics.jsonl"",""result.json"":""logs/cosine/awc8/h20/lr-0.011-b1-0.974-b2-0.999/s42/result.json"",""resolved.yaml"":""logs/cosine/awc8/h20/lr-0.011-b1-0.974-b2-0.999/s42/resolved.yaml"",""receipt.json"":""logs/cosine/awc8/h20/lr-0.011-b1-0.974-b2-0.999/s42/receipt.json"",""request.json"":""logs/cosine/awc8/h20/lr-0.011-b1-0.974-b2-0.999/s42/request.json"",""environment.json"":""shared/environment-bea08c3b179dca31f5d3bfa6ff40ffcf58f35fbb4030d6a19e2b64216d61b51a.json""}"
awc8-cosine-h20--0.011--0.974--0.999--s43,awc8,20,1511590.1659589338,1417144.0873022478,1310815.8836343805,102.86289742599911,414.2071246639971,42.29233980178833,2565999,2026-09-16,"{""metrics.jsonl"":""logs/cosine/awc8/h20/lr-0.011-b1-0.974-b2-0.999/s43/metrics.jsonl"",""result.json"":""logs/cosine/awc8/h20/lr-0.011-b1-0.974-b2-0.999/s43/result.json"",""resolved.yaml"":""logs/cosine/awc8/h20/lr-0.011-b1-0.974-b2-0.999/s43/resolved.yaml"",""receipt.json"":""logs/cosine/awc8/h20/lr-0.011-b1-0.974-b2-0.999/s43/receipt.json"",""request.json"":""logs/cosine/awc8/h20/lr-0.011-b1-0.974-b2-0.999/s43/request.json"",""environment.json"":""shared/environment-555cba75041a45fc208ee5c1b45ce20245155eda5b08d66cfa1a3beb72a0c948.json""}"
awc8-cosine-h20--0.011--0.974--0.999--s44,awc8,20,1530131.0547665372,1427228.6279356317,1321931.2619479983,101.9746132260043,410.6892755699955,42.29233980178833,2566000,2026-09-16,"{""metrics.jsonl"":""logs/cosine/awc8/h20/lr-0.011-b1-0.974-b2-0.999/s44/metrics.jsonl"",""result.json"":""logs/cosine/awc8/h20/lr-0.011-b1-0.974-b2-0.999/s44/result.json"",""resolved.yaml"":""logs/cosine/awc8/h20/lr-0.011-b1-0.974-b2-0.999/s44/resolved.yaml"",""receipt.json"":""logs/cosine/awc8/h20/lr-0.011-b1-0.974-b2-0.999/s44/receipt.json"",""request.json"":""logs/cosine/awc8/h20/lr-0.011-b1-0.974-b2-0.999/s44/request.json"",""environment.json"":""shared/environment-325efcfe63e1fae18ac222c1deadf93997aef1d41608ea508b2da992298e85f1.json""}"
awc8-cosine-h20--0.012--0.9--0.99--s42,awc8,20,1534502.2538833148,1334022.3935036827,1241621.9831356432,101.7074163639918,430.78100153800915,42.29233980178833,2578284,2026-09-17,"{""metrics.jsonl"":""logs/cosine/awc8/h20/lr-0.012-b1-0.9-b2-0.99/s42/metrics.jsonl"",""result.json"":""logs/cosine/awc8/h20/lr-0.012-b1-0.9-b2-0.99/s42/result.json"",""resolved.yaml"":""logs/cosine/awc8/h20/lr-0.012-b1-0.9-b2-0.99/s42/resolved.yaml"",""receipt.json"":""logs/cosine/awc8/h20/lr-0.012-b1-0.9-b2-0.99/s42/receipt.json"",""request.json"":""logs/cosine/awc8/h20/lr-0.012-b1-0.9-b2-0.99/s42/request.json"",""environment.json"":""shared/environment-712251eea7cbf1e16a3eb9630387ff43fd1ca35015fbb6b1b0dbb15b680c513c.json""}"
awc8-cosine-h20--0.012--0.9--0.99--s43,awc8,20,1518588.1473539094,1427059.0737695633,1322823.2096898921,99.59719657000096,408.13473632400564,42.29233980178833,2578285,2026-09-17,"{""metrics.jsonl"":""logs/cosine/awc8/h20/lr-0.012-b1-0.9-b2-0.99/s43/metrics.jsonl"",""result.json"":""logs/cosine/awc8/h20/lr-0.012-b1-0.9-b2-0.99/s43/result.json"",""resolved.yaml"":""logs/cosine/awc8/h20/lr-0.012-b1-0.9-b2-0.99/s43/resolved.yaml"",""receipt.json"":""logs/cosine/awc8/h20/lr-0.012-b1-0.9-b2-0.99/s43/receipt.json"",""request.json"":""logs/cosine/awc8/h20/lr-0.012-b1-0.9-b2-0.99/s43/request.json"",""environment.json"":""shared/environment-abc15c151adb731c7a27cbca20587380907bb286bd35f9d1141cefd81d24d601.json""}"
awc8-cosine-h20--0.012--0.9--0.99--s44,awc8,20,1551082.5008734667,1454447.1089091753,1347863.2935572201,99.78456595601165,402.55873588800023,42.29233980178833,2578286,2026-09-17,"{""metrics.jsonl"":""logs/cosine/awc8/h20/lr-0.012-b1-0.9-b2-0.99/s44/metrics.jsonl"",""result.json"":""logs/cosine/awc8/h20/lr-0.012-b1-0.9-b2-0.99/s44/result.json"",""resolved.yaml"":""logs/cosine/awc8/h20/lr-0.012-b1-0.9-b2-0.99/s44/resolved.yaml"",""receipt.json"":""logs/cosine/awc8/h20/lr-0.012-b1-0.9-b2-0.99/s44/receipt.json"",""request.json"":""logs/cosine/awc8/h20/lr-0.012-b1-0.9-b2-0.99/s44/request.json"",""environment.json"":""shared/environment-da8e15072e0cb8ae7b3126fe9d8d0cd8a5f9829698bc7365b12010bf01c3b772.json""}"
awc8-cosine-h20--0.012--0.9--0.999--s42,awc8,20,1516703.897285535,1423690.5435519211,1320074.21224055,99.94456135499058,409.09448566200444,42.29233980178833,2578287,2026-09-17,"{""metrics.jsonl"":""logs/cosine/awc8/h20/lr-0.012-b1-0.9-b2-0.999/s42/metrics.jsonl"",""result.json"":""logs/cosine/awc8/h20/lr-0.012-b1-0.9-b2-0.999/s42/result.json"",""resolved.yaml"":""logs/cosine/awc8/h20/lr-0.012-b1-0.9-b2-0.999/s42/resolved.yaml"",""receipt.json"":""logs/cosine/awc8/h20/lr-0.012-b1-0.9-b2-0.999/s42/receipt.json"",""request.json"":""logs/cosine/awc8/h20/lr-0.012-b1-0.9-b2-0.999/s42/request.json"",""environment.json"":""shared/environment-9796bf654a86a45626a399485992f8db77f662baa28d0ea8d1676a5aa3e8109f.json""}"
awc8-cosine-h20--0.012--0.9--0.999--s43,awc8,20,1509593.5001842515,1417701.1245442494,1315573.8213326852,100.13836365300813,410.34742653300054,42.29233980178833,2578288,2026-09-17,"{""metrics.jsonl"":""logs/cosine/awc8/h20/lr-0.012-b1-0.9-b2-0.999/s43/metrics.jsonl"",""result.json"":""logs/cosine/awc8/h20/lr-0.012-b1-0.9-b2-0.999/s43/result.json"",""resolved.yaml"":""logs/cosine/awc8/h20/lr-0.012-b1-0.9-b2-0.999/s43/resolved.yaml"",""receipt.json"":""logs/cosine/awc8/h20/lr-0.012-b1-0.9-b2-0.999/s43/receipt.json"",""request.json"":""logs/cosine/awc8/h20/lr-0.012-b1-0.9-b2-0.999/s43/request.json"",""environment.json"":""shared/environment-67d26ad58f1780e4aeee7e1246538b8a6783cc03d34523309de3d827e06f9dc2.json""}"
awc8-cosine-h20--0.012--0.9--0.999--s44,awc8,20,1497865.4304977974,1406573.336417132,1305769.8599001898,100.5959914099949,413.1347536929825,42.29233980178833,2578289,2026-09-17,"{""metrics.jsonl"":""logs/cosine/awc8/h20/lr-0.012-b1-0.9-b2-0.999/s44/metrics.jsonl"",""result.json"":""logs/cosine/awc8/h20/lr-0.012-b1-0.9-b2-0.999/s44/result.json"",""resolved.yaml"":""logs/cosine/awc8/h20/lr-0.012-b1-0.9-b2-0.999/s44/resolved.yaml"",""receipt.json"":""logs/cosine/awc8/h20/lr-0.012-b1-0.9-b2-0.999/s44/receipt.json"",""request.json"":""logs/cosine/awc8/h20/lr-0.012-b1-0.9-b2-0.999/s44/request.json"",""environment.json"":""shared/environment-fbecf1ff70e96852f3b938b31fb2cfa1b68090bf93d84cc374542bc8395c9d43.json""}"
awc8-cosine-h20--0.012--0.95--0.99--s42,awc8,20,1519624.1698830002,1425748.4128039847,1321771.24532894,101.86925985501148,410.6247767400055,42.29233980178833,2578290,2026-09-17,"{""metrics.jsonl"":""logs/cosine/awc8/h20/lr-0.012-b1-0.95-b2-0.99/s42/metrics.jsonl"",""result.json"":""logs/cosine/awc8/h20/lr-0.012-b1-0.95-b2-0.99/s42/result.json"",""resolved.yaml"":""logs/cosine/awc8/h20/lr-0.012-b1-0.95-b2-0.99/s42/resolved.yaml"",""receipt.json"":""logs/cosine/awc8/h20/lr-0.012-b1-0.95-b2-0.99/s42/receipt.json"",""request.json"":""logs/cosine/awc8/h20/lr-0.012-b1-0.95-b2-0.99/s42/request.json"",""environment.json"":""shared/environment-c24277b72ad139725d8e7d9ce17232206360d2eb4987b3550b5e5c3235e11be9.json""}"
awc8-cosine-h20--0.012--0.95--0.99--s43,awc8,20,1523278.8259353216,1325813.202700148,1233654.7409462621,101.61311267200006,433.01118644999997,42.29233980178833,2578291,2026-09-17,"{""metrics.jsonl"":""logs/cosine/awc8/h20/lr-0.012-b1-0.95-b2-0.99/s43/metrics.jsonl"",""result.json"":""logs/cosine/awc8/h20/lr-0.012-b1-0.95-b2-0.99/s43/result.json"",""resolved.yaml"":""logs/cosine/awc8/h20/lr-0.012-b1-0.95-b2-0.99/s43/resolved.yaml"",""receipt.json"":""logs/cosine/awc8/h20/lr-0.012-b1-0.95-b2-0.99/s43/receipt.json"",""request.json"":""logs/cosine/awc8/h20/lr-0.012-b1-0.95-b2-0.99/s43/request.json"",""environment.json"":""shared/environment-7092bbdf5e52dad777c7e8a798fe516b5ce4972d967b6c6d5aa3d5803e50d95c.json""}"
awc8-cosine-h20--0.012--0.95--0.99--s44,awc8,20,1526085.1761586627,1328009.3088812646,1236075.4981288922,101.12196412200001,431.86887207200004,42.29233980178833,2578292,2026-09-17,"{""metrics.jsonl"":""logs/cosine/awc8/h20/lr-0.012-b1-0.95-b2-0.99/s44/metrics.jsonl"",""result.json"":""logs/cosine/awc8/h20/lr-0.012-b1-0.95-b2-0.99/s44/result.json"",""resolved.yaml"":""logs/cosine/awc8/h20/lr-0.012-b1-0.95-b2-0.99/s44/resolved.yaml"",""receipt.json"":""logs/cosine/awc8/h20/lr-0.012-b1-0.95-b2-0.99/s44/receipt.json"",""request.json"":""logs/cosine/awc8/h20/lr-0.012-b1-0.95-b2-0.99/s44/request.json"",""environment.json"":""shared/environment-b70406734c0ca1b46c42fd46a595db1e0e51240c1e81c795ed281be6f1f4f25e.json""}"
awc8-cosine-h20--0.012--0.95--0.999--s42,awc8,20,1523298.1194779323,1421895.4560834363,1318971.5666659977,101.5059310739889,410.9291756169987,42.29233980178833,2578293,2026-09-17,"{""metrics.jsonl"":""logs/cosine/awc8/h20/lr-0.012-b1-0.95-b2-0.999/s42/metrics.jsonl"",""result.json"":""logs/cosine/awc8/h20/lr-0.012-b1-0.95-b2-0.999/s42/result.json"",""resolved.yaml"":""logs/cosine/awc8/h20/lr-0.012-b1-0.95-b2-0.999/s42/resolved.yaml"",""receipt.json"":""logs/cosine/awc8/h20/lr-0.012-b1-0.95-b2-0.999/s42/receipt.json"",""request.json"":""logs/cosine/awc8/h20/lr-0.012-b1-0.95-b2-0.999/s42/request.json"",""environment.json"":""shared/environment-5a7d23c023a4f61e6408ad10b11423f90be0574ddca601d6f858f9df4a27c9ea.json""}"
awc8-cosine-h20--0.012--0.95--0.999--s43,awc8,20,1523705.2139345133,1430872.7801778424,1326171.867555992,99.38909946198692,407.13394236998283,42.29233980178833,2578294,2026-09-17,"{""metrics.jsonl"":""logs/cosine/awc8/h20/lr-0.012-b1-0.95-b2-0.999/s43/metrics.jsonl"",""result.json"":""logs/cosine/awc8/h20/lr-0.012-b1-0.95-b2-0.999/s43/result.json"",""resolved.yaml"":""logs/cosine/awc8/h20/lr-0.012-b1-0.95-b2-0.999/s43/resolved.yaml"",""receipt.json"":""logs/cosine/awc8/h20/lr-0.012-b1-0.95-b2-0.999/s43/receipt.json"",""request.json"":""logs/cosine/awc8/h20/lr-0.012-b1-0.95-b2-0.999/s43/request.json"",""environment.json"":""shared/environment-0aabf491f85a9c35964273efbe7ae369f679c62d67f9b2a8478ec614b05bd761.json""}"
awc8-cosine-h20--0.012--0.95--0.999--s44,awc8,20,1521868.8788020085,1423805.956425127,1321324.8658167042,99.38912243797677,408.2698983210139,42.29233980178833,2578295,2026-09-17,"{""metrics.jsonl"":""logs/cosine/awc8/h20/lr-0.012-b1-0.95-b2-0.999/s44/metrics.jsonl"",""result.json"":""logs/cosine/awc8/h20/lr-0.012-b1-0.95-b2-0.999/s44/result.json"",""resolved.yaml"":""logs/cosine/awc8/h20/lr-0.012-b1-0.95-b2-0.999/s44/resolved.yaml"",""receipt.json"":""logs/cosine/awc8/h20/lr-0.012-b1-0.95-b2-0.999/s44/receipt.json"",""request.json"":""logs/cosine/awc8/h20/lr-0.012-b1-0.95-b2-0.999/s44/request.json"",""environment.json"":""shared/environment-e30091c36c22674b4e9b4bac8abc7a39decf7f111106a636c021f7d414c1573e.json""}"
awc8-cosine-h20--0.012--0.974--0.99--s42,awc8,20,1505788.0341837823,1415276.5997607755,1314009.2714004968,99.36700668701087,409.94570510598714,42.29233980178833,2578296,2026-09-17,"{""metrics.jsonl"":""logs/cosine/awc8/h20/lr-0.012-b1-0.974-b2-0.99/s42/metrics.jsonl"",""result.json"":""logs/cosine/awc8/h20/lr-0.012-b1-0.974-b2-0.99/s42/result.json"",""resolved.yaml"":""logs/cosine/awc8/h20/lr-0.012-b1-0.974-b2-0.99/s42/resolved.yaml"",""receipt.json"":""logs/cosine/awc8/h20/lr-0.012-b1-0.974-b2-0.99/s42/receipt.json"",""request.json"":""logs/cosine/awc8/h20/lr-0.012-b1-0.974-b2-0.99/s42/request.json"",""environment.json"":""shared/environment-ffc72aaabd010d42a1e5a7eeec014b75a915d1040925d958f298cafce07a7de6.json""}"
awc8-cosine-h20--0.012--0.974--0.99--s43,awc8,20,1560583.4280234538,1466046.3677482472,1356870.3726271067,100.27085873100441,401.05935702699935,42.29233980178833,2578297,2026-09-17,"{""metrics.jsonl"":""logs/cosine/awc8/h20/lr-0.012-b1-0.974-b2-0.99/s43/metrics.jsonl"",""result.json"":""logs/cosine/awc8/h20/lr-0.012-b1-0.974-b2-0.99/s43/result.json"",""resolved.yaml"":""logs/cosine/awc8/h20/lr-0.012-b1-0.974-b2-0.99/s43/resolved.yaml"",""receipt.json"":""logs/cosine/awc8/h20/lr-0.012-b1-0.974-b2-0.99/s43/receipt.json"",""request.json"":""logs/cosine/awc8/h20/lr-0.012-b1-0.974-b2-0.99/s43/request.json"",""environment.json"":""shared/environment-a3d56177635341ef6bc6192735be8de3ba73f9bf7a38345af1e131ea2bfba757.json""}"
awc8-cosine-h20--0.012--0.974--0.99--s44,awc8,20,1549899.1718389902,1453667.7271191673,1346718.1007447236,100.72282779301167,403.7780541359971,42.29233980178833,2578298,2026-09-17,"{""metrics.jsonl"":""logs/cosine/awc8/h20/lr-0.012-b1-0.974-b2-0.99/s44/metrics.jsonl"",""result.json"":""logs/cosine/awc8/h20/lr-0.012-b1-0.974-b2-0.99/s44/result.json"",""resolved.yaml"":""logs/cosine/awc8/h20/lr-0.012-b1-0.974-b2-0.99/s44/resolved.yaml"",""receipt.json"":""logs/cosine/awc8/h20/lr-0.012-b1-0.974-b2-0.99/s44/receipt.json"",""request.json"":""logs/cosine/awc8/h20/lr-0.012-b1-0.974-b2-0.99/s44/request.json"",""environment.json"":""shared/environment-dc606503788ffc734def47d57b84e3df68d772646e552f61760d81ae34b6320e.json""}"
awc8-cosine-h20--0.012--0.974--0.999--s42,awc8,20,1552428.3704225463,1454387.6264310298,1347248.8933080137,100.28807068799506,403.2070372690214,42.29233980178833,2578299,2026-09-17,"{""metrics.jsonl"":""logs/cosine/awc8/h20/lr-0.012-b1-0.974-b2-0.999/s42/metrics.jsonl"",""result.json"":""logs/cosine/awc8/h20/lr-0.012-b1-0.974-b2-0.999/s42/result.json"",""resolved.yaml"":""logs/cosine/awc8/h20/lr-0.012-b1-0.974-b2-0.999/s42/resolved.yaml"",""receipt.json"":""logs/cosine/awc8/h20/lr-0.012-b1-0.974-b2-0.999/s42/receipt.json"",""request.json"":""logs/cosine/awc8/h20/lr-0.012-b1-0.974-b2-0.999/s42/request.json"",""environment.json"":""shared/environment-cd4a3e26b0f5e47a3c0e387f184c014e8ebf513c1a4f1bf6e0a1ed50e7caa9ef.json""}"
awc8-cosine-h20--0.012--0.974--0.999--s43,awc8,20,1482900.6878986768,1295224.3301033285,1207815.8765749522,100.70423343100003,439.170252145,42.29233980178833,2578300,2026-09-17,"{""metrics.jsonl"":""logs/cosine/awc8/h20/lr-0.012-b1-0.974-b2-0.999/s43/metrics.jsonl"",""result.json"":""logs/cosine/awc8/h20/lr-0.012-b1-0.974-b2-0.999/s43/result.json"",""resolved.yaml"":""logs/cosine/awc8/h20/lr-0.012-b1-0.974-b2-0.999/s43/resolved.yaml"",""receipt.json"":""logs/cosine/awc8/h20/lr-0.012-b1-0.974-b2-0.999/s43/receipt.json"",""request.json"":""logs/cosine/awc8/h20/lr-0.012-b1-0.974-b2-0.999/s43/request.json"",""environment.json"":""shared/environment-8e76eb86e348048dabe2895a5eb320b12249047d55d6119b7a154bcfcf62d046.json""}"
awc8-cosine-h20--0.012--0.974--0.999--s44,awc8,20,1527614.6235015886,1328918.1631664373,1236484.0432688731,101.84264348599993,432.55594810699995,42.29233980178833,2578302,2026-09-17,"{""metrics.jsonl"":""logs/cosine/awc8/h20/lr-0.012-b1-0.974-b2-0.999/s44/metrics.jsonl"",""result.json"":""logs/cosine/awc8/h20/lr-0.012-b1-0.974-b2-0.999/s44/result.json"",""resolved.yaml"":""logs/cosine/awc8/h20/lr-0.012-b1-0.974-b2-0.999/s44/resolved.yaml"",""receipt.json"":""logs/cosine/awc8/h20/lr-0.012-b1-0.974-b2-0.999/s44/receipt.json"",""request.json"":""logs/cosine/awc8/h20/lr-0.012-b1-0.974-b2-0.999/s44/request.json"",""environment.json"":""shared/environment-01aa142ee72202ab386e72c3eb6672e8192941d6b137baef88591f2f2b4b56d4.json""}"
awc8-cosine-h20--0.013--0.9--0.99--s42,awc8,20,1500021.7583551842,1280445.6133354933,1195233.1171866741,99.72072195400006,441.594821172,42.29233980178833,2580816,2026-09-17,"{""metrics.jsonl"":""logs/cosine/awc8/h20/lr-0.013-b1-0.9-b2-0.99/s42/metrics.jsonl"",""result.json"":""logs/cosine/awc8/h20/lr-0.013-b1-0.9-b2-0.99/s42/result.json"",""resolved.yaml"":""logs/cosine/awc8/h20/lr-0.013-b1-0.9-b2-0.99/s42/resolved.yaml"",""receipt.json"":""logs/cosine/awc8/h20/lr-0.013-b1-0.9-b2-0.99/s42/receipt.json"",""request.json"":""logs/cosine/awc8/h20/lr-0.013-b1-0.9-b2-0.99/s42/request.json"",""environment.json"":""shared/environment-c69f60b1e0a0756826695672ad61cf0036884456165cf8a6612d24a577670a67.json""}"
awc8-cosine-h20--0.013--0.9--0.99--s43,awc8,20,1545948.1516882456,1314229.9835111497,1225269.3816949234,100.55715042599991,434.07101632699994,42.29233980178833,2580817,2026-09-17,"{""metrics.jsonl"":""logs/cosine/awc8/h20/lr-0.013-b1-0.9-b2-0.99/s43/metrics.jsonl"",""result.json"":""logs/cosine/awc8/h20/lr-0.013-b1-0.9-b2-0.99/s43/result.json"",""resolved.yaml"":""logs/cosine/awc8/h20/lr-0.013-b1-0.9-b2-0.99/s43/resolved.yaml"",""receipt.json"":""logs/cosine/awc8/h20/lr-0.013-b1-0.9-b2-0.99/s43/receipt.json"",""request.json"":""logs/cosine/awc8/h20/lr-0.013-b1-0.9-b2-0.99/s43/request.json"",""environment.json"":""shared/environment-0f4c725e25a7f94312e0b1e7469e6fb28c2ee71c278c13e9d4772f81b0309d53.json""}"
awc8-cosine-h20--0.013--0.9--0.99--s44,awc8,20,1552834.6744518082,1321172.9986423212,1231578.9562876073,99.84131300800072,431.80424185699667,42.29233980178833,2580818,2026-09-17,"{""metrics.jsonl"":""logs/cosine/awc8/h20/lr-0.013-b1-0.9-b2-0.99/s44/metrics.jsonl"",""result.json"":""logs/cosine/awc8/h20/lr-0.013-b1-0.9-b2-0.99/s44/result.json"",""resolved.yaml"":""logs/cosine/awc8/h20/lr-0.013-b1-0.9-b2-0.99/s44/resolved.yaml"",""receipt.json"":""logs/cosine/awc8/h20/lr-0.013-b1-0.9-b2-0.99/s44/receipt.json"",""request.json"":""logs/cosine/awc8/h20/lr-0.013-b1-0.9-b2-0.99/s44/request.json"",""environment.json"":""shared/environment-9264cfcdb04dfb4283a5f1705c1a2a3e1722a3180c6a64203d7052d3df79e342.json""}"
awc8-cosine-h20--0.013--0.9--0.999--s42,awc8,20,1494171.3099665123,1278802.5558945627,1193875.8403985102,100.83076553299907,443.25458384898957,42.29233980178833,2580823,2026-09-17,"{""metrics.jsonl"":""logs/cosine/awc8/h20/lr-0.013-b1-0.9-b2-0.999/s42/metrics.jsonl"",""result.json"":""logs/cosine/awc8/h20/lr-0.013-b1-0.9-b2-0.999/s42/result.json"",""resolved.yaml"":""logs/cosine/awc8/h20/lr-0.013-b1-0.9-b2-0.999/s42/resolved.yaml"",""receipt.json"":""logs/cosine/awc8/h20/lr-0.013-b1-0.9-b2-0.999/s42/receipt.json"",""request.json"":""logs/cosine/awc8/h20/lr-0.013-b1-0.9-b2-0.999/s42/request.json"",""environment.json"":""shared/environment-6dbd7f14b8b671aa45c85cb98955dea43305dfc72fc6902debe4bf602bbebf41.json""}"
awc8-cosine-h20--0.013--0.9--0.999--s43,awc8,20,1514033.5543450317,1292675.1746487035,1206867.2932648887,99.74138692799897,438.3577237050049,42.29233980178833,2580824,2026-09-17,"{""metrics.jsonl"":""logs/cosine/awc8/h20/lr-0.013-b1-0.9-b2-0.999/s43/metrics.jsonl"",""result.json"":""logs/cosine/awc8/h20/lr-0.013-b1-0.9-b2-0.999/s43/result.json"",""resolved.yaml"":""logs/cosine/awc8/h20/lr-0.013-b1-0.9-b2-0.999/s43/resolved.yaml"",""receipt.json"":""logs/cosine/awc8/h20/lr-0.013-b1-0.9-b2-0.999/s43/receipt.json"",""request.json"":""logs/cosine/awc8/h20/lr-0.013-b1-0.9-b2-0.999/s43/request.json"",""environment.json"":""shared/environment-85a1e05471da6ade470182345fa02843a108137bb2e0b4e4cccb40b5e02b3ab9.json""}"
awc8-cosine-h20--0.013--0.9--0.999--s44,awc8,20,1510767.1168727134,1290443.8296377915,1201310.3548163814,102.56998562201625,442.8794107220019,42.29233980178833,2580825,2026-09-17,"{""metrics.jsonl"":""logs/cosine/awc8/h20/lr-0.013-b1-0.9-b2-0.999/s44/metrics.jsonl"",""result.json"":""logs/cosine/awc8/h20/lr-0.013-b1-0.9-b2-0.999/s44/result.json"",""resolved.yaml"":""logs/cosine/awc8/h20/lr-0.013-b1-0.9-b2-0.999/s44/resolved.yaml"",""receipt.json"":""logs/cosine/awc8/h20/lr-0.013-b1-0.9-b2-0.999/s44/receipt.json"",""request.json"":""logs/cosine/awc8/h20/lr-0.013-b1-0.9-b2-0.999/s44/request.json"",""environment.json"":""shared/environment-80812bde1648cfb0feb0de5ad89289d935e760a22368f66a0f3b4696a4799972.json""}"
awc8-cosine-h20--0.013--0.95--0.99--s42,awc8,20,1538088.1774867633,1318462.3562251783,1228622.538821674,100.988150916,433.57958598100004,42.29233980178833,2580829,2026-09-17,"{""metrics.jsonl"":""logs/cosine/awc8/h20/lr-0.013-b1-0.95-b2-0.99/s42/metrics.jsonl"",""result.json"":""logs/cosine/awc8/h20/lr-0.013-b1-0.95-b2-0.99/s42/result.json"",""resolved.yaml"":""logs/cosine/awc8/h20/lr-0.013-b1-0.95-b2-0.99/s42/resolved.yaml"",""receipt.json"":""logs/cosine/awc8/h20/lr-0.013-b1-0.95-b2-0.99/s42/receipt.json"",""request.json"":""logs/cosine/awc8/h20/lr-0.013-b1-0.95-b2-0.99/s42/request.json"",""environment.json"":""shared/environment-9b36507f88fc6e70bcf9dadcfe7126e39f00d9ebd92f5e6d5be93dc9b2e60cf3.json""}"
awc8-cosine-h20--0.013--0.95--0.99--s43,awc8,20,1508960.9307424058,1294116.7429124375,1208096.4779599258,99.91108271901612,438.2966440830205,42.29233980178833,2580830,2026-09-17,"{""metrics.jsonl"":""logs/cosine/awc8/h20/lr-0.013-b1-0.95-b2-0.99/s43/metrics.jsonl"",""result.json"":""logs/cosine/awc8/h20/lr-0.013-b1-0.95-b2-0.99/s43/result.json"",""resolved.yaml"":""logs/cosine/awc8/h20/lr-0.013-b1-0.95-b2-0.99/s43/resolved.yaml"",""receipt.json"":""logs/cosine/awc8/h20/lr-0.013-b1-0.95-b2-0.99/s43/receipt.json"",""request.json"":""logs/cosine/awc8/h20/lr-0.013-b1-0.95-b2-0.99/s43/request.json"",""environment.json"":""shared/environment-71bdf018bbff82a7042e15873b8afc8994fd9b030c04f28df0bb1bb6bf2483b0.json""}"
awc8-cosine-h20--0.013--0.95--0.99--s44,awc8,20,1518161.519195931,1300887.153493368,1211446.3873330837,99.62703388201771,437.1558248650108,42.29233980178833,2580831,2026-09-17,"{""metrics.jsonl"":""logs/cosine/awc8/h20/lr-0.013-b1-0.95-b2-0.99/s44/metrics.jsonl"",""result.json"":""logs/cosine/awc8/h20/lr-0.013-b1-0.95-b2-0.99/s44/result.json"",""resolved.yaml"":""logs/cosine/awc8/h20/lr-0.013-b1-0.95-b2-0.99/s44/resolved.yaml"",""receipt.json"":""logs/cosine/awc8/h20/lr-0.013-b1-0.95-b2-0.99/s44/receipt.json"",""request.json"":""logs/cosine/awc8/h20/lr-0.013-b1-0.95-b2-0.99/s44/request.json"",""environment.json"":""shared/environment-dd6daadc5e02534d3af1f30548ae583237402f2dc897e0be4eafdace23e9d68c.json""}"
awc8-cosine-h20--0.013--0.95--0.999--s42,awc8,20,1555052.6514788975,1367129.7706265878,1269750.1995935112,100.65759835199992,422.0713576339999,42.29233980178833,2580835,2026-09-17,"{""metrics.jsonl"":""logs/cosine/awc8/h20/lr-0.013-b1-0.95-b2-0.999/s42/metrics.jsonl"",""result.json"":""logs/cosine/awc8/h20/lr-0.013-b1-0.95-b2-0.999/s42/result.json"",""resolved.yaml"":""logs/cosine/awc8/h20/lr-0.013-b1-0.95-b2-0.999/s42/resolved.yaml"",""receipt.json"":""logs/cosine/awc8/h20/lr-0.013-b1-0.95-b2-0.999/s42/receipt.json"",""request.json"":""logs/cosine/awc8/h20/lr-0.013-b1-0.95-b2-0.999/s42/request.json"",""environment.json"":""shared/environment-1419bd97389161cbaea17ae6d9c90dbcefef35b69ad27285385d258c55a0a9d0.json""}"
awc8-cosine-h20--0.013--0.95--0.999--s43,awc8,20,1483805.1657566314,1275857.0595684273,1191587.3783985209,101.31460903600009,444.44386418700014,42.29233980178833,2580836,2026-09-17,"{""metrics.jsonl"":""logs/cosine/awc8/h20/lr-0.013-b1-0.95-b2-0.999/s43/metrics.jsonl"",""result.json"":""logs/cosine/awc8/h20/lr-0.013-b1-0.95-b2-0.999/s43/result.json"",""resolved.yaml"":""logs/cosine/awc8/h20/lr-0.013-b1-0.95-b2-0.999/s43/resolved.yaml"",""receipt.json"":""logs/cosine/awc8/h20/lr-0.013-b1-0.95-b2-0.999/s43/receipt.json"",""request.json"":""logs/cosine/awc8/h20/lr-0.013-b1-0.95-b2-0.999/s43/request.json"",""environment.json"":""shared/environment-134df8b9b5ffe7bd2f972e31f73cab96b49f219ddd1c2500ac8925392480d711.json""}"
awc8-cosine-h20--0.013--0.95--0.999--s44,awc8,20,1508525.196630139,1292040.8593351415,1204289.6081484968,103.5806210419978,442.6591625930014,42.29233980178833,2580837,2026-09-17,"{""metrics.jsonl"":""logs/cosine/awc8/h20/lr-0.013-b1-0.95-b2-0.999/s44/metrics.jsonl"",""result.json"":""logs/cosine/awc8/h20/lr-0.013-b1-0.95-b2-0.999/s44/result.json"",""resolved.yaml"":""logs/cosine/awc8/h20/lr-0.013-b1-0.95-b2-0.999/s44/resolved.yaml"",""receipt.json"":""logs/cosine/awc8/h20/lr-0.013-b1-0.95-b2-0.999/s44/receipt.json"",""request.json"":""logs/cosine/awc8/h20/lr-0.013-b1-0.95-b2-0.999/s44/request.json"",""environment.json"":""shared/environment-282f3df95f5c4c870dca45fc8e68df0adb56d00d95c98fb6d27e8b3bb6e72207.json""}"
awc8-cosine-h20--0.013--0.974--0.99--s42,awc8,20,1521903.7774574847,1303115.1418708537,1214899.3194326512,101.90780239898595,438.43335050999303,42.29233980178833,2580841,2026-09-17,"{""metrics.jsonl"":""logs/cosine/awc8/h20/lr-0.013-b1-0.974-b2-0.99/s42/metrics.jsonl"",""result.json"":""logs/cosine/awc8/h20/lr-0.013-b1-0.974-b2-0.99/s42/result.json"",""resolved.yaml"":""logs/cosine/awc8/h20/lr-0.013-b1-0.974-b2-0.99/s42/resolved.yaml"",""receipt.json"":""logs/cosine/awc8/h20/lr-0.013-b1-0.974-b2-0.99/s42/receipt.json"",""request.json"":""logs/cosine/awc8/h20/lr-0.013-b1-0.974-b2-0.99/s42/request.json"",""environment.json"":""shared/environment-a51e57d50721b1a0ee7022f742eaf811e63ddf98b9ffdc9091c7287295cea8fd.json""}"
awc8-cosine-h20--0.013--0.974--0.99--s43,awc8,20,1535958.585539577,1313978.3158470183,1223918.3201971923,100.97604123002384,435.0438256939815,42.29233980178833,2580842,2026-09-17,"{""metrics.jsonl"":""logs/cosine/awc8/h20/lr-0.013-b1-0.974-b2-0.99/s43/metrics.jsonl"",""result.json"":""logs/cosine/awc8/h20/lr-0.013-b1-0.974-b2-0.99/s43/result.json"",""resolved.yaml"":""logs/cosine/awc8/h20/lr-0.013-b1-0.974-b2-0.99/s43/resolved.yaml"",""receipt.json"":""logs/cosine/awc8/h20/lr-0.013-b1-0.974-b2-0.99/s43/receipt.json"",""request.json"":""logs/cosine/awc8/h20/lr-0.013-b1-0.974-b2-0.99/s43/request.json"",""environment.json"":""shared/environment-c785901ca27e1d1280a7a38f86298dd584ba4ff989bb4849527d7c42bd533c6f.json""}"
awc8-cosine-h20--0.013--0.974--0.99--s44,awc8,20,1488467.2498046379,1278922.0559434125,1193862.9141346386,100.82222424598876,443.3150929399999,42.29233980178833,2580843,2026-09-17,"{""metrics.jsonl"":""logs/cosine/awc8/h20/lr-0.013-b1-0.974-b2-0.99/s44/metrics.jsonl"",""result.json"":""logs/cosine/awc8/h20/lr-0.013-b1-0.974-b2-0.99/s44/result.json"",""resolved.yaml"":""logs/cosine/awc8/h20/lr-0.013-b1-0.974-b2-0.99/s44/resolved.yaml"",""receipt.json"":""logs/cosine/awc8/h20/lr-0.013-b1-0.974-b2-0.99/s44/receipt.json"",""request.json"":""logs/cosine/awc8/h20/lr-0.013-b1-0.974-b2-0.99/s44/request.json"",""environment.json"":""shared/environment-5ecc6b095b04544010eb42fd2f7e9528fff1be6e23313866c70abe7839f51e46.json""}"
awc8-cosine-h20--0.013--0.974--0.999--s42,awc8,20,1517879.6845140657,1290330.2460518014,1203760.8865971705,101.59029675199997,441.0668790579999,42.29233980178833,2580847,2026-09-17,"{""metrics.jsonl"":""logs/cosine/awc8/h20/lr-0.013-b1-0.974-b2-0.999/s42/metrics.jsonl"",""result.json"":""logs/cosine/awc8/h20/lr-0.013-b1-0.974-b2-0.999/s42/result.json"",""resolved.yaml"":""logs/cosine/awc8/h20/lr-0.013-b1-0.974-b2-0.999/s42/resolved.yaml"",""receipt.json"":""logs/cosine/awc8/h20/lr-0.013-b1-0.974-b2-0.999/s42/receipt.json"",""request.json"":""logs/cosine/awc8/h20/lr-0.013-b1-0.974-b2-0.999/s42/request.json"",""environment.json"":""shared/environment-f08e4feeb8cc250dc5d5244b16b393a2a7951273526035a73ef74c00ad568118.json""}"
awc8-cosine-h20--0.013--0.974--0.999--s43,awc8,20,1548459.9196943594,1311842.278313306,1222760.291361583,100.69151219099876,435.068374533992,42.29233980178833,2580848,2026-09-17,"{""metrics.jsonl"":""logs/cosine/awc8/h20/lr-0.013-b1-0.974-b2-0.999/s43/metrics.jsonl"",""result.json"":""logs/cosine/awc8/h20/lr-0.013-b1-0.974-b2-0.999/s43/result.json"",""resolved.yaml"":""logs/cosine/awc8/h20/lr-0.013-b1-0.974-b2-0.999/s43/resolved.yaml"",""receipt.json"":""logs/cosine/awc8/h20/lr-0.013-b1-0.974-b2-0.999/s43/receipt.json"",""request.json"":""logs/cosine/awc8/h20/lr-0.013-b1-0.974-b2-0.999/s43/request.json"",""environment.json"":""shared/environment-ef409f21bf3be05e0683b9eed7c5dc4c31432bf4713ee648d3cc0caa353332f5.json""}"
awc8-cosine-h20--0.013--0.974--0.999--s44,awc8,20,1560991.35451738,1320554.4680819593,1230409.0454620176,100.5256185909966,432.828391447023,42.29233980178833,2580849,2026-09-17,"{""metrics.jsonl"":""logs/cosine/awc8/h20/lr-0.013-b1-0.974-b2-0.999/s44/metrics.jsonl"",""result.json"":""logs/cosine/awc8/h20/lr-0.013-b1-0.974-b2-0.999/s44/result.json"",""resolved.yaml"":""logs/cosine/awc8/h20/lr-0.013-b1-0.974-b2-0.999/s44/resolved.yaml"",""receipt.json"":""logs/cosine/awc8/h20/lr-0.013-b1-0.974-b2-0.999/s44/receipt.json"",""request.json"":""logs/cosine/awc8/h20/lr-0.013-b1-0.974-b2-0.999/s44/request.json"",""environment.json"":""shared/environment-55b68eb2821616cad4429d7a22875a78879eef1614e83c37caa929e7260f76ab.json""}"
awc8-cosine-h20--0.014--0.9--0.99--s42,awc8,20,1513491.4566782217,1292404.2210502054,1204928.6720650673,102.70800127400435,442.0037276080111,42.29233980178833,2580819,2026-09-17,"{""metrics.jsonl"":""logs/cosine/awc8/h20/lr-0.014-b1-0.9-b2-0.99/s42/metrics.jsonl"",""result.json"":""logs/cosine/awc8/h20/lr-0.014-b1-0.9-b2-0.99/s42/result.json"",""resolved.yaml"":""logs/cosine/awc8/h20/lr-0.014-b1-0.9-b2-0.99/s42/resolved.yaml"",""receipt.json"":""logs/cosine/awc8/h20/lr-0.014-b1-0.9-b2-0.99/s42/receipt.json"",""request.json"":""logs/cosine/awc8/h20/lr-0.014-b1-0.9-b2-0.99/s42/request.json"",""environment.json"":""shared/environment-a1691fbe1670c9a8a1a8d171bd5427dc57bdbe97fc9f5f2d0c18142afdf248c4.json""}"
awc8-cosine-h20--0.014--0.9--0.99--s43,awc8,20,1548129.0922534731,1317644.5508366334,1227995.8511722283,100.49618129301234,433.40652311602025,42.29233980178833,2580821,2026-09-17,"{""metrics.jsonl"":""logs/cosine/awc8/h20/lr-0.014-b1-0.9-b2-0.99/s43/metrics.jsonl"",""result.json"":""logs/cosine/awc8/h20/lr-0.014-b1-0.9-b2-0.99/s43/result.json"",""resolved.yaml"":""logs/cosine/awc8/h20/lr-0.014-b1-0.9-b2-0.99/s43/resolved.yaml"",""receipt.json"":""logs/cosine/awc8/h20/lr-0.014-b1-0.9-b2-0.99/s43/receipt.json"",""request.json"":""logs/cosine/awc8/h20/lr-0.014-b1-0.9-b2-0.99/s43/request.json"",""environment.json"":""shared/environment-1402954b072109fc3bd4f460c4a8316254e88322092d21b6c910bebcfb70c49d.json""}"
awc8-cosine-h20--0.014--0.9--0.99--s44,awc8,20,1528886.6041568595,1304460.3052605256,1217089.2374374932,99.00928378400567,434.88788693099923,42.29233980178833,2580822,2026-09-17,"{""metrics.jsonl"":""logs/cosine/awc8/h20/lr-0.014-b1-0.9-b2-0.99/s44/metrics.jsonl"",""result.json"":""logs/cosine/awc8/h20/lr-0.014-b1-0.9-b2-0.99/s44/result.json"",""resolved.yaml"":""logs/cosine/awc8/h20/lr-0.014-b1-0.9-b2-0.99/s44/resolved.yaml"",""receipt.json"":""logs/cosine/awc8/h20/lr-0.014-b1-0.9-b2-0.99/s44/receipt.json"",""request.json"":""logs/cosine/awc8/h20/lr-0.014-b1-0.9-b2-0.99/s44/request.json"",""environment.json"":""shared/environment-d4d8a7d30cd6f84c3c0b877e78a5eade5056a25ae15aaa1ba169e8403a2cad55.json""}"
awc8-cosine-h20--0.014--0.9--0.999--s42,awc8,20,1512032.7257435592,1298394.9391882622,1212141.7409078265,99.443188427,436.39738302499995,42.29233980178833,2580826,2026-09-17,"{""metrics.jsonl"":""logs/cosine/awc8/h20/lr-0.014-b1-0.9-b2-0.999/s42/metrics.jsonl"",""result.json"":""logs/cosine/awc8/h20/lr-0.014-b1-0.9-b2-0.999/s42/result.json"",""resolved.yaml"":""logs/cosine/awc8/h20/lr-0.014-b1-0.9-b2-0.999/s42/resolved.yaml"",""receipt.json"":""logs/cosine/awc8/h20/lr-0.014-b1-0.9-b2-0.999/s42/receipt.json"",""request.json"":""logs/cosine/awc8/h20/lr-0.014-b1-0.9-b2-0.999/s42/request.json"",""environment.json"":""shared/environment-9240b21b25141777d3d12c08da7bc0e0da552c0b1292df15fecc5faf90af6a62.json""}"
awc8-cosine-h20--0.014--0.9--0.999--s43,awc8,20,1529226.117715559,1310768.1289340605,1221371.3827528432,101.27827736900008,435.70560651699986,42.29233980178833,2580827,2026-09-17,"{""metrics.jsonl"":""logs/cosine/awc8/h20/lr-0.014-b1-0.9-b2-0.999/s43/metrics.jsonl"",""result.json"":""logs/cosine/awc8/h20/lr-0.014-b1-0.9-b2-0.999/s43/result.json"",""resolved.yaml"":""logs/cosine/awc8/h20/lr-0.014-b1-0.9-b2-0.999/s43/resolved.yaml"",""receipt.json"":""logs/cosine/awc8/h20/lr-0.014-b1-0.9-b2-0.999/s43/receipt.json"",""request.json"":""logs/cosine/awc8/h20/lr-0.014-b1-0.9-b2-0.999/s43/request.json"",""environment.json"":""shared/environment-e8e056b0ce33eedae82cf9c533bbad7ed72354306a84a6eb2c199f8d9aac1c72.json""}"
awc8-cosine-h20--0.014--0.9--0.999--s44,awc8,20,1541387.6287816954,1320528.5040345693,1230401.1301158643,100.83517805499969,432.9325603709999,42.29233980178833,2580828,2026-09-17,"{""metrics.jsonl"":""logs/cosine/awc8/h20/lr-0.014-b1-0.9-b2-0.999/s44/metrics.jsonl"",""result.json"":""logs/cosine/awc8/h20/lr-0.014-b1-0.9-b2-0.999/s44/result.json"",""resolved.yaml"":""logs/cosine/awc8/h20/lr-0.014-b1-0.9-b2-0.999/s44/resolved.yaml"",""receipt.json"":""logs/cosine/awc8/h20/lr-0.014-b1-0.9-b2-0.999/s44/receipt.json"",""request.json"":""logs/cosine/awc8/h20/lr-0.014-b1-0.9-b2-0.999/s44/request.json"",""environment.json"":""shared/environment-78521c6d63fbb383c225c33ee513907921bf2574a79245c68e5749e5fe21f4f1.json""}"
awc8-cosine-h20--0.014--0.95--0.99--s42,awc8,20,1509993.3970651329,1293703.883739035,1207469.2923585256,99.2537833690003,437.68806952400155,42.29233980178833,2580832,2026-09-17,"{""metrics.jsonl"":""logs/cosine/awc8/h20/lr-0.014-b1-0.95-b2-0.99/s42/metrics.jsonl"",""result.json"":""logs/cosine/awc8/h20/lr-0.014-b1-0.95-b2-0.99/s42/result.json"",""resolved.yaml"":""logs/cosine/awc8/h20/lr-0.014-b1-0.95-b2-0.99/s42/resolved.yaml"",""receipt.json"":""logs/cosine/awc8/h20/lr-0.014-b1-0.95-b2-0.99/s42/receipt.json"",""request.json"":""logs/cosine/awc8/h20/lr-0.014-b1-0.95-b2-0.99/s42/request.json"",""environment.json"":""shared/environment-f8b5c0cfcf4cf095539e1557642be4be1cc89166df6d555b888d593c63faa517.json""}"
awc8-cosine-h20--0.014--0.95--0.99--s43,awc8,20,1520485.5043002733,1425553.8222200347,1322269.595255517,100.34731632100011,408.9872038290014,42.29233980178833,2580833,2026-09-17,"{""metrics.jsonl"":""logs/cosine/awc8/h20/lr-0.014-b1-0.95-b2-0.99/s43/metrics.jsonl"",""result.json"":""logs/cosine/awc8/h20/lr-0.014-b1-0.95-b2-0.99/s43/result.json"",""resolved.yaml"":""logs/cosine/awc8/h20/lr-0.014-b1-0.95-b2-0.99/s43/resolved.yaml"",""receipt.json"":""logs/cosine/awc8/h20/lr-0.014-b1-0.95-b2-0.99/s43/receipt.json"",""request.json"":""logs/cosine/awc8/h20/lr-0.014-b1-0.95-b2-0.99/s43/request.json"",""environment.json"":""shared/environment-47b02ff6207de89554e25b174d7abe4d1b01d5ebcf9ccde70749ccafd3fa2085.json""}"
awc8-cosine-h20--0.014--0.95--0.99--s44,awc8,20,1517229.8715974037,1350683.4723935165,1240682.1724555674,102.49668417499993,431.44349131699994,42.29233980178833,2580834,2026-09-17,"{""metrics.jsonl"":""logs/cosine/awc8/h20/lr-0.014-b1-0.95-b2-0.99/s44/metrics.jsonl"",""result.json"":""logs/cosine/awc8/h20/lr-0.014-b1-0.95-b2-0.99/s44/result.json"",""resolved.yaml"":""logs/cosine/awc8/h20/lr-0.014-b1-0.95-b2-0.99/s44/resolved.yaml"",""receipt.json"":""logs/cosine/awc8/h20/lr-0.014-b1-0.95-b2-0.99/s44/receipt.json"",""request.json"":""logs/cosine/awc8/h20/lr-0.014-b1-0.95-b2-0.99/s44/request.json"",""environment.json"":""shared/environment-b9659206747b1b7b54788d503c5754453c008c16caecb245494d6cac06c7ff21.json""}"
awc8-cosine-h20--0.014--0.95--0.999--s42,awc8,20,1530986.6635026059,1310276.7888757717,1220558.9562124114,102.52000430000771,437.52441149399965,42.29233980178833,2580838,2026-09-17,"{""metrics.jsonl"":""logs/cosine/awc8/h20/lr-0.014-b1-0.95-b2-0.999/s42/metrics.jsonl"",""result.json"":""logs/cosine/awc8/h20/lr-0.014-b1-0.95-b2-0.999/s42/result.json"",""resolved.yaml"":""logs/cosine/awc8/h20/lr-0.014-b1-0.95-b2-0.999/s42/resolved.yaml"",""receipt.json"":""logs/cosine/awc8/h20/lr-0.014-b1-0.95-b2-0.999/s42/receipt.json"",""request.json"":""logs/cosine/awc8/h20/lr-0.014-b1-0.95-b2-0.999/s42/request.json"",""environment.json"":""shared/environment-c824ca1ac5172598e8cee1be2ce564ae3d149fd94fe9e3f35b955a928ec24ae6.json""}"
awc8-cosine-h20--0.014--0.95--0.999--s43,awc8,20,1548981.0413959143,1323145.4975027854,1231126.939855793,100.54773830299382,432.6974874990119,42.29233980178833,2580839,2026-09-17,"{""metrics.jsonl"":""logs/cosine/awc8/h20/lr-0.014-b1-0.95-b2-0.999/s43/metrics.jsonl"",""result.json"":""logs/cosine/awc8/h20/lr-0.014-b1-0.95-b2-0.999/s43/result.json"",""resolved.yaml"":""logs/cosine/awc8/h20/lr-0.014-b1-0.95-b2-0.999/s43/resolved.yaml"",""receipt.json"":""logs/cosine/awc8/h20/lr-0.014-b1-0.95-b2-0.999/s43/receipt.json"",""request.json"":""logs/cosine/awc8/h20/lr-0.014-b1-0.95-b2-0.999/s43/request.json"",""environment.json"":""shared/environment-b633d48c2725f416fa517851a61fa124be7e9812ea0e524c30c2a5cce3befaa9.json""}"
awc8-cosine-h20--0.014--0.95--0.999--s44,awc8,20,1506702.8346363294,1292355.2091840717,1206132.310516627,100.27952430999721,439.283296884998,42.29233980178833,2580840,2026-09-17,"{""metrics.jsonl"":""logs/cosine/awc8/h20/lr-0.014-b1-0.95-b2-0.999/s44/metrics.jsonl"",""result.json"":""logs/cosine/awc8/h20/lr-0.014-b1-0.95-b2-0.999/s44/result.json"",""resolved.yaml"":""logs/cosine/awc8/h20/lr-0.014-b1-0.95-b2-0.999/s44/resolved.yaml"",""receipt.json"":""logs/cosine/awc8/h20/lr-0.014-b1-0.95-b2-0.999/s44/receipt.json"",""request.json"":""logs/cosine/awc8/h20/lr-0.014-b1-0.95-b2-0.999/s44/request.json"",""environment.json"":""shared/environment-f478a38001e58a25aed0c73a996614e97a90cb48ea712398d70b9819bb2e05ef.json""}"
awc8-cosine-h20--0.014--0.974--0.99--s42,awc8,20,1531204.3822318676,1299249.3207109482,1210852.2056533603,102.2706757200067,439.94255260098726,42.29233980178833,2580844,2026-09-17,"{""metrics.jsonl"":""logs/cosine/awc8/h20/lr-0.014-b1-0.974-b2-0.99/s42/metrics.jsonl"",""result.json"":""logs/cosine/awc8/h20/lr-0.014-b1-0.974-b2-0.99/s42/result.json"",""resolved.yaml"":""logs/cosine/awc8/h20/lr-0.014-b1-0.974-b2-0.99/s42/resolved.yaml"",""receipt.json"":""logs/cosine/awc8/h20/lr-0.014-b1-0.974-b2-0.99/s42/receipt.json"",""request.json"":""logs/cosine/awc8/h20/lr-0.014-b1-0.974-b2-0.99/s42/request.json"",""environment.json"":""shared/environment-00fa89c81d1b0ad65eaf9ad25c33efbb3062d756fd10893300b7dd798f02bedc.json""}"
awc8-cosine-h20--0.014--0.974--0.99--s43,awc8,20,1487892.3805209643,1400627.3396926485,1300807.0518750576,100.53679503999979,414.2807726830001,42.29233980178833,2580845,2026-09-17,"{""metrics.jsonl"":""logs/cosine/awc8/h20/lr-0.014-b1-0.974-b2-0.99/s43/metrics.jsonl"",""result.json"":""logs/cosine/awc8/h20/lr-0.014-b1-0.974-b2-0.99/s43/result.json"",""resolved.yaml"":""logs/cosine/awc8/h20/lr-0.014-b1-0.974-b2-0.99/s43/resolved.yaml"",""receipt.json"":""logs/cosine/awc8/h20/lr-0.014-b1-0.974-b2-0.99/s43/receipt.json"",""request.json"":""logs/cosine/awc8/h20/lr-0.014-b1-0.974-b2-0.99/s43/request.json"",""environment.json"":""shared/environment-33fa168d9575ae57188c8eb45461573dc7f6e9a5ba268fe022c6eb9195f64d7a.json""}"
awc8-cosine-h20--0.014--0.974--0.99--s44,awc8,20,1509817.2566249177,1284530.8404440042,1199157.1175554874,101.38914004200001,442.147422766,42.29233980178833,2580846,2026-09-17,"{""metrics.jsonl"":""logs/cosine/awc8/h20/lr-0.014-b1-0.974-b2-0.99/s44/metrics.jsonl"",""result.json"":""logs/cosine/awc8/h20/lr-0.014-b1-0.974-b2-0.99/s44/result.json"",""resolved.yaml"":""logs/cosine/awc8/h20/lr-0.014-b1-0.974-b2-0.99/s44/resolved.yaml"",""receipt.json"":""logs/cosine/awc8/h20/lr-0.014-b1-0.974-b2-0.99/s44/receipt.json"",""request.json"":""logs/cosine/awc8/h20/lr-0.014-b1-0.974-b2-0.99/s44/request.json"",""environment.json"":""shared/environment-b1a65b9a2d0a657111e2495e5a95899a75e0bbe97c4d4c68cc52609c02db8511.json""}"
awc8-cosine-h20--0.014--0.974--0.999--s42,awc8,20,1488427.1777916823,1268514.3378664881,1183431.2610866388,103.67111978100729,449.14266246699844,42.29233980178833,2580850,2026-09-17,"{""metrics.jsonl"":""logs/cosine/awc8/h20/lr-0.014-b1-0.974-b2-0.999/s42/metrics.jsonl"",""result.json"":""logs/cosine/awc8/h20/lr-0.014-b1-0.974-b2-0.999/s42/result.json"",""resolved.yaml"":""logs/cosine/awc8/h20/lr-0.014-b1-0.974-b2-0.999/s42/resolved.yaml"",""receipt.json"":""logs/cosine/awc8/h20/lr-0.014-b1-0.974-b2-0.999/s42/receipt.json"",""request.json"":""logs/cosine/awc8/h20/lr-0.014-b1-0.974-b2-0.999/s42/request.json"",""environment.json"":""shared/environment-45a5c36b4255e8e832861c9efa99d5590a005dc7b7dae06a1c1424d54cb64fe7.json""}"
awc8-cosine-h20--0.014--0.974--0.999--s43,awc8,20,1519333.7818817908,1291200.693281897,1204518.313765228,101.88301995999996,441.07215553700007,42.29233980178833,2580851,2026-09-17,"{""metrics.jsonl"":""logs/cosine/awc8/h20/lr-0.014-b1-0.974-b2-0.999/s43/metrics.jsonl"",""result.json"":""logs/cosine/awc8/h20/lr-0.014-b1-0.974-b2-0.999/s43/result.json"",""resolved.yaml"":""logs/cosine/awc8/h20/lr-0.014-b1-0.974-b2-0.999/s43/resolved.yaml"",""receipt.json"":""logs/cosine/awc8/h20/lr-0.014-b1-0.974-b2-0.999/s43/receipt.json"",""request.json"":""logs/cosine/awc8/h20/lr-0.014-b1-0.974-b2-0.999/s43/request.json"",""environment.json"":""shared/environment-c3c15148367470f2371a62ad75fcc1f35c47d414582c57ea4dcf59d35af8f9a2.json""}"
awc8-cosine-h20--0.014--0.974--0.999--s44,awc8,20,1515399.6350437657,1288629.0567271637,1202834.2009122877,101.31023203500001,440.97261082299997,42.29233980178833,2580852,2026-09-17,"{""metrics.jsonl"":""logs/cosine/awc8/h20/lr-0.014-b1-0.974-b2-0.999/s44/metrics.jsonl"",""result.json"":""logs/cosine/awc8/h20/lr-0.014-b1-0.974-b2-0.999/s44/result.json"",""resolved.yaml"":""logs/cosine/awc8/h20/lr-0.014-b1-0.974-b2-0.999/s44/resolved.yaml"",""receipt.json"":""logs/cosine/awc8/h20/lr-0.014-b1-0.974-b2-0.999/s44/receipt.json"",""request.json"":""logs/cosine/awc8/h20/lr-0.014-b1-0.974-b2-0.999/s44/request.json"",""environment.json"":""shared/environment-ec95664b4dc204a8c0a364ed6b53ef00f4b7399bf2894cec5171544d6ea887b9.json""}"
sync-cosine-h20--0.004--0.9--0.98--s42,sync,20,1784377.272656456,1442530.5447344633,1332299.87980164,98.97664994499064,406.01690489798784,39.47825336456299,2547992,2026-09-16,"{""metrics.jsonl"":""logs/cosine/sync/h20/lr-0.004-b1-0.9-b2-0.98/s42/metrics.jsonl"",""result.json"":""logs/cosine/sync/h20/lr-0.004-b1-0.9-b2-0.98/s42/result.json"",""resolved.yaml"":""logs/cosine/sync/h20/lr-0.004-b1-0.9-b2-0.98/s42/resolved.yaml"",""receipt.json"":""logs/cosine/sync/h20/lr-0.004-b1-0.9-b2-0.98/s42/receipt.json"",""request.json"":""logs/cosine/sync/h20/lr-0.004-b1-0.9-b2-0.98/s42/request.json"",""environment.json"":""shared/environment-106863e52824be2a112f62edec54b5a7d9c02bf8713c1e9642126c6bda084ea8.json""}"
sync-cosine-h20--0.004--0.9--0.98--s43,sync,20,1746472.108526514,1417637.3359901542,1312440.4883460973,100.8725655520102,412.5656147599948,39.47825336456299,2547996,2026-09-16,"{""metrics.jsonl"":""logs/cosine/sync/h20/lr-0.004-b1-0.9-b2-0.98/s43/metrics.jsonl"",""result.json"":""logs/cosine/sync/h20/lr-0.004-b1-0.9-b2-0.98/s43/result.json"",""resolved.yaml"":""logs/cosine/sync/h20/lr-0.004-b1-0.9-b2-0.98/s43/resolved.yaml"",""receipt.json"":""logs/cosine/sync/h20/lr-0.004-b1-0.9-b2-0.98/s43/receipt.json"",""request.json"":""logs/cosine/sync/h20/lr-0.004-b1-0.9-b2-0.98/s43/request.json"",""environment.json"":""shared/environment-c9fc01727ed335ac4beac9549127657c2a0789161a72a4ddfa80ec2be7d0519e.json""}"
sync-cosine-h20--0.004--0.9--0.98--s44,sync,20,1756042.7372552424,1423795.16247479,1317592.777608293,100.39297721799812,410.87637734900636,39.47825336456299,2548003,2026-09-16,"{""metrics.jsonl"":""logs/cosine/sync/h20/lr-0.004-b1-0.9-b2-0.98/s44/metrics.jsonl"",""result.json"":""logs/cosine/sync/h20/lr-0.004-b1-0.9-b2-0.98/s44/result.json"",""resolved.yaml"":""logs/cosine/sync/h20/lr-0.004-b1-0.9-b2-0.98/s44/resolved.yaml"",""receipt.json"":""logs/cosine/sync/h20/lr-0.004-b1-0.9-b2-0.98/s44/receipt.json"",""request.json"":""logs/cosine/sync/h20/lr-0.004-b1-0.9-b2-0.98/s44/request.json"",""environment.json"":""shared/environment-9e1f1f9a08c43af7f551cfa77c520364fa1488278e692319ffd06117e8300779.json""}"
sync-cosine-h20--0.004--0.9--0.99--s42,sync,20,1766833.1989495202,1431098.3075552334,1155019.4122706593,100.19685047400026,454.10331602299993,39.47825336456299,2548044,2026-09-16,"{""metrics.jsonl"":""logs/cosine/sync/h20/lr-0.004-b1-0.9-b2-0.99/s42/metrics.jsonl"",""result.json"":""logs/cosine/sync/h20/lr-0.004-b1-0.9-b2-0.99/s42/result.json"",""resolved.yaml"":""logs/cosine/sync/h20/lr-0.004-b1-0.9-b2-0.99/s42/resolved.yaml"",""receipt.json"":""logs/cosine/sync/h20/lr-0.004-b1-0.9-b2-0.99/s42/receipt.json"",""request.json"":""logs/cosine/sync/h20/lr-0.004-b1-0.9-b2-0.99/s42/request.json"",""environment.json"":""shared/environment-b910d01376f2a74db8747b18a8b04812eebe311c492d1a6ac790bf6b3edc9b9d.json""}"
sync-cosine-h20--0.004--0.9--0.99--s43,sync,20,1758499.029671605,1425703.8533324273,1169580.2611812255,100.61448631899839,450.339426748993,39.47825336456299,2548047,2026-09-16,"{""metrics.jsonl"":""logs/cosine/sync/h20/lr-0.004-b1-0.9-b2-0.99/s43/metrics.jsonl"",""result.json"":""logs/cosine/sync/h20/lr-0.004-b1-0.9-b2-0.99/s43/result.json"",""resolved.yaml"":""logs/cosine/sync/h20/lr-0.004-b1-0.9-b2-0.99/s43/resolved.yaml"",""receipt.json"":""logs/cosine/sync/h20/lr-0.004-b1-0.9-b2-0.99/s43/receipt.json"",""request.json"":""logs/cosine/sync/h20/lr-0.004-b1-0.9-b2-0.99/s43/request.json"",""environment.json"":""shared/environment-7b31572cb7e0830df38cda5f3814c3ec1845046853640d582c21e3b811f1547b.json""}"
sync-cosine-h20--0.004--0.9--0.99--s44,sync,20,1764526.7266146017,1429652.5508753604,1148880.680699039,99.6042535659999,455.6396417169999,39.47825336456299,2548051,2026-09-16,"{""metrics.jsonl"":""logs/cosine/sync/h20/lr-0.004-b1-0.9-b2-0.99/s44/metrics.jsonl"",""result.json"":""logs/cosine/sync/h20/lr-0.004-b1-0.9-b2-0.99/s44/result.json"",""resolved.yaml"":""logs/cosine/sync/h20/lr-0.004-b1-0.9-b2-0.99/s44/resolved.yaml"",""receipt.json"":""logs/cosine/sync/h20/lr-0.004-b1-0.9-b2-0.99/s44/receipt.json"",""request.json"":""logs/cosine/sync/h20/lr-0.004-b1-0.9-b2-0.99/s44/request.json"",""environment.json"":""shared/environment-7f4f13a6203d6c576a2fe716f5f3ae39b7ffa97a31cb9cf38e5abca0cbcbfa3c.json""}"
sync-cosine-h20--0.004--0.9--0.999--s42,sync,20,1751398.7303175584,1429860.057089973,1218618.65964894,101.74816467199707,437.192283063996,39.47825336456299,2548096,2026-09-16,"{""metrics.jsonl"":""logs/cosine/sync/h20/lr-0.004-b1-0.9-b2-0.999/s42/metrics.jsonl"",""result.json"":""logs/cosine/sync/h20/lr-0.004-b1-0.9-b2-0.999/s42/result.json"",""resolved.yaml"":""logs/cosine/sync/h20/lr-0.004-b1-0.9-b2-0.999/s42/resolved.yaml"",""receipt.json"":""logs/cosine/sync/h20/lr-0.004-b1-0.9-b2-0.999/s42/receipt.json"",""request.json"":""logs/cosine/sync/h20/lr-0.004-b1-0.9-b2-0.999/s42/request.json"",""environment.json"":""shared/environment-520e02bb909b876d198c98eaa0fdf15f50a16bf79806a0a64e456fe3a9a180d7.json""}"
sync-cosine-h20--0.004--0.9--0.999--s43,sync,20,1746002.9273452128,1298094.0989344465,1209058.1356217659,100.01691905398911,438.0093363439955,39.47825336456299,2548129,2026-09-16,"{""metrics.jsonl"":""logs/cosine/sync/h20/lr-0.004-b1-0.9-b2-0.999/s43/metrics.jsonl"",""result.json"":""logs/cosine/sync/h20/lr-0.004-b1-0.9-b2-0.999/s43/result.json"",""resolved.yaml"":""logs/cosine/sync/h20/lr-0.004-b1-0.9-b2-0.999/s43/resolved.yaml"",""receipt.json"":""logs/cosine/sync/h20/lr-0.004-b1-0.9-b2-0.999/s43/receipt.json"",""request.json"":""logs/cosine/sync/h20/lr-0.004-b1-0.9-b2-0.999/s43/request.json"",""environment.json"":""shared/environment-9f8e2e7d62823eaceff59d73ab1b3f47218e26ad1b13ed268939123242defe41.json""}"
sync-cosine-h20--0.004--0.9--0.999--s44,sync,20,1722518.942289065,1405557.2764208082,1301180.5809783635,102.51060565599983,416.645181478998,39.47825336456299,2548134,2026-09-16,"{""metrics.jsonl"":""logs/cosine/sync/h20/lr-0.004-b1-0.9-b2-0.999/s44/metrics.jsonl"",""result.json"":""logs/cosine/sync/h20/lr-0.004-b1-0.9-b2-0.999/s44/result.json"",""resolved.yaml"":""logs/cosine/sync/h20/lr-0.004-b1-0.9-b2-0.999/s44/resolved.yaml"",""receipt.json"":""logs/cosine/sync/h20/lr-0.004-b1-0.9-b2-0.999/s44/receipt.json"",""request.json"":""logs/cosine/sync/h20/lr-0.004-b1-0.9-b2-0.999/s44/request.json"",""environment.json"":""shared/environment-30ea6cba81819645a8d04a7259a307bb7a52c0512e4b3f4f1d84d26a50ad8fe7.json""}"
sync-cosine-h20--0.005--0.9--0.98--s42,sync,20,1766236.8828702841,1430617.8344316953,1323155.6196823241,99.83030993599095,409.03045082899916,39.47825336456299,2548007,2026-09-16,"{""metrics.jsonl"":""logs/cosine/sync/h20/lr-0.005-b1-0.9-b2-0.98/s42/metrics.jsonl"",""result.json"":""logs/cosine/sync/h20/lr-0.005-b1-0.9-b2-0.98/s42/result.json"",""resolved.yaml"":""logs/cosine/sync/h20/lr-0.005-b1-0.9-b2-0.98/s42/resolved.yaml"",""receipt.json"":""logs/cosine/sync/h20/lr-0.005-b1-0.9-b2-0.98/s42/receipt.json"",""request.json"":""logs/cosine/sync/h20/lr-0.005-b1-0.9-b2-0.98/s42/request.json"",""environment.json"":""shared/environment-2d83a96510d77c0a310bae2af9391a230511adeb81e7992f0ca1fa25d7c548d8.json""}"
sync-cosine-h20--0.005--0.9--0.98--s43,sync,20,1775531.548167151,1435474.0987503317,1326808.3942201007,99.82644936699944,407.9923230199929,39.47825336456299,2548010,2026-09-16,"{""metrics.jsonl"":""logs/cosine/sync/h20/lr-0.005-b1-0.9-b2-0.98/s43/metrics.jsonl"",""result.json"":""logs/cosine/sync/h20/lr-0.005-b1-0.9-b2-0.98/s43/result.json"",""resolved.yaml"":""logs/cosine/sync/h20/lr-0.005-b1-0.9-b2-0.98/s43/resolved.yaml"",""receipt.json"":""logs/cosine/sync/h20/lr-0.005-b1-0.9-b2-0.98/s43/receipt.json"",""request.json"":""logs/cosine/sync/h20/lr-0.005-b1-0.9-b2-0.98/s43/request.json"",""environment.json"":""shared/environment-8ee3f6fa736770c8492556d3f07d681e3d6adec6162ef4ce81b224816f06baba.json""}"
sync-cosine-h20--0.005--0.9--0.98--s44,sync,20,1764948.8194532644,1427973.8817193834,1320872.4886370543,100.84942227999272,410.4147368539998,39.47825336456299,2548015,2026-09-16,"{""metrics.jsonl"":""logs/cosine/sync/h20/lr-0.005-b1-0.9-b2-0.98/s44/metrics.jsonl"",""result.json"":""logs/cosine/sync/h20/lr-0.005-b1-0.9-b2-0.98/s44/result.json"",""resolved.yaml"":""logs/cosine/sync/h20/lr-0.005-b1-0.9-b2-0.98/s44/resolved.yaml"",""receipt.json"":""logs/cosine/sync/h20/lr-0.005-b1-0.9-b2-0.98/s44/receipt.json"",""request.json"":""logs/cosine/sync/h20/lr-0.005-b1-0.9-b2-0.98/s44/request.json"",""environment.json"":""shared/environment-865efc7b55151146ce89870be127c35998c73bf70c89fdcaf74d8e504b38276b.json""}"
sync-cosine-h20--0.005--0.9--0.99--s42,sync,20,1746158.6465476053,1417786.0523332886,1151117.417633871,100.50260132300173,455.7608675850024,39.47825336456299,2548053,2026-09-16,"{""metrics.jsonl"":""logs/cosine/sync/h20/lr-0.005-b1-0.9-b2-0.99/s42/metrics.jsonl"",""result.json"":""logs/cosine/sync/h20/lr-0.005-b1-0.9-b2-0.99/s42/result.json"",""resolved.yaml"":""logs/cosine/sync/h20/lr-0.005-b1-0.9-b2-0.99/s42/resolved.yaml"",""receipt.json"":""logs/cosine/sync/h20/lr-0.005-b1-0.9-b2-0.99/s42/receipt.json"",""request.json"":""logs/cosine/sync/h20/lr-0.005-b1-0.9-b2-0.99/s42/request.json"",""environment.json"":""shared/environment-8e41b05f4fcb8bd28a3ce923efa1813e80455bd51d07d05d7cb8a383b4035e02.json""}"
sync-cosine-h20--0.005--0.9--0.99--s43,sync,20,1775756.3038239544,1436956.1629086141,1330145.2348912589,99.50946046299941,407.10773837399756,39.47825336456299,2548058,2026-09-16,"{""metrics.jsonl"":""logs/cosine/sync/h20/lr-0.005-b1-0.9-b2-0.99/s43/metrics.jsonl"",""result.json"":""logs/cosine/sync/h20/lr-0.005-b1-0.9-b2-0.99/s43/result.json"",""resolved.yaml"":""logs/cosine/sync/h20/lr-0.005-b1-0.9-b2-0.99/s43/resolved.yaml"",""receipt.json"":""logs/cosine/sync/h20/lr-0.005-b1-0.9-b2-0.99/s43/receipt.json"",""request.json"":""logs/cosine/sync/h20/lr-0.005-b1-0.9-b2-0.99/s43/request.json"",""environment.json"":""shared/environment-d26bd0119802b8ac18cdbe7149b18ca6e86ef62fc15c0f5d13391176fea49f7c.json""}"
sync-cosine-h20--0.005--0.9--0.99--s44,sync,20,1770319.966355277,1433411.9801244745,1139334.8622019459,99.90990860799502,458.8998507770011,39.47825336456299,2548061,2026-09-16,"{""metrics.jsonl"":""logs/cosine/sync/h20/lr-0.005-b1-0.9-b2-0.99/s44/metrics.jsonl"",""result.json"":""logs/cosine/sync/h20/lr-0.005-b1-0.9-b2-0.99/s44/result.json"",""resolved.yaml"":""logs/cosine/sync/h20/lr-0.005-b1-0.9-b2-0.99/s44/resolved.yaml"",""receipt.json"":""logs/cosine/sync/h20/lr-0.005-b1-0.9-b2-0.99/s44/receipt.json"",""request.json"":""logs/cosine/sync/h20/lr-0.005-b1-0.9-b2-0.99/s44/request.json"",""environment.json"":""shared/environment-a1f459e3565f58e2085766a62c307bbf03236ec31845413cf157ef2f30b93914.json""}"
sync-cosine-h20--0.005--0.9--0.999--s42,sync,20,1738363.5882349256,1415895.0839758215,1309368.270801262,101.73239714500232,413.897721415,39.47825336456299,2548136,2026-09-16,"{""metrics.jsonl"":""logs/cosine/sync/h20/lr-0.005-b1-0.9-b2-0.999/s42/metrics.jsonl"",""result.json"":""logs/cosine/sync/h20/lr-0.005-b1-0.9-b2-0.999/s42/result.json"",""resolved.yaml"":""logs/cosine/sync/h20/lr-0.005-b1-0.9-b2-0.999/s42/resolved.yaml"",""receipt.json"":""logs/cosine/sync/h20/lr-0.005-b1-0.9-b2-0.999/s42/receipt.json"",""request.json"":""logs/cosine/sync/h20/lr-0.005-b1-0.9-b2-0.999/s42/request.json"",""environment.json"":""shared/environment-beebbf66381b57f1e3d2c109305513f273bf0744a71cb3070f9004ff499034a1.json""}"
sync-cosine-h20--0.005--0.9--0.999--s43,sync,20,1765055.8148742362,1432052.1194875017,1326288.5760897293,100.50165704400024,408.84847582299994,39.47825336456299,2548142,2026-09-16,"{""metrics.jsonl"":""logs/cosine/sync/h20/lr-0.005-b1-0.9-b2-0.999/s43/metrics.jsonl"",""result.json"":""logs/cosine/sync/h20/lr-0.005-b1-0.9-b2-0.999/s43/result.json"",""resolved.yaml"":""logs/cosine/sync/h20/lr-0.005-b1-0.9-b2-0.999/s43/resolved.yaml"",""receipt.json"":""logs/cosine/sync/h20/lr-0.005-b1-0.9-b2-0.999/s43/receipt.json"",""request.json"":""logs/cosine/sync/h20/lr-0.005-b1-0.9-b2-0.999/s43/request.json"",""environment.json"":""shared/environment-9228899a67e82a78c1ed5b6a6f2cd1ea672ea58b9ed5c2bbf4909dc87426a70e.json""}"
sync-cosine-h20--0.005--0.9--0.999--s44,sync,20,1716806.9663518262,1400804.7459947933,1297910.7869596854,102.7261590739945,417.8073639330105,39.47825336456299,2548146,2026-09-16,"{""metrics.jsonl"":""logs/cosine/sync/h20/lr-0.005-b1-0.9-b2-0.999/s44/metrics.jsonl"",""result.json"":""logs/cosine/sync/h20/lr-0.005-b1-0.9-b2-0.999/s44/result.json"",""resolved.yaml"":""logs/cosine/sync/h20/lr-0.005-b1-0.9-b2-0.999/s44/resolved.yaml"",""receipt.json"":""logs/cosine/sync/h20/lr-0.005-b1-0.9-b2-0.999/s44/receipt.json"",""request.json"":""logs/cosine/sync/h20/lr-0.005-b1-0.9-b2-0.999/s44/request.json"",""environment.json"":""shared/environment-7760172dff865779ab80eed051dd0a897d1d67760a56f1eecc09a2fef3f2c348.json""}"
sync-cosine-h20--0.006--0.9--0.98--s42,sync,20,1758704.8379327892,1424500.5066970927,1317281.9112397865,102.17456755098829,412.5904585420067,39.47825336456299,2548023,2026-09-16,"{""metrics.jsonl"":""logs/cosine/sync/h20/lr-0.006-b1-0.9-b2-0.98/s42/metrics.jsonl"",""result.json"":""logs/cosine/sync/h20/lr-0.006-b1-0.9-b2-0.98/s42/result.json"",""resolved.yaml"":""logs/cosine/sync/h20/lr-0.006-b1-0.9-b2-0.98/s42/resolved.yaml"",""receipt.json"":""logs/cosine/sync/h20/lr-0.006-b1-0.9-b2-0.98/s42/receipt.json"",""request.json"":""logs/cosine/sync/h20/lr-0.006-b1-0.9-b2-0.98/s42/request.json"",""environment.json"":""shared/environment-8f92ffbc6efdcb550a75e13ae6e6884dda16fb831c80c4b9ecbcaf6822283901.json""}"
sync-cosine-h20--0.006--0.9--0.98--s43,sync,20,1764647.8249022404,1427591.123903885,1320858.9227396478,101.27819555600581,410.8895088119898,39.47825336456299,2548032,2026-09-16,"{""metrics.jsonl"":""logs/cosine/sync/h20/lr-0.006-b1-0.9-b2-0.98/s43/metrics.jsonl"",""result.json"":""logs/cosine/sync/h20/lr-0.006-b1-0.9-b2-0.98/s43/result.json"",""resolved.yaml"":""logs/cosine/sync/h20/lr-0.006-b1-0.9-b2-0.98/s43/resolved.yaml"",""receipt.json"":""logs/cosine/sync/h20/lr-0.006-b1-0.9-b2-0.98/s43/receipt.json"",""request.json"":""logs/cosine/sync/h20/lr-0.006-b1-0.9-b2-0.98/s43/request.json"",""environment.json"":""shared/environment-645b1b2a36a0a3f2802143570ef23ecdd3314c355492d4e00db5a63a93b29a67.json""}"
sync-cosine-h20--0.006--0.9--0.98--s44,sync,20,1720941.3573036408,1401149.9948350308,1145536.899815656,102.7579755540064,459.787825722,39.47825336456299,2548034,2026-09-16,"{""metrics.jsonl"":""logs/cosine/sync/h20/lr-0.006-b1-0.9-b2-0.98/s44/metrics.jsonl"",""result.json"":""logs/cosine/sync/h20/lr-0.006-b1-0.9-b2-0.98/s44/result.json"",""resolved.yaml"":""logs/cosine/sync/h20/lr-0.006-b1-0.9-b2-0.98/s44/resolved.yaml"",""receipt.json"":""logs/cosine/sync/h20/lr-0.006-b1-0.9-b2-0.98/s44/receipt.json"",""request.json"":""logs/cosine/sync/h20/lr-0.006-b1-0.9-b2-0.98/s44/request.json"",""environment.json"":""shared/environment-05b77230861eba8287b60a8a9d1a6bd00fcebcabe03bec98c3aabf19bbe3078e.json""}"
sync-cosine-h20--0.006--0.9--0.99--s42,sync,20,1725328.8907497274,1403924.6300280462,1145665.2153250547,102.88617181999143,459.89806540899735,39.47825336456299,2548067,2026-09-16,"{""metrics.jsonl"":""logs/cosine/sync/h20/lr-0.006-b1-0.9-b2-0.99/s42/metrics.jsonl"",""result.json"":""logs/cosine/sync/h20/lr-0.006-b1-0.9-b2-0.99/s42/result.json"",""resolved.yaml"":""logs/cosine/sync/h20/lr-0.006-b1-0.9-b2-0.99/s42/resolved.yaml"",""receipt.json"":""logs/cosine/sync/h20/lr-0.006-b1-0.9-b2-0.99/s42/receipt.json"",""request.json"":""logs/cosine/sync/h20/lr-0.006-b1-0.9-b2-0.99/s42/request.json"",""environment.json"":""shared/environment-80e920ebe5420858379413cdf5b0b1b79df81be944db8c9990b837b357b715e6.json""}"
sync-cosine-h20--0.006--0.9--0.99--s43,sync,20,1763097.9518662696,1428498.2605847088,1322112.5903681465,100.53354377900541,410.03193392299,39.47825336456299,2548070,2026-09-16,"{""metrics.jsonl"":""logs/cosine/sync/h20/lr-0.006-b1-0.9-b2-0.99/s43/metrics.jsonl"",""result.json"":""logs/cosine/sync/h20/lr-0.006-b1-0.9-b2-0.99/s43/result.json"",""resolved.yaml"":""logs/cosine/sync/h20/lr-0.006-b1-0.9-b2-0.99/s43/resolved.yaml"",""receipt.json"":""logs/cosine/sync/h20/lr-0.006-b1-0.9-b2-0.99/s43/receipt.json"",""request.json"":""logs/cosine/sync/h20/lr-0.006-b1-0.9-b2-0.99/s43/request.json"",""environment.json"":""shared/environment-ce111296a3865956e61fabe2be34cb360123a837b1d5f85c88d10453b09b2ada.json""}"
sync-cosine-h20--0.006--0.9--0.99--s44,sync,20,1751074.975402441,1421022.6372478106,1161435.4992442934,100.79868136600271,452.97501694400125,39.47825336456299,2548074,2026-09-16,"{""metrics.jsonl"":""logs/cosine/sync/h20/lr-0.006-b1-0.9-b2-0.99/s44/metrics.jsonl"",""result.json"":""logs/cosine/sync/h20/lr-0.006-b1-0.9-b2-0.99/s44/result.json"",""resolved.yaml"":""logs/cosine/sync/h20/lr-0.006-b1-0.9-b2-0.99/s44/resolved.yaml"",""receipt.json"":""logs/cosine/sync/h20/lr-0.006-b1-0.9-b2-0.99/s44/receipt.json"",""request.json"":""logs/cosine/sync/h20/lr-0.006-b1-0.9-b2-0.99/s44/request.json"",""environment.json"":""shared/environment-dbe652b6594171b5303228eae520cb002f11ad34ab214b089d530889a77fd585.json""}"
sync-cosine-h20--0.006--0.9--0.999--s42,sync,20,1776976.1251017645,1440597.624658317,1333737.13625652,99.96416629500163,406.6031509949971,39.47825336456299,2548147,2026-09-16,"{""metrics.jsonl"":""logs/cosine/sync/h20/lr-0.006-b1-0.9-b2-0.999/s42/metrics.jsonl"",""result.json"":""logs/cosine/sync/h20/lr-0.006-b1-0.9-b2-0.999/s42/result.json"",""resolved.yaml"":""logs/cosine/sync/h20/lr-0.006-b1-0.9-b2-0.999/s42/resolved.yaml"",""receipt.json"":""logs/cosine/sync/h20/lr-0.006-b1-0.9-b2-0.999/s42/receipt.json"",""request.json"":""logs/cosine/sync/h20/lr-0.006-b1-0.9-b2-0.999/s42/request.json"",""environment.json"":""shared/environment-986fa3a28da505bd79823b3073dfa44e3805142d3cb1f1f6dfa29d5982ca6e2c.json""}"
sync-cosine-h20--0.006--0.9--0.999--s43,sync,20,1748951.829913475,1422596.8765422837,1316926.0224898395,101.06315757299308,411.56650871298916,39.47825336456299,2548155,2026-09-16,"{""metrics.jsonl"":""logs/cosine/sync/h20/lr-0.006-b1-0.9-b2-0.999/s43/metrics.jsonl"",""result.json"":""logs/cosine/sync/h20/lr-0.006-b1-0.9-b2-0.999/s43/result.json"",""resolved.yaml"":""logs/cosine/sync/h20/lr-0.006-b1-0.9-b2-0.999/s43/resolved.yaml"",""receipt.json"":""logs/cosine/sync/h20/lr-0.006-b1-0.9-b2-0.999/s43/receipt.json"",""request.json"":""logs/cosine/sync/h20/lr-0.006-b1-0.9-b2-0.999/s43/request.json"",""environment.json"":""shared/environment-2791972ede9a472c5403c9647aa3a4e96b00bf69f47c3fe3de628d8b4dc98dd7.json""}"
sync-cosine-h20--0.006--0.9--0.999--s44,sync,20,1749320.0732585553,1422537.093470912,1316906.6222155152,101.83305696499883,412.37036712998815,39.47825336456299,2548160,2026-09-16,"{""metrics.jsonl"":""logs/cosine/sync/h20/lr-0.006-b1-0.9-b2-0.999/s44/metrics.jsonl"",""result.json"":""logs/cosine/sync/h20/lr-0.006-b1-0.9-b2-0.999/s44/result.json"",""resolved.yaml"":""logs/cosine/sync/h20/lr-0.006-b1-0.9-b2-0.999/s44/resolved.yaml"",""receipt.json"":""logs/cosine/sync/h20/lr-0.006-b1-0.9-b2-0.999/s44/receipt.json"",""request.json"":""logs/cosine/sync/h20/lr-0.006-b1-0.9-b2-0.999/s44/request.json"",""environment.json"":""shared/environment-4f0919b3826bea2df652eccb9c87c12051413e302d88640b39edef47b55c9045.json""}"
sync-cosine-h20--0.007--0.9--0.98--s42,sync,20,1778661.833751308,1438879.9785878318,1331914.482144016,103.7681562170037,410.9890475909924,39.47825336456299,2548035,2026-09-16,"{""metrics.jsonl"":""logs/cosine/sync/h20/lr-0.007-b1-0.9-b2-0.98/s42/metrics.jsonl"",""result.json"":""logs/cosine/sync/h20/lr-0.007-b1-0.9-b2-0.98/s42/result.json"",""resolved.yaml"":""logs/cosine/sync/h20/lr-0.007-b1-0.9-b2-0.98/s42/resolved.yaml"",""receipt.json"":""logs/cosine/sync/h20/lr-0.007-b1-0.9-b2-0.98/s42/receipt.json"",""request.json"":""logs/cosine/sync/h20/lr-0.007-b1-0.9-b2-0.98/s42/request.json"",""environment.json"":""shared/environment-c90c5fdddf0d9b4da3708214d7116efa1d42d7590535d5e95db6b9ff88bf8547.json""}"
sync-cosine-h20--0.007--0.9--0.98--s43,sync,20,1782412.3520616284,1441575.8891556817,1333126.895595001,101.60270050899999,408.5447626820096,39.47825336456299,2548036,2026-09-16,"{""metrics.jsonl"":""logs/cosine/sync/h20/lr-0.007-b1-0.9-b2-0.98/s43/metrics.jsonl"",""result.json"":""logs/cosine/sync/h20/lr-0.007-b1-0.9-b2-0.98/s43/result.json"",""resolved.yaml"":""logs/cosine/sync/h20/lr-0.007-b1-0.9-b2-0.98/s43/resolved.yaml"",""receipt.json"":""logs/cosine/sync/h20/lr-0.007-b1-0.9-b2-0.98/s43/receipt.json"",""request.json"":""logs/cosine/sync/h20/lr-0.007-b1-0.9-b2-0.98/s43/request.json"",""environment.json"":""shared/environment-4c1ebc869dcad659ba047d57cd1ee8a47c5a3c2fc93be2fade72732fe3948c88.json""}"
sync-cosine-h20--0.007--0.9--0.98--s44,sync,20,1770171.9682479734,1433250.222281922,1203586.9133659622,100.20699620399682,440.0949173199988,39.47825336456299,2548037,2026-09-16,"{""metrics.jsonl"":""logs/cosine/sync/h20/lr-0.007-b1-0.9-b2-0.98/s44/metrics.jsonl"",""result.json"":""logs/cosine/sync/h20/lr-0.007-b1-0.9-b2-0.98/s44/result.json"",""resolved.yaml"":""logs/cosine/sync/h20/lr-0.007-b1-0.9-b2-0.98/s44/resolved.yaml"",""receipt.json"":""logs/cosine/sync/h20/lr-0.007-b1-0.9-b2-0.98/s44/receipt.json"",""request.json"":""logs/cosine/sync/h20/lr-0.007-b1-0.9-b2-0.98/s44/request.json"",""environment.json"":""shared/environment-ae33472af62531e3b41f3de277dccb4ef181238bf476f9b53e756d2e47ff7b10.json""}"
sync-cosine-h20--0.007--0.9--0.99--s42,sync,20,1737107.4509106027,1418552.2705149238,1138067.3532993796,100.91793633101042,460.16516079999565,39.47825336456299,2548075,2026-09-16,"{""metrics.jsonl"":""logs/cosine/sync/h20/lr-0.007-b1-0.9-b2-0.99/s42/metrics.jsonl"",""result.json"":""logs/cosine/sync/h20/lr-0.007-b1-0.9-b2-0.99/s42/result.json"",""resolved.yaml"":""logs/cosine/sync/h20/lr-0.007-b1-0.9-b2-0.99/s42/resolved.yaml"",""receipt.json"":""logs/cosine/sync/h20/lr-0.007-b1-0.9-b2-0.99/s42/receipt.json"",""request.json"":""logs/cosine/sync/h20/lr-0.007-b1-0.9-b2-0.99/s42/request.json"",""environment.json"":""shared/environment-b767e6d7578b97c3a2b9579796b4c96ed43d3ff6b09764ea508a9df009f2859c.json""}"
sync-cosine-h20--0.007--0.9--0.99--s43,sync,20,1773672.9908901427,1442791.7989884594,1179204.6789509694,100.15270537700417,446.8663250680038,39.47825336456299,2548082,2026-09-16,"{""metrics.jsonl"":""logs/cosine/sync/h20/lr-0.007-b1-0.9-b2-0.99/s43/metrics.jsonl"",""result.json"":""logs/cosine/sync/h20/lr-0.007-b1-0.9-b2-0.99/s43/result.json"",""resolved.yaml"":""logs/cosine/sync/h20/lr-0.007-b1-0.9-b2-0.99/s43/resolved.yaml"",""receipt.json"":""logs/cosine/sync/h20/lr-0.007-b1-0.9-b2-0.99/s43/receipt.json"",""request.json"":""logs/cosine/sync/h20/lr-0.007-b1-0.9-b2-0.99/s43/request.json"",""environment.json"":""shared/environment-9252b0920579773e8eca675c79694d5aa3f693501c15d305c3c5060878b282d6.json""}"
sync-cosine-h20--0.007--0.9--0.99--s44,sync,20,1772880.1409675847,1441909.1632513457,1160770.6216818483,99.94517721800366,452.1311325890056,39.47825336456299,2548085,2026-09-16,"{""metrics.jsonl"":""logs/cosine/sync/h20/lr-0.007-b1-0.9-b2-0.99/s44/metrics.jsonl"",""result.json"":""logs/cosine/sync/h20/lr-0.007-b1-0.9-b2-0.99/s44/result.json"",""resolved.yaml"":""logs/cosine/sync/h20/lr-0.007-b1-0.9-b2-0.99/s44/resolved.yaml"",""receipt.json"":""logs/cosine/sync/h20/lr-0.007-b1-0.9-b2-0.99/s44/receipt.json"",""request.json"":""logs/cosine/sync/h20/lr-0.007-b1-0.9-b2-0.99/s44/request.json"",""environment.json"":""shared/environment-8a11671fefdedd6da31c90e9830dc039975a2074920ed0a5ac3c4344ca2e9da0.json""}"
sync-cosine-h20--0.007--0.9--0.999--s42,sync,20,1740056.559008541,1416251.7462530343,1308203.528908424,102.12873450500774,414.7281147360045,39.47825336456299,2548165,2026-09-16,"{""metrics.jsonl"":""logs/cosine/sync/h20/lr-0.007-b1-0.9-b2-0.999/s42/metrics.jsonl"",""result.json"":""logs/cosine/sync/h20/lr-0.007-b1-0.9-b2-0.999/s42/result.json"",""resolved.yaml"":""logs/cosine/sync/h20/lr-0.007-b1-0.9-b2-0.999/s42/resolved.yaml"",""receipt.json"":""logs/cosine/sync/h20/lr-0.007-b1-0.9-b2-0.999/s42/receipt.json"",""request.json"":""logs/cosine/sync/h20/lr-0.007-b1-0.9-b2-0.999/s42/request.json"",""environment.json"":""shared/environment-f416145f0ffee84760e1471fb4960acbff593c9aeafa7711f712b9e95a41fdbd.json""}"
sync-cosine-h20--0.007--0.9--0.999--s43,sync,20,1776766.0809396647,1644753.5185244747,1507649.122780227,100.15856638399418,370.8767715409922,39.47825336456299,2548169,2026-09-16,"{""metrics.jsonl"":""logs/cosine/sync/h20/lr-0.007-b1-0.9-b2-0.999/s43/metrics.jsonl"",""result.json"":""logs/cosine/sync/h20/lr-0.007-b1-0.9-b2-0.999/s43/result.json"",""resolved.yaml"":""logs/cosine/sync/h20/lr-0.007-b1-0.9-b2-0.999/s43/resolved.yaml"",""receipt.json"":""logs/cosine/sync/h20/lr-0.007-b1-0.9-b2-0.999/s43/receipt.json"",""request.json"":""logs/cosine/sync/h20/lr-0.007-b1-0.9-b2-0.999/s43/request.json"",""environment.json"":""shared/environment-2d62a473126d9d11115c8d0e53a11b08f036a1de30c037576d265c81b717ecea.json""}"
sync-cosine-h20--0.007--0.9--0.999--s44,sync,20,1770388.4863160097,1642177.407953023,1506963.6706108917,99.77052244500373,370.5839071309965,39.47825336456299,2548183,2026-09-16,"{""metrics.jsonl"":""logs/cosine/sync/h20/lr-0.007-b1-0.9-b2-0.999/s44/metrics.jsonl"",""result.json"":""logs/cosine/sync/h20/lr-0.007-b1-0.9-b2-0.999/s44/result.json"",""resolved.yaml"":""logs/cosine/sync/h20/lr-0.007-b1-0.9-b2-0.999/s44/resolved.yaml"",""receipt.json"":""logs/cosine/sync/h20/lr-0.007-b1-0.9-b2-0.999/s44/receipt.json"",""request.json"":""logs/cosine/sync/h20/lr-0.007-b1-0.9-b2-0.999/s44/request.json"",""environment.json"":""shared/environment-9216da814fa4ce7ac3ba2266cd41899b1d14e572af1ee5feb3ecb94c0ae761e7.json""}"
sync-cosine-h20--0.008--0.9--0.98--s42,sync,20,1773097.6226217353,1434912.1199099808,1200617.7150700327,99.3377867809977,440.02817886200137,39.47825336456299,2548039,2026-09-16,"{""metrics.jsonl"":""logs/cosine/sync/h20/lr-0.008-b1-0.9-b2-0.98/s42/metrics.jsonl"",""result.json"":""logs/cosine/sync/h20/lr-0.008-b1-0.9-b2-0.98/s42/result.json"",""resolved.yaml"":""logs/cosine/sync/h20/lr-0.008-b1-0.9-b2-0.98/s42/resolved.yaml"",""receipt.json"":""logs/cosine/sync/h20/lr-0.008-b1-0.9-b2-0.98/s42/receipt.json"",""request.json"":""logs/cosine/sync/h20/lr-0.008-b1-0.9-b2-0.98/s42/request.json"",""environment.json"":""shared/environment-d2b8f2d5ba95b5473e3e533df986c363ca77e871fe6d0eb6f10131999c8d679a.json""}"
sync-cosine-h20--0.008--0.9--0.98--s43,sync,20,1713218.4309966543,1395511.489108672,1156881.6722981778,101.42515457399713,454.98999814799754,39.47825336456299,2548041,2026-09-16,"{""metrics.jsonl"":""logs/cosine/sync/h20/lr-0.008-b1-0.9-b2-0.98/s43/metrics.jsonl"",""result.json"":""logs/cosine/sync/h20/lr-0.008-b1-0.9-b2-0.98/s43/result.json"",""resolved.yaml"":""logs/cosine/sync/h20/lr-0.008-b1-0.9-b2-0.98/s43/resolved.yaml"",""receipt.json"":""logs/cosine/sync/h20/lr-0.008-b1-0.9-b2-0.98/s43/receipt.json"",""request.json"":""logs/cosine/sync/h20/lr-0.008-b1-0.9-b2-0.98/s43/request.json"",""environment.json"":""shared/environment-87f2903d4ee2b9eece77d20429126968591d9ac0cd797127ceb8b01d5bafd4d3.json""}"
sync-cosine-h20--0.008--0.9--0.98--s44,sync,20,1768196.6133073287,1432227.1450580205,1182109.5190353482,99.03439743600029,444.81844181800034,39.47825336456299,2548042,2026-09-16,"{""metrics.jsonl"":""logs/cosine/sync/h20/lr-0.008-b1-0.9-b2-0.98/s44/metrics.jsonl"",""result.json"":""logs/cosine/sync/h20/lr-0.008-b1-0.9-b2-0.98/s44/result.json"",""resolved.yaml"":""logs/cosine/sync/h20/lr-0.008-b1-0.9-b2-0.98/s44/resolved.yaml"",""receipt.json"":""logs/cosine/sync/h20/lr-0.008-b1-0.9-b2-0.98/s44/receipt.json"",""request.json"":""logs/cosine/sync/h20/lr-0.008-b1-0.9-b2-0.98/s44/request.json"",""environment.json"":""shared/environment-3934189b1c21a9cfef71528e103d2d8eedbde7868496047f0ef17803e2e5fdd6.json""}"
sync-cosine-h20--0.008--0.9--0.99--s42,sync,20,1752325.2638701077,1428329.925727055,1189418.4686231432,101.06031837699993,444.7726617120061,39.47825336456299,2548089,2026-09-16,"{""metrics.jsonl"":""logs/cosine/sync/h20/lr-0.008-b1-0.9-b2-0.99/s42/metrics.jsonl"",""result.json"":""logs/cosine/sync/h20/lr-0.008-b1-0.9-b2-0.99/s42/result.json"",""resolved.yaml"":""logs/cosine/sync/h20/lr-0.008-b1-0.9-b2-0.99/s42/resolved.yaml"",""receipt.json"":""logs/cosine/sync/h20/lr-0.008-b1-0.9-b2-0.99/s42/receipt.json"",""request.json"":""logs/cosine/sync/h20/lr-0.008-b1-0.9-b2-0.99/s42/request.json"",""environment.json"":""shared/environment-03df328cc1205a5cfc98fca06c33f5e19c32afb69ddb18a9c0b5636c680260a2.json""}"
sync-cosine-h20--0.008--0.9--0.99--s43,sync,20,1732133.363131297,1416590.117769971,1153030.6636285249,101.79594976900262,456.30211443699955,39.47825336456299,2548091,2026-09-16,"{""metrics.jsonl"":""logs/cosine/sync/h20/lr-0.008-b1-0.9-b2-0.99/s43/metrics.jsonl"",""result.json"":""logs/cosine/sync/h20/lr-0.008-b1-0.9-b2-0.99/s43/result.json"",""resolved.yaml"":""logs/cosine/sync/h20/lr-0.008-b1-0.9-b2-0.99/s43/resolved.yaml"",""receipt.json"":""logs/cosine/sync/h20/lr-0.008-b1-0.9-b2-0.99/s43/receipt.json"",""request.json"":""logs/cosine/sync/h20/lr-0.008-b1-0.9-b2-0.99/s43/request.json"",""environment.json"":""shared/environment-7d1edb6548d6b6cdd223d7f54dcacbf6ea29094d3501baeebc5cc2dd0d7ab249.json""}"
sync-cosine-h20--0.008--0.9--0.99--s44,sync,20,1729096.5364168696,1415057.7096816828,1204198.2310759404,102.02587032799784,441.47624948900193,39.47825336456299,2548093,2026-09-16,"{""metrics.jsonl"":""logs/cosine/sync/h20/lr-0.008-b1-0.9-b2-0.99/s44/metrics.jsonl"",""result.json"":""logs/cosine/sync/h20/lr-0.008-b1-0.9-b2-0.99/s44/result.json"",""resolved.yaml"":""logs/cosine/sync/h20/lr-0.008-b1-0.9-b2-0.99/s44/resolved.yaml"",""receipt.json"":""logs/cosine/sync/h20/lr-0.008-b1-0.9-b2-0.99/s44/receipt.json"",""request.json"":""logs/cosine/sync/h20/lr-0.008-b1-0.9-b2-0.99/s44/request.json"",""environment.json"":""shared/environment-ba63c0fa797f96be002d1e0ab176d84fc6c8c7c2c114700c584e811188fedb65.json""}"
sync-cosine-h20--0.008--0.9--0.999--s42,sync,20,1775256.0959600525,1639438.306191858,1504877.705516578,99.25773279199711,370.44972336700084,39.47825336456299,2548187,2026-09-16,"{""metrics.jsonl"":""logs/cosine/sync/h20/lr-0.008-b1-0.9-b2-0.999/s42/metrics.jsonl"",""result.json"":""logs/cosine/sync/h20/lr-0.008-b1-0.9-b2-0.999/s42/result.json"",""resolved.yaml"":""logs/cosine/sync/h20/lr-0.008-b1-0.9-b2-0.999/s42/resolved.yaml"",""receipt.json"":""logs/cosine/sync/h20/lr-0.008-b1-0.9-b2-0.999/s42/receipt.json"",""request.json"":""logs/cosine/sync/h20/lr-0.008-b1-0.9-b2-0.999/s42/request.json"",""environment.json"":""shared/environment-568bdcca91c88f94327a7690cdcacbae285bc65ddc06b4040ceb02e8f5cb6e1a.json""}"
sync-cosine-h20--0.008--0.9--0.999--s43,sync,20,1714766.4370614875,1586559.3855902655,1456635.1755528636,101.76732993099722,381.954575848009,39.47825336456299,2548194,2026-09-16,"{""metrics.jsonl"":""logs/cosine/sync/h20/lr-0.008-b1-0.9-b2-0.999/s43/metrics.jsonl"",""result.json"":""logs/cosine/sync/h20/lr-0.008-b1-0.9-b2-0.999/s43/result.json"",""resolved.yaml"":""logs/cosine/sync/h20/lr-0.008-b1-0.9-b2-0.999/s43/resolved.yaml"",""receipt.json"":""logs/cosine/sync/h20/lr-0.008-b1-0.9-b2-0.999/s43/receipt.json"",""request.json"":""logs/cosine/sync/h20/lr-0.008-b1-0.9-b2-0.999/s43/request.json"",""environment.json"":""shared/environment-5ee3637657a11967b3c596e24aee0e6288e5e2ff5d72c356f4e6fcd010bc55e2.json""}"
sync-cosine-h20--0.008--0.9--0.999--s44,sync,20,1757893.5717214986,1627039.4911865685,1492553.732872484,100.46190773700073,373.8904669860003,39.47825336456299,2548199,2026-09-16,"{""metrics.jsonl"":""logs/cosine/sync/h20/lr-0.008-b1-0.9-b2-0.999/s44/metrics.jsonl"",""result.json"":""logs/cosine/sync/h20/lr-0.008-b1-0.9-b2-0.999/s44/result.json"",""resolved.yaml"":""logs/cosine/sync/h20/lr-0.008-b1-0.9-b2-0.999/s44/resolved.yaml"",""receipt.json"":""logs/cosine/sync/h20/lr-0.008-b1-0.9-b2-0.999/s44/receipt.json"",""request.json"":""logs/cosine/sync/h20/lr-0.008-b1-0.9-b2-0.999/s44/request.json"",""environment.json"":""shared/environment-35e5a857c6386fe27015eccee72e3d014f48f8d2bc45772ea7677fcfde8cd69f.json""}"
sync-cosine-h20--0.009--0.9--0.98--s42,sync,20,1775917.3079927135,1453296.10044995,1343565.4591071927,100.36453571100719,404.5864569800033,39.47825336456299,2565609,2026-09-16,"{""metrics.jsonl"":""logs/cosine/sync/h20/lr-0.009-b1-0.9-b2-0.98/s42/metrics.jsonl"",""result.json"":""logs/cosine/sync/h20/lr-0.009-b1-0.9-b2-0.98/s42/result.json"",""resolved.yaml"":""logs/cosine/sync/h20/lr-0.009-b1-0.9-b2-0.98/s42/resolved.yaml"",""receipt.json"":""logs/cosine/sync/h20/lr-0.009-b1-0.9-b2-0.98/s42/receipt.json"",""request.json"":""logs/cosine/sync/h20/lr-0.009-b1-0.9-b2-0.98/s42/request.json"",""environment.json"":""shared/environment-42522e5eaaf8a268c4fcdcd9bd3f50e4f65af13a7e63ee4fab3a4893c366e56b.json""}"
sync-cosine-h20--0.009--0.9--0.98--s43,sync,20,1742169.4444481744,1430581.183549278,1324554.8735662375,100.70118650200311,409.2579279890051,39.47825336456299,2565610,2026-09-16,"{""metrics.jsonl"":""logs/cosine/sync/h20/lr-0.009-b1-0.9-b2-0.98/s43/metrics.jsonl"",""result.json"":""logs/cosine/sync/h20/lr-0.009-b1-0.9-b2-0.98/s43/result.json"",""resolved.yaml"":""logs/cosine/sync/h20/lr-0.009-b1-0.9-b2-0.98/s43/resolved.yaml"",""receipt.json"":""logs/cosine/sync/h20/lr-0.009-b1-0.9-b2-0.98/s43/receipt.json"",""request.json"":""logs/cosine/sync/h20/lr-0.009-b1-0.9-b2-0.98/s43/request.json"",""environment.json"":""shared/environment-4a92bda61a0b510aa532a366adceb095d4cc5adae9cfd343938b542a255407ca.json""}"
sync-cosine-h20--0.009--0.9--0.98--s44,sync,20,1790968.7994703362,1654747.7275905802,1517161.452881803,98.6744623239938,367.66927975,39.47825336456299,2565611,2026-09-16,"{""metrics.jsonl"":""logs/cosine/sync/h20/lr-0.009-b1-0.9-b2-0.98/s44/metrics.jsonl"",""result.json"":""logs/cosine/sync/h20/lr-0.009-b1-0.9-b2-0.98/s44/result.json"",""resolved.yaml"":""logs/cosine/sync/h20/lr-0.009-b1-0.9-b2-0.98/s44/resolved.yaml"",""receipt.json"":""logs/cosine/sync/h20/lr-0.009-b1-0.9-b2-0.98/s44/receipt.json"",""request.json"":""logs/cosine/sync/h20/lr-0.009-b1-0.9-b2-0.98/s44/request.json"",""environment.json"":""shared/environment-58dc9248de26a8509204b1b635436130a45c08f9d6e2c8e2777912bb0ec07423.json""}"
sync-cosine-h20--0.009--0.9--0.99--s42,sync,20,1749886.683021445,1624229.0651757189,1488684.773421958,102.20404932300153,376.3670576170116,39.47825336456299,2565615,2026-09-16,"{""metrics.jsonl"":""logs/cosine/sync/h20/lr-0.009-b1-0.9-b2-0.99/s42/metrics.jsonl"",""result.json"":""logs/cosine/sync/h20/lr-0.009-b1-0.9-b2-0.99/s42/result.json"",""resolved.yaml"":""logs/cosine/sync/h20/lr-0.009-b1-0.9-b2-0.99/s42/resolved.yaml"",""receipt.json"":""logs/cosine/sync/h20/lr-0.009-b1-0.9-b2-0.99/s42/receipt.json"",""request.json"":""logs/cosine/sync/h20/lr-0.009-b1-0.9-b2-0.99/s42/request.json"",""environment.json"":""shared/environment-78257106beb58073571770f1794b566e1f8acdf6fb11c980a3770b75001fa755.json""}"
sync-cosine-h20--0.009--0.9--0.99--s43,sync,20,1740364.1440008439,1428324.3034587305,1322297.104868876,101.66998240500106,410.8412455649959,39.47825336456299,2565616,2026-09-16,"{""metrics.jsonl"":""logs/cosine/sync/h20/lr-0.009-b1-0.9-b2-0.99/s43/metrics.jsonl"",""result.json"":""logs/cosine/sync/h20/lr-0.009-b1-0.9-b2-0.99/s43/result.json"",""resolved.yaml"":""logs/cosine/sync/h20/lr-0.009-b1-0.9-b2-0.99/s43/resolved.yaml"",""receipt.json"":""logs/cosine/sync/h20/lr-0.009-b1-0.9-b2-0.99/s43/receipt.json"",""request.json"":""logs/cosine/sync/h20/lr-0.009-b1-0.9-b2-0.99/s43/request.json"",""environment.json"":""shared/environment-a8f398cff0d5c8c6d6b4c13809e3b032eb4a34283d19b3d2a184bbde8cefbb50.json""}"
sync-cosine-h20--0.009--0.9--0.99--s44,sync,20,1739061.7277671478,1428154.3053034006,1321867.271820044,101.26062377900234,410.53845723200357,39.47825336456299,2565617,2026-09-16,"{""metrics.jsonl"":""logs/cosine/sync/h20/lr-0.009-b1-0.9-b2-0.99/s44/metrics.jsonl"",""result.json"":""logs/cosine/sync/h20/lr-0.009-b1-0.9-b2-0.99/s44/result.json"",""resolved.yaml"":""logs/cosine/sync/h20/lr-0.009-b1-0.9-b2-0.99/s44/resolved.yaml"",""receipt.json"":""logs/cosine/sync/h20/lr-0.009-b1-0.9-b2-0.99/s44/receipt.json"",""request.json"":""logs/cosine/sync/h20/lr-0.009-b1-0.9-b2-0.99/s44/request.json"",""environment.json"":""shared/environment-ba4385de25fc179d4f9dd8174c2e40747efc644cb0b7a02ac97b9d336fe0f60e.json""}"
sync-cosine-h20--0.009--0.9--0.999--s42,sync,20,1723496.417763741,1421679.7338094458,1315895.4562767926,102.44116747799853,413.0703869019999,39.47825336456299,2565621,2026-09-16,"{""metrics.jsonl"":""logs/cosine/sync/h20/lr-0.009-b1-0.9-b2-0.999/s42/metrics.jsonl"",""result.json"":""logs/cosine/sync/h20/lr-0.009-b1-0.9-b2-0.999/s42/result.json"",""resolved.yaml"":""logs/cosine/sync/h20/lr-0.009-b1-0.9-b2-0.999/s42/resolved.yaml"",""receipt.json"":""logs/cosine/sync/h20/lr-0.009-b1-0.9-b2-0.999/s42/receipt.json"",""request.json"":""logs/cosine/sync/h20/lr-0.009-b1-0.9-b2-0.999/s42/request.json"",""environment.json"":""shared/environment-04e6d15f2989d57f9ca48b5fd7c76543218e814a899c2cfa0b3ffc0a2b4822d8.json""}"
sync-cosine-h20--0.009--0.9--0.999--s43,sync,20,1741490.1654291223,1434014.5932390664,1326731.108272431,102.01226991200383,410.12271078900085,39.47825336456299,2565622,2026-09-16,"{""metrics.jsonl"":""logs/cosine/sync/h20/lr-0.009-b1-0.9-b2-0.999/s43/metrics.jsonl"",""result.json"":""logs/cosine/sync/h20/lr-0.009-b1-0.9-b2-0.999/s43/result.json"",""resolved.yaml"":""logs/cosine/sync/h20/lr-0.009-b1-0.9-b2-0.999/s43/resolved.yaml"",""receipt.json"":""logs/cosine/sync/h20/lr-0.009-b1-0.9-b2-0.999/s43/receipt.json"",""request.json"":""logs/cosine/sync/h20/lr-0.009-b1-0.9-b2-0.999/s43/request.json"",""environment.json"":""shared/environment-6601e7a7de7c76b9c2b99fbfde4b3b6b00e35156be871866e3c20c7bd6e9c1ac.json""}"
sync-cosine-h20--0.009--0.9--0.999--s44,sync,20,1733344.2179065663,1449103.3601967772,1339458.056228598,102.5110955459968,407.304367817007,39.47825336456299,2565623,2026-09-16,"{""metrics.jsonl"":""logs/cosine/sync/h20/lr-0.009-b1-0.9-b2-0.999/s44/metrics.jsonl"",""result.json"":""logs/cosine/sync/h20/lr-0.009-b1-0.9-b2-0.999/s44/result.json"",""resolved.yaml"":""logs/cosine/sync/h20/lr-0.009-b1-0.9-b2-0.999/s44/resolved.yaml"",""receipt.json"":""logs/cosine/sync/h20/lr-0.009-b1-0.9-b2-0.999/s44/receipt.json"",""request.json"":""logs/cosine/sync/h20/lr-0.009-b1-0.9-b2-0.999/s44/request.json"",""environment.json"":""shared/environment-7940e2650031046d28ad896521976f22da21ad6f6ae8cbf0399592eefe6bb57b.json""}"
sync-cosine-h20--0.01--0.9--0.98--s42,sync,20,1735611.6336785452,1440573.4564444802,1330423.0200779154,103.01938693299599,410.2424713430082,39.47825336456299,2565612,2026-09-16,"{""metrics.jsonl"":""logs/cosine/sync/h20/lr-0.01-b1-0.9-b2-0.98/s42/metrics.jsonl"",""result.json"":""logs/cosine/sync/h20/lr-0.01-b1-0.9-b2-0.98/s42/result.json"",""resolved.yaml"":""logs/cosine/sync/h20/lr-0.01-b1-0.9-b2-0.98/s42/resolved.yaml"",""receipt.json"":""logs/cosine/sync/h20/lr-0.01-b1-0.9-b2-0.98/s42/receipt.json"",""request.json"":""logs/cosine/sync/h20/lr-0.01-b1-0.9-b2-0.98/s42/request.json"",""environment.json"":""shared/environment-2839828bb833a7293d68a57942297f2fc4a1352a8303ed55adf7b768ca129343.json""}"
sync-cosine-h20--0.01--0.9--0.98--s43,sync,20,1753249.02107321,1453074.4481601764,1342360.0059310049,100.97485893699923,405.46029584200005,39.47825336456299,2565613,2026-09-16,"{""metrics.jsonl"":""logs/cosine/sync/h20/lr-0.01-b1-0.9-b2-0.98/s43/metrics.jsonl"",""result.json"":""logs/cosine/sync/h20/lr-0.01-b1-0.9-b2-0.98/s43/result.json"",""resolved.yaml"":""logs/cosine/sync/h20/lr-0.01-b1-0.9-b2-0.98/s43/resolved.yaml"",""receipt.json"":""logs/cosine/sync/h20/lr-0.01-b1-0.9-b2-0.98/s43/receipt.json"",""request.json"":""logs/cosine/sync/h20/lr-0.01-b1-0.9-b2-0.98/s43/request.json"",""environment.json"":""shared/environment-57e04031dd24c93d9ea3756a871bdb918f2101678f23df6cd8a2c34c8fbd4a92.json""}"
sync-cosine-h20--0.01--0.9--0.98--s44,sync,20,1788015.3639907066,1648288.096499961,1510546.785746367,99.46164189999399,369.66167269799917,39.47825336456299,2565614,2026-09-16,"{""metrics.jsonl"":""logs/cosine/sync/h20/lr-0.01-b1-0.9-b2-0.98/s44/metrics.jsonl"",""result.json"":""logs/cosine/sync/h20/lr-0.01-b1-0.9-b2-0.98/s44/result.json"",""resolved.yaml"":""logs/cosine/sync/h20/lr-0.01-b1-0.9-b2-0.98/s44/resolved.yaml"",""receipt.json"":""logs/cosine/sync/h20/lr-0.01-b1-0.9-b2-0.98/s44/receipt.json"",""request.json"":""logs/cosine/sync/h20/lr-0.01-b1-0.9-b2-0.98/s44/request.json"",""environment.json"":""shared/environment-c975737bf5d96b6ed9d6bf562bf8a6bf1f5ce354117993d92917cdb775a13599.json""}"
sync-cosine-h20--0.01--0.9--0.99--s42,sync,20,1755540.0612193837,1439481.265064155,1330538.213062597,101.07446019399504,408.3694058510009,39.47825336456299,2565618,2026-09-16,"{""metrics.jsonl"":""logs/cosine/sync/h20/lr-0.01-b1-0.9-b2-0.99/s42/metrics.jsonl"",""result.json"":""logs/cosine/sync/h20/lr-0.01-b1-0.9-b2-0.99/s42/result.json"",""resolved.yaml"":""logs/cosine/sync/h20/lr-0.01-b1-0.9-b2-0.99/s42/resolved.yaml"",""receipt.json"":""logs/cosine/sync/h20/lr-0.01-b1-0.9-b2-0.99/s42/receipt.json"",""request.json"":""logs/cosine/sync/h20/lr-0.01-b1-0.9-b2-0.99/s42/request.json"",""environment.json"":""shared/environment-a369ced6d9d33e0b4e72f7cdbcba861454124b93ac17086ede123bdbd1392853.json""}"
sync-cosine-h20--0.01--0.9--0.99--s43,sync,20,1755727.7067008272,1438964.8448652579,1330317.9309047556,101.08717867899395,408.38827221600513,39.47825336456299,2565619,2026-09-16,"{""metrics.jsonl"":""logs/cosine/sync/h20/lr-0.01-b1-0.9-b2-0.99/s43/metrics.jsonl"",""result.json"":""logs/cosine/sync/h20/lr-0.01-b1-0.9-b2-0.99/s43/result.json"",""resolved.yaml"":""logs/cosine/sync/h20/lr-0.01-b1-0.9-b2-0.99/s43/resolved.yaml"",""receipt.json"":""logs/cosine/sync/h20/lr-0.01-b1-0.9-b2-0.99/s43/receipt.json"",""request.json"":""logs/cosine/sync/h20/lr-0.01-b1-0.9-b2-0.99/s43/request.json"",""environment.json"":""shared/environment-98072c17d4ba5b433231225eac0a2991a6b9d295a47b3cf42e6b75d1545f3913.json""}"
sync-cosine-h20--0.01--0.9--0.99--s44,sync,20,1753056.1453663593,1437474.7044369334,1330148.946660913,100.98930004099384,408.3749945640011,39.47825336456299,2565620,2026-09-16,"{""metrics.jsonl"":""logs/cosine/sync/h20/lr-0.01-b1-0.9-b2-0.99/s44/metrics.jsonl"",""result.json"":""logs/cosine/sync/h20/lr-0.01-b1-0.9-b2-0.99/s44/result.json"",""resolved.yaml"":""logs/cosine/sync/h20/lr-0.01-b1-0.9-b2-0.99/s44/resolved.yaml"",""receipt.json"":""logs/cosine/sync/h20/lr-0.01-b1-0.9-b2-0.99/s44/receipt.json"",""request.json"":""logs/cosine/sync/h20/lr-0.01-b1-0.9-b2-0.99/s44/request.json"",""environment.json"":""shared/environment-7a0e1fedd90ab51becb04e2b07c188666e081d774d98d0c1910b82ad08e7d711.json""}"
sync-cosine-h20--0.01--0.9--0.999--s42,sync,20,1799837.4910925415,1660426.3613481245,1523385.5814237515,99.16940367501229,367.0633840490045,39.47825336456299,2565624,2026-09-16,"{""metrics.jsonl"":""logs/cosine/sync/h20/lr-0.01-b1-0.9-b2-0.999/s42/metrics.jsonl"",""result.json"":""logs/cosine/sync/h20/lr-0.01-b1-0.9-b2-0.999/s42/result.json"",""resolved.yaml"":""logs/cosine/sync/h20/lr-0.01-b1-0.9-b2-0.999/s42/resolved.yaml"",""receipt.json"":""logs/cosine/sync/h20/lr-0.01-b1-0.9-b2-0.999/s42/receipt.json"",""request.json"":""logs/cosine/sync/h20/lr-0.01-b1-0.9-b2-0.999/s42/request.json"",""environment.json"":""shared/environment-992ea67e3a72f7869f776ae205777567d8753b6f3e86d61b79fdd18effa137a7.json""}"
sync-cosine-h20--0.01--0.9--0.999--s43,sync,20,1766694.0795262924,1444590.8647550915,1336870.4541299709,100.33892179001123,406.21100007499626,39.47825336456299,2565625,2026-09-16,"{""metrics.jsonl"":""logs/cosine/sync/h20/lr-0.01-b1-0.9-b2-0.999/s43/metrics.jsonl"",""result.json"":""logs/cosine/sync/h20/lr-0.01-b1-0.9-b2-0.999/s43/result.json"",""resolved.yaml"":""logs/cosine/sync/h20/lr-0.01-b1-0.9-b2-0.999/s43/resolved.yaml"",""receipt.json"":""logs/cosine/sync/h20/lr-0.01-b1-0.9-b2-0.999/s43/receipt.json"",""request.json"":""logs/cosine/sync/h20/lr-0.01-b1-0.9-b2-0.999/s43/request.json"",""environment.json"":""shared/environment-e8b3814462a918d89b23fa2e5e81703fc884e4ae5612724b16da0dd1a938aa60.json""}"
sync-cosine-h20--0.01--0.9--0.999--s44,sync,20,1752635.4695705639,1436090.7510023133,1328633.1081217004,101.64018825200037,409.39664083700336,39.47825336456299,2565626,2026-09-16,"{""metrics.jsonl"":""logs/cosine/sync/h20/lr-0.01-b1-0.9-b2-0.999/s44/metrics.jsonl"",""result.json"":""logs/cosine/sync/h20/lr-0.01-b1-0.9-b2-0.999/s44/result.json"",""resolved.yaml"":""logs/cosine/sync/h20/lr-0.01-b1-0.9-b2-0.999/s44/resolved.yaml"",""receipt.json"":""logs/cosine/sync/h20/lr-0.01-b1-0.9-b2-0.999/s44/receipt.json"",""request.json"":""logs/cosine/sync/h20/lr-0.01-b1-0.9-b2-0.999/s44/request.json"",""environment.json"":""shared/environment-1881e75da50263b8e8b7af72d0cf6300f67c707c6865185e42e28b79b4966b57.json""}"
sync-cosine-h20--0.011--0.9--0.98--s42,sync,20,1755531.2464861323,1459679.3935084678,1348980.2269492566,101.60870423899905,404.6313048860029,39.47825336456299,2578196,2026-09-17,"{""metrics.jsonl"":""logs/cosine/sync/h20/lr-0.011-b1-0.9-b2-0.98/s42/metrics.jsonl"",""result.json"":""logs/cosine/sync/h20/lr-0.011-b1-0.9-b2-0.98/s42/result.json"",""resolved.yaml"":""logs/cosine/sync/h20/lr-0.011-b1-0.9-b2-0.98/s42/resolved.yaml"",""receipt.json"":""logs/cosine/sync/h20/lr-0.011-b1-0.9-b2-0.98/s42/receipt.json"",""request.json"":""logs/cosine/sync/h20/lr-0.011-b1-0.9-b2-0.98/s42/request.json"",""environment.json"":""shared/environment-407c43fc56000effe72bcafc4c2cd6be11d25059768dd6f3887f0d9bec2bfd97.json""}"
sync-cosine-h20--0.011--0.9--0.98--s43,sync,20,1784962.727556812,1479705.1010160479,1366960.0196126453,99.6099094220117,398.6314982729964,39.47825336456299,2578197,2026-09-17,"{""metrics.jsonl"":""logs/cosine/sync/h20/lr-0.011-b1-0.9-b2-0.98/s43/metrics.jsonl"",""result.json"":""logs/cosine/sync/h20/lr-0.011-b1-0.9-b2-0.98/s43/result.json"",""resolved.yaml"":""logs/cosine/sync/h20/lr-0.011-b1-0.9-b2-0.98/s43/resolved.yaml"",""receipt.json"":""logs/cosine/sync/h20/lr-0.011-b1-0.9-b2-0.98/s43/receipt.json"",""request.json"":""logs/cosine/sync/h20/lr-0.011-b1-0.9-b2-0.98/s43/request.json"",""environment.json"":""shared/environment-43de22286e7f90ba16463b4abe2f4df885fe97c9f3df9cead8c5e1b7e2f86c0d.json""}"
sync-cosine-h20--0.011--0.9--0.98--s44,sync,20,1758448.4113008676,1461971.5071741166,1351507.1331908957,101.52820298800361,403.9943225189927,39.47825336456299,2578198,2026-09-17,"{""metrics.jsonl"":""logs/cosine/sync/h20/lr-0.011-b1-0.9-b2-0.98/s44/metrics.jsonl"",""result.json"":""logs/cosine/sync/h20/lr-0.011-b1-0.9-b2-0.98/s44/result.json"",""resolved.yaml"":""logs/cosine/sync/h20/lr-0.011-b1-0.9-b2-0.98/s44/resolved.yaml"",""receipt.json"":""logs/cosine/sync/h20/lr-0.011-b1-0.9-b2-0.98/s44/receipt.json"",""request.json"":""logs/cosine/sync/h20/lr-0.011-b1-0.9-b2-0.98/s44/request.json"",""environment.json"":""shared/environment-b0cbce8ff546a8a0ec89b48a6348b776014bd159586796da41d8b287d52a79fa.json""}"
sync-cosine-h20--0.011--0.9--0.99--s42,sync,20,1730917.3873687526,1526224.0045452039,1407057.4686983011,102.123485928023,392.83044967401656,39.47825336456299,2578199,2026-09-17,"{""metrics.jsonl"":""logs/cosine/sync/h20/lr-0.011-b1-0.9-b2-0.99/s42/metrics.jsonl"",""result.json"":""logs/cosine/sync/h20/lr-0.011-b1-0.9-b2-0.99/s42/result.json"",""resolved.yaml"":""logs/cosine/sync/h20/lr-0.011-b1-0.9-b2-0.99/s42/resolved.yaml"",""receipt.json"":""logs/cosine/sync/h20/lr-0.011-b1-0.9-b2-0.99/s42/receipt.json"",""request.json"":""logs/cosine/sync/h20/lr-0.011-b1-0.9-b2-0.99/s42/request.json"",""environment.json"":""shared/environment-8710a7dcdf5b7e8ab25ba5b92fdfabf202d7d41d5cd4b944aa8e9164565747c7.json""}"
sync-cosine-h20--0.011--0.9--0.99--s43,sync,20,1745626.8021936435,1523825.112240634,1405174.4128057745,101.46091168299972,392.56096622099903,39.47825336456299,2578200,2026-09-17,"{""metrics.jsonl"":""logs/cosine/sync/h20/lr-0.011-b1-0.9-b2-0.99/s43/metrics.jsonl"",""result.json"":""logs/cosine/sync/h20/lr-0.011-b1-0.9-b2-0.99/s43/result.json"",""resolved.yaml"":""logs/cosine/sync/h20/lr-0.011-b1-0.9-b2-0.99/s43/resolved.yaml"",""receipt.json"":""logs/cosine/sync/h20/lr-0.011-b1-0.9-b2-0.99/s43/receipt.json"",""request.json"":""logs/cosine/sync/h20/lr-0.011-b1-0.9-b2-0.99/s43/request.json"",""environment.json"":""shared/environment-49edc02e7f45c1c4251b51bf82edf83b3bfab919255613685d9d7e6c7c9a2353.json""}"
sync-cosine-h20--0.011--0.9--0.99--s44,sync,20,1756828.294870803,1547993.276345382,1426826.8238669678,100.46120855299978,387.14256395699977,39.47825336456299,2578201,2026-09-17,"{""metrics.jsonl"":""logs/cosine/sync/h20/lr-0.011-b1-0.9-b2-0.99/s44/metrics.jsonl"",""result.json"":""logs/cosine/sync/h20/lr-0.011-b1-0.9-b2-0.99/s44/result.json"",""resolved.yaml"":""logs/cosine/sync/h20/lr-0.011-b1-0.9-b2-0.99/s44/resolved.yaml"",""receipt.json"":""logs/cosine/sync/h20/lr-0.011-b1-0.9-b2-0.99/s44/receipt.json"",""request.json"":""logs/cosine/sync/h20/lr-0.011-b1-0.9-b2-0.99/s44/request.json"",""environment.json"":""shared/environment-176f0e7609dd4a73b8d0410b10ce4407a80ce805c35e2898ef7cc861dea9c3b6.json""}"
sync-cosine-h20--0.011--0.9--0.999--s42,sync,20,1765767.401494662,1553217.3956626125,1432117.3708262374,101.03320211698883,386.63906420901185,39.47825336456299,2578202,2026-09-17,"{""metrics.jsonl"":""logs/cosine/sync/h20/lr-0.011-b1-0.9-b2-0.999/s42/metrics.jsonl"",""result.json"":""logs/cosine/sync/h20/lr-0.011-b1-0.9-b2-0.999/s42/result.json"",""resolved.yaml"":""logs/cosine/sync/h20/lr-0.011-b1-0.9-b2-0.999/s42/resolved.yaml"",""receipt.json"":""logs/cosine/sync/h20/lr-0.011-b1-0.9-b2-0.999/s42/receipt.json"",""request.json"":""logs/cosine/sync/h20/lr-0.011-b1-0.9-b2-0.999/s42/request.json"",""environment.json"":""shared/environment-190c26f756c11e3d9446b17250875f866ce7f79c5b1d9119dda16b9824f7f58a.json""}"
sync-cosine-h20--0.011--0.9--0.999--s43,sync,20,1766207.5127913705,1554659.8888663517,1432567.9149555934,101.32982037300826,386.8468112979899,39.47825336456299,2578203,2026-09-17,"{""metrics.jsonl"":""logs/cosine/sync/h20/lr-0.011-b1-0.9-b2-0.999/s43/metrics.jsonl"",""result.json"":""logs/cosine/sync/h20/lr-0.011-b1-0.9-b2-0.999/s43/result.json"",""resolved.yaml"":""logs/cosine/sync/h20/lr-0.011-b1-0.9-b2-0.999/s43/resolved.yaml"",""receipt.json"":""logs/cosine/sync/h20/lr-0.011-b1-0.9-b2-0.999/s43/receipt.json"",""request.json"":""logs/cosine/sync/h20/lr-0.011-b1-0.9-b2-0.999/s43/request.json"",""environment.json"":""shared/environment-af19a68579797e712a920a2c02012a833a232583cf18dde6d32654336d3ba0c4.json""}"
sync-cosine-h20--0.011--0.9--0.999--s44,sync,20,1782443.958435996,1565318.2718243764,1442830.761974293,100.20191697397968,383.68096814400633,39.47825336456299,2578204,2026-09-17,"{""metrics.jsonl"":""logs/cosine/sync/h20/lr-0.011-b1-0.9-b2-0.999/s44/metrics.jsonl"",""result.json"":""logs/cosine/sync/h20/lr-0.011-b1-0.9-b2-0.999/s44/result.json"",""resolved.yaml"":""logs/cosine/sync/h20/lr-0.011-b1-0.9-b2-0.999/s44/resolved.yaml"",""receipt.json"":""logs/cosine/sync/h20/lr-0.011-b1-0.9-b2-0.999/s44/receipt.json"",""request.json"":""logs/cosine/sync/h20/lr-0.011-b1-0.9-b2-0.999/s44/request.json"",""environment.json"":""shared/environment-d1436011ec98122b8003b1afefba362153bb9984406b5496eac94dd36190b42a.json""}"
awc4-cosine-h40--0.005--0.9--0.99--s42,awc4,40,1567634.3707837209,1445786.6984116423,1337519.8061779833,102.91436499400879,713.6827939720097,40.78472375869751,2554445,2026-09-16,"{""metrics.jsonl"":""logs/cosine/awc4/h40/lr-0.005-b1-0.9-b2-0.99/s42/metrics.jsonl"",""result.json"":""logs/cosine/awc4/h40/lr-0.005-b1-0.9-b2-0.99/s42/result.json"",""resolved.yaml"":""logs/cosine/awc4/h40/lr-0.005-b1-0.9-b2-0.99/s42/resolved.yaml"",""receipt.json"":""logs/cosine/awc4/h40/lr-0.005-b1-0.9-b2-0.99/s42/receipt.json"",""request.json"":""logs/cosine/awc4/h40/lr-0.005-b1-0.9-b2-0.99/s42/request.json"",""environment.json"":""shared/environment-9633de045e198d09cdaa593b504f98333e52dce1a86fbaebd8d8ddbed50226fa.json""}"
awc4-cosine-h40--0.005--0.9--0.99--s43,awc4,40,1639382.251372154,1585133.5051619238,1450469.2668474473,99.66879376699217,662.4328717540047,40.78472375869751,2554513,2026-09-16,"{""metrics.jsonl"":""logs/cosine/awc4/h40/lr-0.005-b1-0.9-b2-0.99/s43/metrics.jsonl"",""result.json"":""logs/cosine/awc4/h40/lr-0.005-b1-0.9-b2-0.99/s43/result.json"",""resolved.yaml"":""logs/cosine/awc4/h40/lr-0.005-b1-0.9-b2-0.99/s43/resolved.yaml"",""receipt.json"":""logs/cosine/awc4/h40/lr-0.005-b1-0.9-b2-0.99/s43/receipt.json"",""request.json"":""logs/cosine/awc4/h40/lr-0.005-b1-0.9-b2-0.99/s43/request.json"",""environment.json"":""shared/environment-2469c92e7c44357af4ed2cef0a4b4d38cd612a3e7c653a37f7fd08211efb6bd1.json""}"
awc4-cosine-h40--0.005--0.9--0.99--s44,awc4,40,1558418.742461372,1510429.225524541,1386614.483521022,103.85276118401089,692.5208367599989,40.78472375869751,2554514,2026-09-16,"{""metrics.jsonl"":""logs/cosine/awc4/h40/lr-0.005-b1-0.9-b2-0.99/s44/metrics.jsonl"",""result.json"":""logs/cosine/awc4/h40/lr-0.005-b1-0.9-b2-0.99/s44/result.json"",""resolved.yaml"":""logs/cosine/awc4/h40/lr-0.005-b1-0.9-b2-0.99/s44/resolved.yaml"",""receipt.json"":""logs/cosine/awc4/h40/lr-0.005-b1-0.9-b2-0.99/s44/receipt.json"",""request.json"":""logs/cosine/awc4/h40/lr-0.005-b1-0.9-b2-0.99/s44/request.json"",""environment.json"":""shared/environment-d8c9ca201c0d444a9531b2fd0799278e4c91350782d72fe70645649b5f151770.json""}"
awc4-cosine-h40--0.005--0.9--0.999--s42,awc4,40,1602449.7529929364,1550272.7228548792,1427586.025864473,101.82437384799414,673.6626586190032,40.78472375869751,2555080,2026-09-16,"{""metrics.jsonl"":""logs/cosine/awc4/h40/lr-0.005-b1-0.9-b2-0.999/s42/metrics.jsonl"",""result.json"":""logs/cosine/awc4/h40/lr-0.005-b1-0.9-b2-0.999/s42/result.json"",""resolved.yaml"":""logs/cosine/awc4/h40/lr-0.005-b1-0.9-b2-0.999/s42/resolved.yaml"",""receipt.json"":""logs/cosine/awc4/h40/lr-0.005-b1-0.9-b2-0.999/s42/receipt.json"",""request.json"":""logs/cosine/awc4/h40/lr-0.005-b1-0.9-b2-0.999/s42/request.json"",""environment.json"":""shared/environment-98a92a8ad6bde806b210e31e2954bb671adc7e707025ee986c7940b79a603e2b.json""}"
awc4-cosine-h40--0.005--0.9--0.999--s43,awc4,40,1588653.426342257,1450241.757000525,1341402.7908857088,101.81271839099645,710.8818868739909,40.78472375869751,2555135,2026-09-16,"{""metrics.jsonl"":""logs/cosine/awc4/h40/lr-0.005-b1-0.9-b2-0.999/s43/metrics.jsonl"",""result.json"":""logs/cosine/awc4/h40/lr-0.005-b1-0.9-b2-0.999/s43/result.json"",""resolved.yaml"":""logs/cosine/awc4/h40/lr-0.005-b1-0.9-b2-0.999/s43/resolved.yaml"",""receipt.json"":""logs/cosine/awc4/h40/lr-0.005-b1-0.9-b2-0.999/s43/receipt.json"",""request.json"":""logs/cosine/awc4/h40/lr-0.005-b1-0.9-b2-0.999/s43/request.json"",""environment.json"":""shared/environment-18c4c36d10be04b65030a53f69c092761d9b5294d9ac85523f563e6fde9cb39d.json""}"
awc4-cosine-h40--0.005--0.9--0.999--s44,awc4,40,1566817.9081243891,1515868.6325271844,1397294.95903048,102.96438632700301,687.206367908002,40.78472375869751,2555205,2026-09-16,"{""metrics.jsonl"":""logs/cosine/awc4/h40/lr-0.005-b1-0.9-b2-0.999/s44/metrics.jsonl"",""result.json"":""logs/cosine/awc4/h40/lr-0.005-b1-0.9-b2-0.999/s44/result.json"",""resolved.yaml"":""logs/cosine/awc4/h40/lr-0.005-b1-0.9-b2-0.999/s44/resolved.yaml"",""receipt.json"":""logs/cosine/awc4/h40/lr-0.005-b1-0.9-b2-0.999/s44/receipt.json"",""request.json"":""logs/cosine/awc4/h40/lr-0.005-b1-0.9-b2-0.999/s44/request.json"",""environment.json"":""shared/environment-7321df53b2dfacd66ebb8028effe1ac6071024bb1ac2d870526eed7ececf1f00.json""}"
awc4-cosine-h40--0.005--0.95--0.99--s42,awc4,40,1574411.4610910446,1523931.2298703447,1403888.1735281574,102.74043706498924,684.2082616120024,40.78472375869751,2555288,2026-09-16,"{""metrics.jsonl"":""logs/cosine/awc4/h40/lr-0.005-b1-0.95-b2-0.99/s42/metrics.jsonl"",""result.json"":""logs/cosine/awc4/h40/lr-0.005-b1-0.95-b2-0.99/s42/result.json"",""resolved.yaml"":""logs/cosine/awc4/h40/lr-0.005-b1-0.95-b2-0.99/s42/resolved.yaml"",""receipt.json"":""logs/cosine/awc4/h40/lr-0.005-b1-0.95-b2-0.99/s42/receipt.json"",""request.json"":""logs/cosine/awc4/h40/lr-0.005-b1-0.95-b2-0.99/s42/request.json"",""environment.json"":""shared/environment-c7b67fae519fce1cbbebf7761143e394a5048901b30dbbc5db86677b7b93a555.json""}"
awc4-cosine-h40--0.005--0.95--0.99--s43,awc4,40,1611239.8007132509,1559024.7333602707,1436882.332521009,99.7691203780123,667.8880463259993,40.78472375869751,2555289,2026-09-16,"{""metrics.jsonl"":""logs/cosine/awc4/h40/lr-0.005-b1-0.95-b2-0.99/s43/metrics.jsonl"",""result.json"":""logs/cosine/awc4/h40/lr-0.005-b1-0.95-b2-0.99/s43/result.json"",""resolved.yaml"":""logs/cosine/awc4/h40/lr-0.005-b1-0.95-b2-0.99/s43/resolved.yaml"",""receipt.json"":""logs/cosine/awc4/h40/lr-0.005-b1-0.95-b2-0.99/s43/receipt.json"",""request.json"":""logs/cosine/awc4/h40/lr-0.005-b1-0.95-b2-0.99/s43/request.json"",""environment.json"":""shared/environment-14826ef5792dae891028764c47eac7f754ab519b60faca4c529a4f565f9ee165.json""}"
awc4-cosine-h40--0.005--0.95--0.99--s44,awc4,40,1623082.0744119524,1475238.4803305753,1364327.0580352303,100.43190914699517,699.3138755490072,40.78472375869751,2555300,2026-09-16,"{""metrics.jsonl"":""logs/cosine/awc4/h40/lr-0.005-b1-0.95-b2-0.99/s44/metrics.jsonl"",""result.json"":""logs/cosine/awc4/h40/lr-0.005-b1-0.95-b2-0.99/s44/result.json"",""resolved.yaml"":""logs/cosine/awc4/h40/lr-0.005-b1-0.95-b2-0.99/s44/resolved.yaml"",""receipt.json"":""logs/cosine/awc4/h40/lr-0.005-b1-0.95-b2-0.99/s44/receipt.json"",""request.json"":""logs/cosine/awc4/h40/lr-0.005-b1-0.95-b2-0.99/s44/request.json"",""environment.json"":""shared/environment-edfea0bb14f49650c159c9ef355f80796bd16db22d8a8399a4ef1e9329605bcf.json""}"
awc4-cosine-h40--0.005--0.95--0.999--s42,awc4,40,1581552.0671791665,1531515.7647730554,1409954.6156324304,102.58771079299913,681.5549510080018,40.78472375869751,2555419,2026-09-16,"{""metrics.jsonl"":""logs/cosine/awc4/h40/lr-0.005-b1-0.95-b2-0.999/s42/metrics.jsonl"",""result.json"":""logs/cosine/awc4/h40/lr-0.005-b1-0.95-b2-0.999/s42/result.json"",""resolved.yaml"":""logs/cosine/awc4/h40/lr-0.005-b1-0.95-b2-0.999/s42/resolved.yaml"",""receipt.json"":""logs/cosine/awc4/h40/lr-0.005-b1-0.95-b2-0.999/s42/receipt.json"",""request.json"":""logs/cosine/awc4/h40/lr-0.005-b1-0.95-b2-0.999/s42/request.json"",""environment.json"":""shared/environment-dc279b7b5f31f30da03da06b00d9e7baa5efee139caa186f81c57fd94186cd86.json""}"
awc4-cosine-h40--0.005--0.95--0.999--s43,awc4,40,1608240.0844176756,1554495.4867985607,1431033.3898718748,101.57306451600743,672.1359179099964,40.78472375869751,2555420,2026-09-16,"{""metrics.jsonl"":""logs/cosine/awc4/h40/lr-0.005-b1-0.95-b2-0.999/s43/metrics.jsonl"",""result.json"":""logs/cosine/awc4/h40/lr-0.005-b1-0.95-b2-0.999/s43/result.json"",""resolved.yaml"":""logs/cosine/awc4/h40/lr-0.005-b1-0.95-b2-0.999/s43/resolved.yaml"",""receipt.json"":""logs/cosine/awc4/h40/lr-0.005-b1-0.95-b2-0.999/s43/receipt.json"",""request.json"":""logs/cosine/awc4/h40/lr-0.005-b1-0.95-b2-0.999/s43/request.json"",""environment.json"":""shared/environment-0b245d20e382f844f1a1c6df6b113901791636a3d88031dc3b57ce0277166525.json""}"
awc4-cosine-h40--0.005--0.95--0.999--s44,awc4,40,1597532.5537155746,1546689.3143218118,1425348.5729951703,100.85081506500137,673.5385266030062,40.78472375869751,2555431,2026-09-16,"{""metrics.jsonl"":""logs/cosine/awc4/h40/lr-0.005-b1-0.95-b2-0.999/s44/metrics.jsonl"",""result.json"":""logs/cosine/awc4/h40/lr-0.005-b1-0.95-b2-0.999/s44/result.json"",""resolved.yaml"":""logs/cosine/awc4/h40/lr-0.005-b1-0.95-b2-0.999/s44/resolved.yaml"",""receipt.json"":""logs/cosine/awc4/h40/lr-0.005-b1-0.95-b2-0.999/s44/receipt.json"",""request.json"":""logs/cosine/awc4/h40/lr-0.005-b1-0.95-b2-0.999/s44/request.json"",""environment.json"":""shared/environment-287d4e52685cfdfe52140595b7b5c431a17dd8d829dfcdcf869acb14949c3273.json""}"
awc4-cosine-h40--0.005--0.974--0.99--s42,awc4,40,1599420.2771136975,1473040.3827998145,1361182.5627991075,101.45948037799099,701.1730089089979,40.78472375869751,2555548,2026-09-16,"{""metrics.jsonl"":""logs/cosine/awc4/h40/lr-0.005-b1-0.974-b2-0.99/s42/metrics.jsonl"",""result.json"":""logs/cosine/awc4/h40/lr-0.005-b1-0.974-b2-0.99/s42/result.json"",""resolved.yaml"":""logs/cosine/awc4/h40/lr-0.005-b1-0.974-b2-0.99/s42/resolved.yaml"",""receipt.json"":""logs/cosine/awc4/h40/lr-0.005-b1-0.974-b2-0.99/s42/receipt.json"",""request.json"":""logs/cosine/awc4/h40/lr-0.005-b1-0.974-b2-0.99/s42/request.json"",""environment.json"":""shared/environment-bc66c37ebda8f0004c89de6a870dbbbddac952b809e940cd5742d2aa34e25089.json""}"
awc4-cosine-h40--0.005--0.974--0.99--s43,awc4,40,1602693.7228867398,1547124.3947120684,1425991.9858975052,100.15659187200072,672.61018895499,40.78472375869751,2555559,2026-09-16,"{""metrics.jsonl"":""logs/cosine/awc4/h40/lr-0.005-b1-0.974-b2-0.99/s43/metrics.jsonl"",""result.json"":""logs/cosine/awc4/h40/lr-0.005-b1-0.974-b2-0.99/s43/result.json"",""resolved.yaml"":""logs/cosine/awc4/h40/lr-0.005-b1-0.974-b2-0.99/s43/resolved.yaml"",""receipt.json"":""logs/cosine/awc4/h40/lr-0.005-b1-0.974-b2-0.99/s43/receipt.json"",""request.json"":""logs/cosine/awc4/h40/lr-0.005-b1-0.974-b2-0.99/s43/request.json"",""environment.json"":""shared/environment-9fe337bc75fc301dea4d1547e010aaf849dcddde4b423dc1dbae4a257f2b06c2.json""}"
awc4-cosine-h40--0.005--0.974--0.99--s44,awc4,40,1587668.8291522318,1536098.8110982878,1415231.9298604904,102.544225464997,679.3360840150053,40.78472375869751,2555560,2026-09-16,"{""metrics.jsonl"":""logs/cosine/awc4/h40/lr-0.005-b1-0.974-b2-0.99/s44/metrics.jsonl"",""result.json"":""logs/cosine/awc4/h40/lr-0.005-b1-0.974-b2-0.99/s44/result.json"",""resolved.yaml"":""logs/cosine/awc4/h40/lr-0.005-b1-0.974-b2-0.99/s44/resolved.yaml"",""receipt.json"":""logs/cosine/awc4/h40/lr-0.005-b1-0.974-b2-0.99/s44/receipt.json"",""request.json"":""logs/cosine/awc4/h40/lr-0.005-b1-0.974-b2-0.99/s44/request.json"",""environment.json"":""shared/environment-ce28cb6d73687f6a46d2b05b0d9baabad5f3beb2f6bb96b0b967a554363f60f4.json""}"
awc4-cosine-h40--0.005--0.974--0.999--s42,awc4,40,1587363.7083126162,1536538.857812459,1415288.0660773192,102.39567418099614,679.1439239089959,40.78472375869751,2555588,2026-09-16,"{""metrics.jsonl"":""logs/cosine/awc4/h40/lr-0.005-b1-0.974-b2-0.999/s42/metrics.jsonl"",""result.json"":""logs/cosine/awc4/h40/lr-0.005-b1-0.974-b2-0.999/s42/result.json"",""resolved.yaml"":""logs/cosine/awc4/h40/lr-0.005-b1-0.974-b2-0.999/s42/resolved.yaml"",""receipt.json"":""logs/cosine/awc4/h40/lr-0.005-b1-0.974-b2-0.999/s42/receipt.json"",""request.json"":""logs/cosine/awc4/h40/lr-0.005-b1-0.974-b2-0.999/s42/request.json"",""environment.json"":""shared/environment-f7d9acfddc76d1e08181cda7e48911993be575c1d260cfebe8114da9136246da.json""}"
awc4-cosine-h40--0.005--0.974--0.999--s43,awc4,40,1573483.336693968,1522388.0902325136,1403467.2991195223,102.7271354770055,684.3477927189961,40.78472375869751,2555590,2026-09-16,"{""metrics.jsonl"":""logs/cosine/awc4/h40/lr-0.005-b1-0.974-b2-0.999/s43/metrics.jsonl"",""result.json"":""logs/cosine/awc4/h40/lr-0.005-b1-0.974-b2-0.999/s43/result.json"",""resolved.yaml"":""logs/cosine/awc4/h40/lr-0.005-b1-0.974-b2-0.999/s43/resolved.yaml"",""receipt.json"":""logs/cosine/awc4/h40/lr-0.005-b1-0.974-b2-0.999/s43/receipt.json"",""request.json"":""logs/cosine/awc4/h40/lr-0.005-b1-0.974-b2-0.999/s43/request.json"",""environment.json"":""shared/environment-ff72c2177a299124fdaecdde603d62fc823803f8fe6157c0ee2a9468ae33cc75.json""}"
awc4-cosine-h40--0.005--0.974--0.999--s44,awc4,40,1582588.7229974645,1462464.7462457428,1351839.6868997752,102.16558165500464,706.4002557750064,40.78472375869751,2555591,2026-09-16,"{""metrics.jsonl"":""logs/cosine/awc4/h40/lr-0.005-b1-0.974-b2-0.999/s44/metrics.jsonl"",""result.json"":""logs/cosine/awc4/h40/lr-0.005-b1-0.974-b2-0.999/s44/result.json"",""resolved.yaml"":""logs/cosine/awc4/h40/lr-0.005-b1-0.974-b2-0.999/s44/resolved.yaml"",""receipt.json"":""logs/cosine/awc4/h40/lr-0.005-b1-0.974-b2-0.999/s44/receipt.json"",""request.json"":""logs/cosine/awc4/h40/lr-0.005-b1-0.974-b2-0.999/s44/request.json"",""environment.json"":""shared/environment-8335de69aa1f97e2c520c0daaca1b33b2430eec597f5379560ddbbc2d01f2953.json""}"
awc4-cosine-h40--0.006--0.9--0.99--s42,awc4,40,1589309.283903207,1538048.561247271,1416882.1066920736,101.40493501400124,677.5055455900001,40.78472375869751,2554646,2026-09-16,"{""metrics.jsonl"":""logs/cosine/awc4/h40/lr-0.006-b1-0.9-b2-0.99/s42/metrics.jsonl"",""result.json"":""logs/cosine/awc4/h40/lr-0.006-b1-0.9-b2-0.99/s42/result.json"",""resolved.yaml"":""logs/cosine/awc4/h40/lr-0.006-b1-0.9-b2-0.99/s42/resolved.yaml"",""receipt.json"":""logs/cosine/awc4/h40/lr-0.006-b1-0.9-b2-0.99/s42/receipt.json"",""request.json"":""logs/cosine/awc4/h40/lr-0.006-b1-0.9-b2-0.99/s42/request.json"",""environment.json"":""shared/environment-c84a4a0f1afac1425462f8538a8a2c6c1f7fbdc2608aea7b1ad266f56a1141ab.json""}"
awc4-cosine-h40--0.006--0.9--0.99--s43,awc4,40,1582677.859282377,1455073.547998071,1345830.4660235776,102.009350584005,708.9274898389995,40.78472375869751,2554647,2026-09-16,"{""metrics.jsonl"":""logs/cosine/awc4/h40/lr-0.006-b1-0.9-b2-0.99/s43/metrics.jsonl"",""result.json"":""logs/cosine/awc4/h40/lr-0.006-b1-0.9-b2-0.99/s43/result.json"",""resolved.yaml"":""logs/cosine/awc4/h40/lr-0.006-b1-0.9-b2-0.99/s43/resolved.yaml"",""receipt.json"":""logs/cosine/awc4/h40/lr-0.006-b1-0.9-b2-0.99/s43/receipt.json"",""request.json"":""logs/cosine/awc4/h40/lr-0.006-b1-0.9-b2-0.99/s43/request.json"",""environment.json"":""shared/environment-9900447d0718194feec7555ee66912a27636aa0444b9380c3a79547d5eaf308f.json""}"
awc4-cosine-h40--0.006--0.9--0.99--s44,awc4,40,1618151.3206532032,1565866.002020677,1442024.0948863896,100.6230260040029,666.6712259830092,40.78472375869751,2554713,2026-09-16,"{""metrics.jsonl"":""logs/cosine/awc4/h40/lr-0.006-b1-0.9-b2-0.99/s44/metrics.jsonl"",""result.json"":""logs/cosine/awc4/h40/lr-0.006-b1-0.9-b2-0.99/s44/result.json"",""resolved.yaml"":""logs/cosine/awc4/h40/lr-0.006-b1-0.9-b2-0.99/s44/resolved.yaml"",""receipt.json"":""logs/cosine/awc4/h40/lr-0.006-b1-0.9-b2-0.99/s44/receipt.json"",""request.json"":""logs/cosine/awc4/h40/lr-0.006-b1-0.9-b2-0.99/s44/request.json"",""environment.json"":""shared/environment-9e4ec3ecadba29573d6f8a25ab16fa2ecb9d585de633da1d53c4a55fd3e1d3b7.json""}"
awc4-cosine-h40--0.006--0.9--0.999--s42,awc4,40,1580518.2028221579,1531431.5290379224,1410681.5154490373,103.03509167599259,681.6865073929948,40.78472375869751,2555216,2026-09-16,"{""metrics.jsonl"":""logs/cosine/awc4/h40/lr-0.006-b1-0.9-b2-0.999/s42/metrics.jsonl"",""result.json"":""logs/cosine/awc4/h40/lr-0.006-b1-0.9-b2-0.999/s42/result.json"",""resolved.yaml"":""logs/cosine/awc4/h40/lr-0.006-b1-0.9-b2-0.999/s42/resolved.yaml"",""receipt.json"":""logs/cosine/awc4/h40/lr-0.006-b1-0.9-b2-0.999/s42/receipt.json"",""request.json"":""logs/cosine/awc4/h40/lr-0.006-b1-0.9-b2-0.999/s42/request.json"",""environment.json"":""shared/environment-07da9d9ec2aea5e4b48695bd254e6975171e346d4aa8dc0c7dfd3fb0a7a4d876.json""}"
awc4-cosine-h40--0.006--0.9--0.999--s43,awc4,40,1580487.0302330714,1529620.5278356096,1409901.2413362218,102.27558304301056,681.2970210040075,40.78472375869751,2555229,2026-09-16,"{""metrics.jsonl"":""logs/cosine/awc4/h40/lr-0.006-b1-0.9-b2-0.999/s43/metrics.jsonl"",""result.json"":""logs/cosine/awc4/h40/lr-0.006-b1-0.9-b2-0.999/s43/result.json"",""resolved.yaml"":""logs/cosine/awc4/h40/lr-0.006-b1-0.9-b2-0.999/s43/resolved.yaml"",""receipt.json"":""logs/cosine/awc4/h40/lr-0.006-b1-0.9-b2-0.999/s43/receipt.json"",""request.json"":""logs/cosine/awc4/h40/lr-0.006-b1-0.9-b2-0.999/s43/request.json"",""environment.json"":""shared/environment-6659e6a8976234a432bc1bafac3e453dc45c09c158945952a636341e18b0fea7.json""}"
awc4-cosine-h40--0.006--0.9--0.999--s44,awc4,40,1584913.8157056388,1447496.6461137517,1339181.7832067213,102.87703057800172,712.9751762900014,40.78472375869751,2555252,2026-09-16,"{""metrics.jsonl"":""logs/cosine/awc4/h40/lr-0.006-b1-0.9-b2-0.999/s44/metrics.jsonl"",""result.json"":""logs/cosine/awc4/h40/lr-0.006-b1-0.9-b2-0.999/s44/result.json"",""resolved.yaml"":""logs/cosine/awc4/h40/lr-0.006-b1-0.9-b2-0.999/s44/resolved.yaml"",""receipt.json"":""logs/cosine/awc4/h40/lr-0.006-b1-0.9-b2-0.999/s44/receipt.json"",""request.json"":""logs/cosine/awc4/h40/lr-0.006-b1-0.9-b2-0.999/s44/request.json"",""environment.json"":""shared/environment-fe15c8fc9ef59b7bef445ece6f6751a852d4b73318bfa7cd2d8489a135da3b03.json""}"
awc4-cosine-h40--0.006--0.95--0.99--s42,awc4,40,1591570.72994958,1540634.371843171,1421118.3898553273,100.22780277700076,674.6500382570011,40.78472375869751,2555307,2026-09-16,"{""metrics.jsonl"":""logs/cosine/awc4/h40/lr-0.006-b1-0.95-b2-0.99/s42/metrics.jsonl"",""result.json"":""logs/cosine/awc4/h40/lr-0.006-b1-0.95-b2-0.99/s42/result.json"",""resolved.yaml"":""logs/cosine/awc4/h40/lr-0.006-b1-0.95-b2-0.99/s42/resolved.yaml"",""receipt.json"":""logs/cosine/awc4/h40/lr-0.006-b1-0.95-b2-0.99/s42/receipt.json"",""request.json"":""logs/cosine/awc4/h40/lr-0.006-b1-0.95-b2-0.99/s42/request.json"",""environment.json"":""shared/environment-d964544c3302d663aa48c203b512c2cee00d6937eb1bdbc0c0d571de52daaef5.json""}"
awc4-cosine-h40--0.006--0.95--0.99--s43,awc4,40,1591386.5713460308,1538356.4143932005,1417202.2587333892,100.41637791298854,676.4211695179984,40.78472375869751,2555308,2026-09-16,"{""metrics.jsonl"":""logs/cosine/awc4/h40/lr-0.006-b1-0.95-b2-0.99/s43/metrics.jsonl"",""result.json"":""logs/cosine/awc4/h40/lr-0.006-b1-0.95-b2-0.99/s43/result.json"",""resolved.yaml"":""logs/cosine/awc4/h40/lr-0.006-b1-0.95-b2-0.99/s43/resolved.yaml"",""receipt.json"":""logs/cosine/awc4/h40/lr-0.006-b1-0.95-b2-0.99/s43/receipt.json"",""request.json"":""logs/cosine/awc4/h40/lr-0.006-b1-0.95-b2-0.99/s43/request.json"",""environment.json"":""shared/environment-cf9ba8df2d59dac9c5b00ee9d0f2a05c53bcadfd11643b2ed7a5ab5a170f3273.json""}"
awc4-cosine-h40--0.006--0.95--0.99--s44,awc4,40,1570182.8258737137,1515161.02179783,1394741.964035626,103.22941665299004,688.4777642779954,40.78472375869751,2555309,2026-09-16,"{""metrics.jsonl"":""logs/cosine/awc4/h40/lr-0.006-b1-0.95-b2-0.99/s44/metrics.jsonl"",""result.json"":""logs/cosine/awc4/h40/lr-0.006-b1-0.95-b2-0.99/s44/result.json"",""resolved.yaml"":""logs/cosine/awc4/h40/lr-0.006-b1-0.95-b2-0.99/s44/resolved.yaml"",""receipt.json"":""logs/cosine/awc4/h40/lr-0.006-b1-0.95-b2-0.99/s44/receipt.json"",""request.json"":""logs/cosine/awc4/h40/lr-0.006-b1-0.95-b2-0.99/s44/request.json"",""environment.json"":""shared/environment-bb3b0bf4f62ea63524c74c61298aec9d791fe0e0374ae234cbbf2f2d35334d0c.json""}"
awc4-cosine-h40--0.006--0.95--0.999--s42,awc4,40,1620246.2407720995,1567895.9939736656,1444407.0800348886,100.49365362500248,665.6280161449977,40.78472375869751,2555438,2026-09-16,"{""metrics.jsonl"":""logs/cosine/awc4/h40/lr-0.006-b1-0.95-b2-0.999/s42/metrics.jsonl"",""result.json"":""logs/cosine/awc4/h40/lr-0.006-b1-0.95-b2-0.999/s42/result.json"",""resolved.yaml"":""logs/cosine/awc4/h40/lr-0.006-b1-0.95-b2-0.999/s42/resolved.yaml"",""receipt.json"":""logs/cosine/awc4/h40/lr-0.006-b1-0.95-b2-0.999/s42/receipt.json"",""request.json"":""logs/cosine/awc4/h40/lr-0.006-b1-0.95-b2-0.999/s42/request.json"",""environment.json"":""shared/environment-ffda9fea36ca9343c5e3aa0d72a62557034fea2ed1c81de20f7f5074c801dfc0.json""}"
awc4-cosine-h40--0.006--0.95--0.999--s43,awc4,40,1634905.7818383381,1580687.2663919863,1452002.8360154056,99.84677337000903,662.0143252589914,40.78472375869751,2555481,2026-09-16,"{""metrics.jsonl"":""logs/cosine/awc4/h40/lr-0.006-b1-0.95-b2-0.999/s43/metrics.jsonl"",""result.json"":""logs/cosine/awc4/h40/lr-0.006-b1-0.95-b2-0.999/s43/result.json"",""resolved.yaml"":""logs/cosine/awc4/h40/lr-0.006-b1-0.95-b2-0.999/s43/resolved.yaml"",""receipt.json"":""logs/cosine/awc4/h40/lr-0.006-b1-0.95-b2-0.999/s43/receipt.json"",""request.json"":""logs/cosine/awc4/h40/lr-0.006-b1-0.95-b2-0.999/s43/request.json"",""environment.json"":""shared/environment-269aa1e488a75622674b1627f8d458636201061bfb406a3ac18ec713a42dc348.json""}"
awc4-cosine-h40--0.006--0.95--0.999--s44,awc4,40,1611722.2316063242,1558389.865787813,1435302.6012854145,101.13603175399476,669.8467817539931,40.78472375869751,2555501,2026-09-16,"{""metrics.jsonl"":""logs/cosine/awc4/h40/lr-0.006-b1-0.95-b2-0.999/s44/metrics.jsonl"",""result.json"":""logs/cosine/awc4/h40/lr-0.006-b1-0.95-b2-0.999/s44/result.json"",""resolved.yaml"":""logs/cosine/awc4/h40/lr-0.006-b1-0.95-b2-0.999/s44/resolved.yaml"",""receipt.json"":""logs/cosine/awc4/h40/lr-0.006-b1-0.95-b2-0.999/s44/receipt.json"",""request.json"":""logs/cosine/awc4/h40/lr-0.006-b1-0.95-b2-0.999/s44/request.json"",""environment.json"":""shared/environment-fd3d75404621862ba7e3cb132abe66d9fb7de4c58ae1d94be11d72b48088a04b.json""}"
awc4-cosine-h40--0.006--0.974--0.99--s42,awc4,40,1598237.5734821677,1544386.3348264836,1422893.4945233539,102.50112323299982,676.2782890840026,40.78472375869751,2555563,2026-09-16,"{""metrics.jsonl"":""logs/cosine/awc4/h40/lr-0.006-b1-0.974-b2-0.99/s42/metrics.jsonl"",""result.json"":""logs/cosine/awc4/h40/lr-0.006-b1-0.974-b2-0.99/s42/result.json"",""resolved.yaml"":""logs/cosine/awc4/h40/lr-0.006-b1-0.974-b2-0.99/s42/resolved.yaml"",""receipt.json"":""logs/cosine/awc4/h40/lr-0.006-b1-0.974-b2-0.99/s42/receipt.json"",""request.json"":""logs/cosine/awc4/h40/lr-0.006-b1-0.974-b2-0.99/s42/request.json"",""environment.json"":""shared/environment-9611ea009890bc80fd09d46f7bdbfe8bcb6adddf65d28e4c34c89fe403f26a10.json""}"
awc4-cosine-h40--0.006--0.974--0.99--s43,awc4,40,1599694.1554280836,1545147.7159578747,1423802.3208124337,101.66962621199491,674.9973153879982,40.78472375869751,2555564,2026-09-16,"{""metrics.jsonl"":""logs/cosine/awc4/h40/lr-0.006-b1-0.974-b2-0.99/s43/metrics.jsonl"",""result.json"":""logs/cosine/awc4/h40/lr-0.006-b1-0.974-b2-0.99/s43/result.json"",""resolved.yaml"":""logs/cosine/awc4/h40/lr-0.006-b1-0.974-b2-0.99/s43/resolved.yaml"",""receipt.json"":""logs/cosine/awc4/h40/lr-0.006-b1-0.974-b2-0.99/s43/receipt.json"",""request.json"":""logs/cosine/awc4/h40/lr-0.006-b1-0.974-b2-0.99/s43/request.json"",""environment.json"":""shared/environment-e003f27d3f6b931bf5a5e8f88d9f92722d74ba23bff7a3d9d45d9603ee374982.json""}"
awc4-cosine-h40--0.006--0.974--0.99--s44,awc4,40,1603676.1408500269,1551581.4515877548,1429879.7872174296,100.97842389900325,671.8984709420038,40.78472375869751,2555567,2026-09-16,"{""metrics.jsonl"":""logs/cosine/awc4/h40/lr-0.006-b1-0.974-b2-0.99/s44/metrics.jsonl"",""result.json"":""logs/cosine/awc4/h40/lr-0.006-b1-0.974-b2-0.99/s44/result.json"",""resolved.yaml"":""logs/cosine/awc4/h40/lr-0.006-b1-0.974-b2-0.99/s44/resolved.yaml"",""receipt.json"":""logs/cosine/awc4/h40/lr-0.006-b1-0.974-b2-0.99/s44/receipt.json"",""request.json"":""logs/cosine/awc4/h40/lr-0.006-b1-0.974-b2-0.99/s44/request.json"",""environment.json"":""shared/environment-b458cb6a5f55e17a84b7d0fb7833077ce963b1b9f13f8b6856b5841605b2f461.json""}"
awc4-cosine-h40--0.006--0.974--0.999--s42,awc4,40,1600050.4844941883,1546739.0618059747,1423207.134982105,101.52932909100491,675.0683187179966,40.78472375869751,2555592,2026-09-16,"{""metrics.jsonl"":""logs/cosine/awc4/h40/lr-0.006-b1-0.974-b2-0.999/s42/metrics.jsonl"",""result.json"":""logs/cosine/awc4/h40/lr-0.006-b1-0.974-b2-0.999/s42/result.json"",""resolved.yaml"":""logs/cosine/awc4/h40/lr-0.006-b1-0.974-b2-0.999/s42/resolved.yaml"",""receipt.json"":""logs/cosine/awc4/h40/lr-0.006-b1-0.974-b2-0.999/s42/receipt.json"",""request.json"":""logs/cosine/awc4/h40/lr-0.006-b1-0.974-b2-0.999/s42/request.json"",""environment.json"":""shared/environment-42449a2378f12cd3cbe624723c97374308bda8e5a64d8ef0c7634af82e0df0b8.json""}"
awc4-cosine-h40--0.006--0.974--0.999--s43,awc4,40,1580067.4877904577,1527247.7973260994,1408506.987656331,101.84324116198695,681.3819990610064,40.78472375869751,2555595,2026-09-16,"{""metrics.jsonl"":""logs/cosine/awc4/h40/lr-0.006-b1-0.974-b2-0.999/s43/metrics.jsonl"",""result.json"":""logs/cosine/awc4/h40/lr-0.006-b1-0.974-b2-0.999/s43/result.json"",""resolved.yaml"":""logs/cosine/awc4/h40/lr-0.006-b1-0.974-b2-0.999/s43/resolved.yaml"",""receipt.json"":""logs/cosine/awc4/h40/lr-0.006-b1-0.974-b2-0.999/s43/receipt.json"",""request.json"":""logs/cosine/awc4/h40/lr-0.006-b1-0.974-b2-0.999/s43/request.json"",""environment.json"":""shared/environment-81d6abf5d28e8d7860331dfc83027eaa9398a737c86197722a0311c21777a182.json""}"
awc4-cosine-h40--0.006--0.974--0.999--s44,awc4,40,1580090.7851581885,1528527.2656858696,1408708.0387095744,102.37063739499717,681.8485342119966,40.78472375869751,2555604,2026-09-16,"{""metrics.jsonl"":""logs/cosine/awc4/h40/lr-0.006-b1-0.974-b2-0.999/s44/metrics.jsonl"",""result.json"":""logs/cosine/awc4/h40/lr-0.006-b1-0.974-b2-0.999/s44/result.json"",""resolved.yaml"":""logs/cosine/awc4/h40/lr-0.006-b1-0.974-b2-0.999/s44/resolved.yaml"",""receipt.json"":""logs/cosine/awc4/h40/lr-0.006-b1-0.974-b2-0.999/s44/receipt.json"",""request.json"":""logs/cosine/awc4/h40/lr-0.006-b1-0.974-b2-0.999/s44/request.json"",""environment.json"":""shared/environment-24f977ff949dc8e5cacbfeb266520f553ed0cd7007c72bf77abbfafff4e39fbe.json""}"
awc4-cosine-h40--0.007--0.9--0.99--s42,awc4,40,1628900.1737927115,1574361.0503454986,1450051.9367527885,99.31633354899532,662.2656131039985,40.78472375869751,2554714,2026-09-16,"{""metrics.jsonl"":""logs/cosine/awc4/h40/lr-0.007-b1-0.9-b2-0.99/s42/metrics.jsonl"",""result.json"":""logs/cosine/awc4/h40/lr-0.007-b1-0.9-b2-0.99/s42/result.json"",""resolved.yaml"":""logs/cosine/awc4/h40/lr-0.007-b1-0.9-b2-0.99/s42/resolved.yaml"",""receipt.json"":""logs/cosine/awc4/h40/lr-0.007-b1-0.9-b2-0.99/s42/receipt.json"",""request.json"":""logs/cosine/awc4/h40/lr-0.007-b1-0.9-b2-0.99/s42/request.json"",""environment.json"":""shared/environment-0cd73724804575f5f92b010f6005f28c5fb331df4c86bad216f93c19223e842d.json""}"
awc4-cosine-h40--0.007--0.9--0.99--s43,awc4,40,1639056.393544425,1584479.863809424,1456774.3681293775,100.26823992899153,660.6252525760065,40.78472375869751,2554715,2026-09-16,"{""metrics.jsonl"":""logs/cosine/awc4/h40/lr-0.007-b1-0.9-b2-0.99/s43/metrics.jsonl"",""result.json"":""logs/cosine/awc4/h40/lr-0.007-b1-0.9-b2-0.99/s43/result.json"",""resolved.yaml"":""logs/cosine/awc4/h40/lr-0.007-b1-0.9-b2-0.99/s43/resolved.yaml"",""receipt.json"":""logs/cosine/awc4/h40/lr-0.007-b1-0.9-b2-0.99/s43/receipt.json"",""request.json"":""logs/cosine/awc4/h40/lr-0.007-b1-0.9-b2-0.99/s43/request.json"",""environment.json"":""shared/environment-74bd5d8065c5a0040d24c37faecff5643893f903b86a6b51e26884f9f0fe07cb.json""}"
awc4-cosine-h40--0.007--0.9--0.99--s44,awc4,40,1602579.3396148707,1551072.9915234114,1429096.176629259,101.36587966399384,672.5561638479994,40.78472375869751,2554827,2026-09-16,"{""metrics.jsonl"":""logs/cosine/awc4/h40/lr-0.007-b1-0.9-b2-0.99/s44/metrics.jsonl"",""result.json"":""logs/cosine/awc4/h40/lr-0.007-b1-0.9-b2-0.99/s44/result.json"",""resolved.yaml"":""logs/cosine/awc4/h40/lr-0.007-b1-0.9-b2-0.99/s44/resolved.yaml"",""receipt.json"":""logs/cosine/awc4/h40/lr-0.007-b1-0.9-b2-0.99/s44/receipt.json"",""request.json"":""logs/cosine/awc4/h40/lr-0.007-b1-0.9-b2-0.99/s44/request.json"",""environment.json"":""shared/environment-dd989dc45436eca344268fb7c31608f24439fd95cd5e95a4752e64cf7b5f44d9.json""}"
awc4-cosine-h40--0.007--0.9--0.999--s42,awc4,40,1610697.625067713,1558647.1919749165,1435315.0887509463,101.32277429999885,670.0338242140024,40.78472375869751,2555253,2026-09-16,"{""metrics.jsonl"":""logs/cosine/awc4/h40/lr-0.007-b1-0.9-b2-0.999/s42/metrics.jsonl"",""result.json"":""logs/cosine/awc4/h40/lr-0.007-b1-0.9-b2-0.999/s42/result.json"",""resolved.yaml"":""logs/cosine/awc4/h40/lr-0.007-b1-0.9-b2-0.999/s42/resolved.yaml"",""receipt.json"":""logs/cosine/awc4/h40/lr-0.007-b1-0.9-b2-0.999/s42/receipt.json"",""request.json"":""logs/cosine/awc4/h40/lr-0.007-b1-0.9-b2-0.999/s42/request.json"",""environment.json"":""shared/environment-a6f7df813afd0d7b4df14c509b20e402e5d5a00d9c8761778e22dc353f0f3786.json""}"
awc4-cosine-h40--0.007--0.9--0.999--s43,awc4,40,1603959.8863664486,1481187.5195530513,1369853.3244194093,99.94264306100376,696.3112868000026,40.78472375869751,2555264,2026-09-16,"{""metrics.jsonl"":""logs/cosine/awc4/h40/lr-0.007-b1-0.9-b2-0.999/s43/metrics.jsonl"",""result.json"":""logs/cosine/awc4/h40/lr-0.007-b1-0.9-b2-0.999/s43/result.json"",""resolved.yaml"":""logs/cosine/awc4/h40/lr-0.007-b1-0.9-b2-0.999/s43/resolved.yaml"",""receipt.json"":""logs/cosine/awc4/h40/lr-0.007-b1-0.9-b2-0.999/s43/receipt.json"",""request.json"":""logs/cosine/awc4/h40/lr-0.007-b1-0.9-b2-0.999/s43/request.json"",""environment.json"":""shared/environment-5c87027ce244e26c73677ea8f11c8324140332974e98e6d41c748740756db5ca.json""}"
awc4-cosine-h40--0.007--0.9--0.999--s44,awc4,40,1580742.4231207175,1457848.5304396474,1346466.1649169405,102.29948374700325,708.9605513819988,40.78472375869751,2555265,2026-09-16,"{""metrics.jsonl"":""logs/cosine/awc4/h40/lr-0.007-b1-0.9-b2-0.999/s44/metrics.jsonl"",""result.json"":""logs/cosine/awc4/h40/lr-0.007-b1-0.9-b2-0.999/s44/result.json"",""resolved.yaml"":""logs/cosine/awc4/h40/lr-0.007-b1-0.9-b2-0.999/s44/resolved.yaml"",""receipt.json"":""logs/cosine/awc4/h40/lr-0.007-b1-0.9-b2-0.999/s44/receipt.json"",""request.json"":""logs/cosine/awc4/h40/lr-0.007-b1-0.9-b2-0.999/s44/request.json"",""environment.json"":""shared/environment-a6c0a9e3ceb8591859836914482a7f7e8224aa04d475c694673efa3ec4be7b38.json""}"
awc4-cosine-h40--0.007--0.95--0.99--s42,awc4,40,1631187.6899837751,1528248.743511938,1409727.4743439462,98.5560085950001,677.9974761129997,40.78472375869751,2552244,2026-09-16,"{""metrics.jsonl"":""logs/cosine/awc4/h40/lr-0.007-b1-0.95-b2-0.99/s42/metrics.jsonl"",""result.json"":""logs/cosine/awc4/h40/lr-0.007-b1-0.95-b2-0.99/s42/result.json"",""resolved.yaml"":""logs/cosine/awc4/h40/lr-0.007-b1-0.95-b2-0.99/s42/resolved.yaml"",""receipt.json"":""logs/cosine/awc4/h40/lr-0.007-b1-0.95-b2-0.99/s42/receipt.json"",""request.json"":""logs/cosine/awc4/h40/lr-0.007-b1-0.95-b2-0.99/s42/request.json"",""environment.json"":""shared/environment-85d14b34493cbd0b6d2f371fa437d63acf0d41cdb05760e323a218d84d7d1de4.json""}"
awc4-cosine-h40--0.007--0.95--0.99--s43,awc4,40,1602410.279614943,1466611.283764963,1355785.1187008931,100.80043860800106,703.4161967730015,40.78472375869751,2555316,2026-09-16,"{""metrics.jsonl"":""logs/cosine/awc4/h40/lr-0.007-b1-0.95-b2-0.99/s43/metrics.jsonl"",""result.json"":""logs/cosine/awc4/h40/lr-0.007-b1-0.95-b2-0.99/s43/result.json"",""resolved.yaml"":""logs/cosine/awc4/h40/lr-0.007-b1-0.95-b2-0.99/s43/resolved.yaml"",""receipt.json"":""logs/cosine/awc4/h40/lr-0.007-b1-0.95-b2-0.99/s43/receipt.json"",""request.json"":""logs/cosine/awc4/h40/lr-0.007-b1-0.95-b2-0.99/s43/request.json"",""environment.json"":""shared/environment-091480eecb9f0654b9cbcddd5f8c14a99f7e3944086c7b439ce8088111e5273d.json""}"
awc4-cosine-h40--0.007--0.95--0.99--s44,awc4,40,1600615.6120996578,1464844.2478330794,1351031.7026409006,100.92250948600122,705.6169169989989,40.78472375869751,2555327,2026-09-16,"{""metrics.jsonl"":""logs/cosine/awc4/h40/lr-0.007-b1-0.95-b2-0.99/s44/metrics.jsonl"",""result.json"":""logs/cosine/awc4/h40/lr-0.007-b1-0.95-b2-0.99/s44/result.json"",""resolved.yaml"":""logs/cosine/awc4/h40/lr-0.007-b1-0.95-b2-0.99/s44/resolved.yaml"",""receipt.json"":""logs/cosine/awc4/h40/lr-0.007-b1-0.95-b2-0.99/s44/receipt.json"",""request.json"":""logs/cosine/awc4/h40/lr-0.007-b1-0.95-b2-0.99/s44/request.json"",""environment.json"":""shared/environment-de2f06b5b5d7846e378d76b4fe7b79548cc1f4a83f0b8a7f1eb85510e2bdb0ae.json""}"
awc4-cosine-h40--0.007--0.95--0.999--s42,awc4,40,1582710.785365974,1532317.241136532,1401961.065581814,101.96810810999887,684.2390523009963,40.78472375869751,2555502,2026-09-16,"{""metrics.jsonl"":""logs/cosine/awc4/h40/lr-0.007-b1-0.95-b2-0.999/s42/metrics.jsonl"",""result.json"":""logs/cosine/awc4/h40/lr-0.007-b1-0.95-b2-0.999/s42/result.json"",""resolved.yaml"":""logs/cosine/awc4/h40/lr-0.007-b1-0.95-b2-0.999/s42/resolved.yaml"",""receipt.json"":""logs/cosine/awc4/h40/lr-0.007-b1-0.95-b2-0.999/s42/receipt.json"",""request.json"":""logs/cosine/awc4/h40/lr-0.007-b1-0.95-b2-0.999/s42/request.json"",""environment.json"":""shared/environment-b7460c880ecfca383989cb8d4b13d02988ac20c85dc466092077de1897b3eda1.json""}"
awc4-cosine-h40--0.007--0.95--0.999--s43,awc4,40,1577157.3832580189,1455769.83944352,1346415.7400425703,100.93120280500443,707.7147304760001,40.78472375869751,2555503,2026-09-16,"{""metrics.jsonl"":""logs/cosine/awc4/h40/lr-0.007-b1-0.95-b2-0.999/s43/metrics.jsonl"",""result.json"":""logs/cosine/awc4/h40/lr-0.007-b1-0.95-b2-0.999/s43/result.json"",""resolved.yaml"":""logs/cosine/awc4/h40/lr-0.007-b1-0.95-b2-0.999/s43/resolved.yaml"",""receipt.json"":""logs/cosine/awc4/h40/lr-0.007-b1-0.95-b2-0.999/s43/receipt.json"",""request.json"":""logs/cosine/awc4/h40/lr-0.007-b1-0.95-b2-0.999/s43/request.json"",""environment.json"":""shared/environment-0b9e54a378719ce4396fcdac9329356368b35831944a524fddf60b7933a27e10.json""}"
awc4-cosine-h40--0.007--0.95--0.999--s44,awc4,40,1572400.5278510659,1521961.0561625906,1402466.3925477557,102.84651574399322,684.9070049740112,40.78472375869751,2555506,2026-09-16,"{""metrics.jsonl"":""logs/cosine/awc4/h40/lr-0.007-b1-0.95-b2-0.999/s44/metrics.jsonl"",""result.json"":""logs/cosine/awc4/h40/lr-0.007-b1-0.95-b2-0.999/s44/result.json"",""resolved.yaml"":""logs/cosine/awc4/h40/lr-0.007-b1-0.95-b2-0.999/s44/resolved.yaml"",""receipt.json"":""logs/cosine/awc4/h40/lr-0.007-b1-0.95-b2-0.999/s44/receipt.json"",""request.json"":""logs/cosine/awc4/h40/lr-0.007-b1-0.95-b2-0.999/s44/request.json"",""environment.json"":""shared/environment-c1eb4c58e0b119c952ca23aaaf64a90715c75185e9a3494c950155e5ef4efc26.json""}"
awc4-cosine-h40--0.007--0.974--0.99--s42,awc4,40,1591839.7714345686,1537461.6872493671,1416866.8806975624,100.69090430399228,676.8316344589985,40.78472375869751,2555568,2026-09-16,"{""metrics.jsonl"":""logs/cosine/awc4/h40/lr-0.007-b1-0.974-b2-0.99/s42/metrics.jsonl"",""result.json"":""logs/cosine/awc4/h40/lr-0.007-b1-0.974-b2-0.99/s42/result.json"",""resolved.yaml"":""logs/cosine/awc4/h40/lr-0.007-b1-0.974-b2-0.99/s42/resolved.yaml"",""receipt.json"":""logs/cosine/awc4/h40/lr-0.007-b1-0.974-b2-0.99/s42/receipt.json"",""request.json"":""logs/cosine/awc4/h40/lr-0.007-b1-0.974-b2-0.99/s42/request.json"",""environment.json"":""shared/environment-05758b6b0c5bf89394a983812fb4109ab9b77d8d5f0e58c5f2aa655519649406.json""}"
awc4-cosine-h40--0.007--0.974--0.99--s43,awc4,40,1562923.6007078933,1510008.2463476732,1391768.2856428497,103.40427905599063,689.8975049750006,40.78472375869751,2555569,2026-09-16,"{""metrics.jsonl"":""logs/cosine/awc4/h40/lr-0.007-b1-0.974-b2-0.99/s43/metrics.jsonl"",""result.json"":""logs/cosine/awc4/h40/lr-0.007-b1-0.974-b2-0.99/s43/result.json"",""resolved.yaml"":""logs/cosine/awc4/h40/lr-0.007-b1-0.974-b2-0.99/s43/resolved.yaml"",""receipt.json"":""logs/cosine/awc4/h40/lr-0.007-b1-0.974-b2-0.99/s43/receipt.json"",""request.json"":""logs/cosine/awc4/h40/lr-0.007-b1-0.974-b2-0.99/s43/request.json"",""environment.json"":""shared/environment-abab2f797e5e60bd299113f1567cdeb8a9f3c1494843e74ca28bf9f48bcc4ba4.json""}"
awc4-cosine-h40--0.007--0.974--0.99--s44,awc4,40,1616712.4360337395,1488195.199209325,1375968.2079295395,100.41666559901205,694.2587753260013,40.78472375869751,2555570,2026-09-16,"{""metrics.jsonl"":""logs/cosine/awc4/h40/lr-0.007-b1-0.974-b2-0.99/s44/metrics.jsonl"",""result.json"":""logs/cosine/awc4/h40/lr-0.007-b1-0.974-b2-0.99/s44/result.json"",""resolved.yaml"":""logs/cosine/awc4/h40/lr-0.007-b1-0.974-b2-0.99/s44/resolved.yaml"",""receipt.json"":""logs/cosine/awc4/h40/lr-0.007-b1-0.974-b2-0.99/s44/receipt.json"",""request.json"":""logs/cosine/awc4/h40/lr-0.007-b1-0.974-b2-0.99/s44/request.json"",""environment.json"":""shared/environment-61460994a614c293c5ce369b46cd2052508c43e98f5d6826887b29a58c603b7b.json""}"
awc4-cosine-h40--0.007--0.974--0.999--s42,awc4,40,1602169.8269009325,1549588.4468644205,1427340.181944838,101.15245016700646,673.069759156002,40.78472375869751,2555648,2026-09-16,"{""metrics.jsonl"":""logs/cosine/awc4/h40/lr-0.007-b1-0.974-b2-0.999/s42/metrics.jsonl"",""result.json"":""logs/cosine/awc4/h40/lr-0.007-b1-0.974-b2-0.999/s42/result.json"",""resolved.yaml"":""logs/cosine/awc4/h40/lr-0.007-b1-0.974-b2-0.999/s42/resolved.yaml"",""receipt.json"":""logs/cosine/awc4/h40/lr-0.007-b1-0.974-b2-0.999/s42/receipt.json"",""request.json"":""logs/cosine/awc4/h40/lr-0.007-b1-0.974-b2-0.999/s42/request.json"",""environment.json"":""shared/environment-163e402f920eb76046132900957c20133c150b82fbd1993f8bce1bbdba2ec8b5.json""}"
awc4-cosine-h40--0.007--0.974--0.999--s43,awc4,40,1607793.361205959,1482063.2586135135,1369280.66128904,100.83676194399595,697.4442623159994,40.78472375869751,2555649,2026-09-16,"{""metrics.jsonl"":""logs/cosine/awc4/h40/lr-0.007-b1-0.974-b2-0.999/s43/metrics.jsonl"",""result.json"":""logs/cosine/awc4/h40/lr-0.007-b1-0.974-b2-0.999/s43/result.json"",""resolved.yaml"":""logs/cosine/awc4/h40/lr-0.007-b1-0.974-b2-0.999/s43/resolved.yaml"",""receipt.json"":""logs/cosine/awc4/h40/lr-0.007-b1-0.974-b2-0.999/s43/receipt.json"",""request.json"":""logs/cosine/awc4/h40/lr-0.007-b1-0.974-b2-0.999/s43/request.json"",""environment.json"":""shared/environment-230c23fa1f0acacc54e42191179635a1c93c04859d11aa821d97afb2a71ec163.json""}"
awc4-cosine-h40--0.007--0.974--0.999--s44,awc4,40,1608459.1349620454,1553931.9098629425,1432361.662537958,101.13088742199761,671.1684161390003,40.78472375869751,2555805,2026-09-16,"{""metrics.jsonl"":""logs/cosine/awc4/h40/lr-0.007-b1-0.974-b2-0.999/s44/metrics.jsonl"",""result.json"":""logs/cosine/awc4/h40/lr-0.007-b1-0.974-b2-0.999/s44/result.json"",""resolved.yaml"":""logs/cosine/awc4/h40/lr-0.007-b1-0.974-b2-0.999/s44/resolved.yaml"",""receipt.json"":""logs/cosine/awc4/h40/lr-0.007-b1-0.974-b2-0.999/s44/receipt.json"",""request.json"":""logs/cosine/awc4/h40/lr-0.007-b1-0.974-b2-0.999/s44/request.json"",""environment.json"":""shared/environment-3c81780f075dabef849a5a02a30ab76010458a0eec1de1c872410cb2535e0d16.json""}"
awc4-cosine-h40--0.008--0.9--0.99--s42,awc4,40,1589208.9865490575,1539628.1232117177,1419076.9880897265,101.23430931599432,676.4495205439962,40.78472375869751,2554895,2026-09-16,"{""metrics.jsonl"":""logs/cosine/awc4/h40/lr-0.008-b1-0.9-b2-0.99/s42/metrics.jsonl"",""result.json"":""logs/cosine/awc4/h40/lr-0.008-b1-0.9-b2-0.99/s42/result.json"",""resolved.yaml"":""logs/cosine/awc4/h40/lr-0.008-b1-0.9-b2-0.99/s42/resolved.yaml"",""receipt.json"":""logs/cosine/awc4/h40/lr-0.008-b1-0.9-b2-0.99/s42/receipt.json"",""request.json"":""logs/cosine/awc4/h40/lr-0.008-b1-0.9-b2-0.99/s42/request.json"",""environment.json"":""shared/environment-2a2176dd40f9e9780e097f7e5c7669eb0477d1660aa62c98aa38bae09037b1d4.json""}"
awc4-cosine-h40--0.008--0.9--0.99--s43,awc4,40,1612502.5571442824,1560411.971080262,1437672.4720590166,100.96089459399809,668.7343012969941,40.78472375869751,2554896,2026-09-16,"{""metrics.jsonl"":""logs/cosine/awc4/h40/lr-0.008-b1-0.9-b2-0.99/s43/metrics.jsonl"",""result.json"":""logs/cosine/awc4/h40/lr-0.008-b1-0.9-b2-0.99/s43/result.json"",""resolved.yaml"":""logs/cosine/awc4/h40/lr-0.008-b1-0.9-b2-0.99/s43/resolved.yaml"",""receipt.json"":""logs/cosine/awc4/h40/lr-0.008-b1-0.9-b2-0.99/s43/receipt.json"",""request.json"":""logs/cosine/awc4/h40/lr-0.008-b1-0.9-b2-0.99/s43/request.json"",""environment.json"":""shared/environment-4a99bb71243e59af25e46f5cdf67162dc928ad37aecb4fc94180c0ac15dd35ed.json""}"
awc4-cosine-h40--0.008--0.9--0.99--s44,awc4,40,1611110.3131054828,1558195.8083683217,1436216.1876251767,100.81339453598775,669.1538782779971,40.78472375869751,2554957,2026-09-16,"{""metrics.jsonl"":""logs/cosine/awc4/h40/lr-0.008-b1-0.9-b2-0.99/s44/metrics.jsonl"",""result.json"":""logs/cosine/awc4/h40/lr-0.008-b1-0.9-b2-0.99/s44/result.json"",""resolved.yaml"":""logs/cosine/awc4/h40/lr-0.008-b1-0.9-b2-0.99/s44/resolved.yaml"",""receipt.json"":""logs/cosine/awc4/h40/lr-0.008-b1-0.9-b2-0.99/s44/receipt.json"",""request.json"":""logs/cosine/awc4/h40/lr-0.008-b1-0.9-b2-0.99/s44/request.json"",""environment.json"":""shared/environment-3586c92c4affe8f94cb2ade71190efda30309e27308a7e10b3163b9c28126f85.json""}"
awc4-cosine-h40--0.008--0.9--0.999--s42,awc4,40,1582057.963947673,1530132.363449951,1409434.470400821,102.55202158399698,681.7970443230006,40.78472375869751,2555278,2026-09-16,"{""metrics.jsonl"":""logs/cosine/awc4/h40/lr-0.008-b1-0.9-b2-0.999/s42/metrics.jsonl"",""result.json"":""logs/cosine/awc4/h40/lr-0.008-b1-0.9-b2-0.999/s42/result.json"",""resolved.yaml"":""logs/cosine/awc4/h40/lr-0.008-b1-0.9-b2-0.999/s42/resolved.yaml"",""receipt.json"":""logs/cosine/awc4/h40/lr-0.008-b1-0.9-b2-0.999/s42/receipt.json"",""request.json"":""logs/cosine/awc4/h40/lr-0.008-b1-0.9-b2-0.999/s42/request.json"",""environment.json"":""shared/environment-09ad0ef3bb76731e0ff5be9abb80f80b72c11ec54e7fe313e6380760dca93965.json""}"
awc4-cosine-h40--0.008--0.9--0.999--s43,awc4,40,1608971.7666013972,1552900.0096867196,1429417.999317468,101.50557604499045,672.7187032429938,40.78472375869751,2555279,2026-09-16,"{""metrics.jsonl"":""logs/cosine/awc4/h40/lr-0.008-b1-0.9-b2-0.999/s43/metrics.jsonl"",""result.json"":""logs/cosine/awc4/h40/lr-0.008-b1-0.9-b2-0.999/s43/result.json"",""resolved.yaml"":""logs/cosine/awc4/h40/lr-0.008-b1-0.9-b2-0.999/s43/resolved.yaml"",""receipt.json"":""logs/cosine/awc4/h40/lr-0.008-b1-0.9-b2-0.999/s43/receipt.json"",""request.json"":""logs/cosine/awc4/h40/lr-0.008-b1-0.9-b2-0.999/s43/request.json"",""environment.json"":""shared/environment-96c6cff4c68f2ccdae343ac00cc9168298cf79d13140b4e3f0d199b702f9fe72.json""}"
awc4-cosine-h40--0.008--0.9--0.999--s44,awc4,40,1621876.3573874943,1569384.6888900257,1445810.310894449,100.4622313860018,665.0482043929951,40.78472375869751,2555280,2026-09-16,"{""metrics.jsonl"":""logs/cosine/awc4/h40/lr-0.008-b1-0.9-b2-0.999/s44/metrics.jsonl"",""result.json"":""logs/cosine/awc4/h40/lr-0.008-b1-0.9-b2-0.999/s44/result.json"",""resolved.yaml"":""logs/cosine/awc4/h40/lr-0.008-b1-0.9-b2-0.999/s44/resolved.yaml"",""receipt.json"":""logs/cosine/awc4/h40/lr-0.008-b1-0.9-b2-0.999/s44/receipt.json"",""request.json"":""logs/cosine/awc4/h40/lr-0.008-b1-0.9-b2-0.999/s44/request.json"",""environment.json"":""shared/environment-8502c4039bbef64c2076134f4de116c9dde2150b6a055f22f906629f486f79d2.json""}"
awc4-cosine-h40--0.008--0.95--0.99--s42,awc4,40,1602757.680017474,1457595.5945795984,1346788.8794013073,101.34531333600171,707.8907729529892,40.78472375869751,2555328,2026-09-16,"{""metrics.jsonl"":""logs/cosine/awc4/h40/lr-0.008-b1-0.95-b2-0.99/s42/metrics.jsonl"",""result.json"":""logs/cosine/awc4/h40/lr-0.008-b1-0.95-b2-0.99/s42/result.json"",""resolved.yaml"":""logs/cosine/awc4/h40/lr-0.008-b1-0.95-b2-0.99/s42/resolved.yaml"",""receipt.json"":""logs/cosine/awc4/h40/lr-0.008-b1-0.95-b2-0.99/s42/receipt.json"",""request.json"":""logs/cosine/awc4/h40/lr-0.008-b1-0.95-b2-0.99/s42/request.json"",""environment.json"":""shared/environment-29eb6d214f3b5a75fbf418006ccf65ea80d95dc14b7c9a495095a9233aae90be.json""}"
awc4-cosine-h40--0.008--0.95--0.99--s43,awc4,40,1592642.9465184922,1449414.8830265987,1333541.5031918485,102.6889113530051,715.3671461740014,40.78472375869751,2555338,2026-09-16,"{""metrics.jsonl"":""logs/cosine/awc4/h40/lr-0.008-b1-0.95-b2-0.99/s43/metrics.jsonl"",""result.json"":""logs/cosine/awc4/h40/lr-0.008-b1-0.95-b2-0.99/s43/result.json"",""resolved.yaml"":""logs/cosine/awc4/h40/lr-0.008-b1-0.95-b2-0.99/s43/resolved.yaml"",""receipt.json"":""logs/cosine/awc4/h40/lr-0.008-b1-0.95-b2-0.99/s43/receipt.json"",""request.json"":""logs/cosine/awc4/h40/lr-0.008-b1-0.95-b2-0.99/s43/request.json"",""environment.json"":""shared/environment-c16609cc2bffd95e3ee06a6ec8994b9308c1357e8d47a11626c0adf84d0651d6.json""}"
awc4-cosine-h40--0.008--0.95--0.99--s44,awc4,40,1612203.8182856538,1560611.9431534596,1437560.8588612655,100.48048273999302,668.2972639559885,40.78472375869751,2555339,2026-09-16,"{""metrics.jsonl"":""logs/cosine/awc4/h40/lr-0.008-b1-0.95-b2-0.99/s44/metrics.jsonl"",""result.json"":""logs/cosine/awc4/h40/lr-0.008-b1-0.95-b2-0.99/s44/result.json"",""resolved.yaml"":""logs/cosine/awc4/h40/lr-0.008-b1-0.95-b2-0.99/s44/resolved.yaml"",""receipt.json"":""logs/cosine/awc4/h40/lr-0.008-b1-0.95-b2-0.99/s44/receipt.json"",""request.json"":""logs/cosine/awc4/h40/lr-0.008-b1-0.95-b2-0.99/s44/request.json"",""environment.json"":""shared/environment-404ba42af56fca1f6e4240fde5ecefb14295bc42ceb98ed29d2b3896dbef39c7.json""}"
awc4-cosine-h40--0.008--0.95--0.999--s42,awc4,40,1597213.993493123,1545217.6924798407,1423394.2449505257,101.78072508900368,675.2859118079941,40.78472375869751,2555514,2026-09-16,"{""metrics.jsonl"":""logs/cosine/awc4/h40/lr-0.008-b1-0.95-b2-0.999/s42/metrics.jsonl"",""result.json"":""logs/cosine/awc4/h40/lr-0.008-b1-0.95-b2-0.999/s42/result.json"",""resolved.yaml"":""logs/cosine/awc4/h40/lr-0.008-b1-0.95-b2-0.999/s42/resolved.yaml"",""receipt.json"":""logs/cosine/awc4/h40/lr-0.008-b1-0.95-b2-0.999/s42/receipt.json"",""request.json"":""logs/cosine/awc4/h40/lr-0.008-b1-0.95-b2-0.999/s42/request.json"",""environment.json"":""shared/environment-94488e6a61206c39ad4f5305746f19825e9b5bd65c97b4f007cd779d8c9729fb.json""}"
awc4-cosine-h40--0.008--0.95--0.999--s43,awc4,40,1616099.4142210993,1562160.7885324499,1439251.663884104,99.8010985860019,666.9883405159926,40.78472375869751,2555515,2026-09-16,"{""metrics.jsonl"":""logs/cosine/awc4/h40/lr-0.008-b1-0.95-b2-0.999/s43/metrics.jsonl"",""result.json"":""logs/cosine/awc4/h40/lr-0.008-b1-0.95-b2-0.999/s43/result.json"",""resolved.yaml"":""logs/cosine/awc4/h40/lr-0.008-b1-0.95-b2-0.999/s43/resolved.yaml"",""receipt.json"":""logs/cosine/awc4/h40/lr-0.008-b1-0.95-b2-0.999/s43/receipt.json"",""request.json"":""logs/cosine/awc4/h40/lr-0.008-b1-0.95-b2-0.999/s43/request.json"",""environment.json"":""shared/environment-a0367502c9515b9b36b198290b726292c4559304069000dee3a85e5cd6233678.json""}"
awc4-cosine-h40--0.008--0.95--0.999--s44,awc4,40,1599682.9975225013,1540827.1348351226,1418722.3840850757,101.81850038899938,677.1804511279988,40.78472375869751,2555525,2026-09-16,"{""metrics.jsonl"":""logs/cosine/awc4/h40/lr-0.008-b1-0.95-b2-0.999/s44/metrics.jsonl"",""result.json"":""logs/cosine/awc4/h40/lr-0.008-b1-0.95-b2-0.999/s44/result.json"",""resolved.yaml"":""logs/cosine/awc4/h40/lr-0.008-b1-0.95-b2-0.999/s44/resolved.yaml"",""receipt.json"":""logs/cosine/awc4/h40/lr-0.008-b1-0.95-b2-0.999/s44/receipt.json"",""request.json"":""logs/cosine/awc4/h40/lr-0.008-b1-0.95-b2-0.999/s44/request.json"",""environment.json"":""shared/environment-3abd66d866cdd83aee66534d5ea2f2cf34ed77199ada5e28ddc219b7fd042bae.json""}"
awc4-cosine-h40--0.008--0.974--0.99--s42,awc4,40,1578023.4715328123,1528642.7590381997,1409285.6330229142,102.54510593599116,681.7682706930063,40.78472375869751,2555580,2026-09-16,"{""metrics.jsonl"":""logs/cosine/awc4/h40/lr-0.008-b1-0.974-b2-0.99/s42/metrics.jsonl"",""result.json"":""logs/cosine/awc4/h40/lr-0.008-b1-0.974-b2-0.99/s42/result.json"",""resolved.yaml"":""logs/cosine/awc4/h40/lr-0.008-b1-0.974-b2-0.99/s42/resolved.yaml"",""receipt.json"":""logs/cosine/awc4/h40/lr-0.008-b1-0.974-b2-0.99/s42/receipt.json"",""request.json"":""logs/cosine/awc4/h40/lr-0.008-b1-0.974-b2-0.99/s42/request.json"",""environment.json"":""shared/environment-91e35c614fc2419f4c0f13e70ea9049a64ba4788f0be450becbac398c49d0d4b.json""}"
awc4-cosine-h40--0.008--0.974--0.99--s43,awc4,40,1614851.1514550203,1560002.5723024071,1437381.1056167893,100.64516419298889,668.5993786809995,40.78472375869751,2555582,2026-09-16,"{""metrics.jsonl"":""logs/cosine/awc4/h40/lr-0.008-b1-0.974-b2-0.99/s43/metrics.jsonl"",""result.json"":""logs/cosine/awc4/h40/lr-0.008-b1-0.974-b2-0.99/s43/result.json"",""resolved.yaml"":""logs/cosine/awc4/h40/lr-0.008-b1-0.974-b2-0.99/s43/resolved.yaml"",""receipt.json"":""logs/cosine/awc4/h40/lr-0.008-b1-0.974-b2-0.99/s43/receipt.json"",""request.json"":""logs/cosine/awc4/h40/lr-0.008-b1-0.974-b2-0.99/s43/request.json"",""environment.json"":""shared/environment-9f02a4835cb45fc0835e1fcce4cb2f60120e5b0ffe6cebf68271008688269edb.json""}"
awc4-cosine-h40--0.008--0.974--0.99--s44,awc4,40,1612006.4123789833,1555177.6516077607,1433034.677251293,101.3024553159994,670.9155162030002,40.78472375869751,2555583,2026-09-16,"{""metrics.jsonl"":""logs/cosine/awc4/h40/lr-0.008-b1-0.974-b2-0.99/s44/metrics.jsonl"",""result.json"":""logs/cosine/awc4/h40/lr-0.008-b1-0.974-b2-0.99/s44/result.json"",""resolved.yaml"":""logs/cosine/awc4/h40/lr-0.008-b1-0.974-b2-0.99/s44/resolved.yaml"",""receipt.json"":""logs/cosine/awc4/h40/lr-0.008-b1-0.974-b2-0.99/s44/receipt.json"",""request.json"":""logs/cosine/awc4/h40/lr-0.008-b1-0.974-b2-0.99/s44/request.json"",""environment.json"":""shared/environment-beabb574126cb4195e33e5451db94d672745d72bbe1115f484379c26434ac536.json""}"
awc4-cosine-h40--0.008--0.974--0.999--s42,awc4,40,1620594.2880105702,1568651.4070392407,1443585.082316405,100.45903422399715,665.9160688010015,40.78472375869751,2555843,2026-09-16,"{""metrics.jsonl"":""logs/cosine/awc4/h40/lr-0.008-b1-0.974-b2-0.999/s42/metrics.jsonl"",""result.json"":""logs/cosine/awc4/h40/lr-0.008-b1-0.974-b2-0.999/s42/result.json"",""resolved.yaml"":""logs/cosine/awc4/h40/lr-0.008-b1-0.974-b2-0.999/s42/resolved.yaml"",""receipt.json"":""logs/cosine/awc4/h40/lr-0.008-b1-0.974-b2-0.999/s42/receipt.json"",""request.json"":""logs/cosine/awc4/h40/lr-0.008-b1-0.974-b2-0.999/s42/request.json"",""environment.json"":""shared/environment-df250c2755df8ccb1e4c61dd330f25c6a562104dba1b3f0ac10f6291a0cfa309.json""}"
awc4-cosine-h40--0.008--0.974--0.999--s43,awc4,40,1587823.5098613955,1537111.5881958106,1416025.7361799486,102.17780212799698,678.647605872,40.78472375869751,2555982,2026-09-16,"{""metrics.jsonl"":""logs/cosine/awc4/h40/lr-0.008-b1-0.974-b2-0.999/s43/metrics.jsonl"",""result.json"":""logs/cosine/awc4/h40/lr-0.008-b1-0.974-b2-0.999/s43/result.json"",""resolved.yaml"":""logs/cosine/awc4/h40/lr-0.008-b1-0.974-b2-0.999/s43/resolved.yaml"",""receipt.json"":""logs/cosine/awc4/h40/lr-0.008-b1-0.974-b2-0.999/s43/receipt.json"",""request.json"":""logs/cosine/awc4/h40/lr-0.008-b1-0.974-b2-0.999/s43/request.json"",""environment.json"":""shared/environment-b35268795ddc61c7f5a02e9181830ed282257c5dcf0847d91feed71a709cdca6.json""}"
awc4-cosine-h40--0.008--0.974--0.999--s44,awc4,40,1579173.283293173,1529472.6321882627,1404501.8228416562,103.18360298300104,684.3798784170067,40.78472375869751,2556002,2026-09-16,"{""metrics.jsonl"":""logs/cosine/awc4/h40/lr-0.008-b1-0.974-b2-0.999/s44/metrics.jsonl"",""result.json"":""logs/cosine/awc4/h40/lr-0.008-b1-0.974-b2-0.999/s44/result.json"",""resolved.yaml"":""logs/cosine/awc4/h40/lr-0.008-b1-0.974-b2-0.999/s44/resolved.yaml"",""receipt.json"":""logs/cosine/awc4/h40/lr-0.008-b1-0.974-b2-0.999/s44/receipt.json"",""request.json"":""logs/cosine/awc4/h40/lr-0.008-b1-0.974-b2-0.999/s44/request.json"",""environment.json"":""shared/environment-4873f86ab1129e266f72ea467e6e5b473f690d6e00411af7b28fe4bee89a3c8a.json""}"
awc4-cosine-h40--0.009--0.9--0.99--s42,awc4,40,1602022.8238603354,1549271.0371048392,1427452.5128917967,101.50552760399296,673.3863919930009,40.78472375869751,2554958,2026-09-16,"{""metrics.jsonl"":""logs/cosine/awc4/h40/lr-0.009-b1-0.9-b2-0.99/s42/metrics.jsonl"",""result.json"":""logs/cosine/awc4/h40/lr-0.009-b1-0.9-b2-0.99/s42/result.json"",""resolved.yaml"":""logs/cosine/awc4/h40/lr-0.009-b1-0.9-b2-0.99/s42/resolved.yaml"",""receipt.json"":""logs/cosine/awc4/h40/lr-0.009-b1-0.9-b2-0.99/s42/receipt.json"",""request.json"":""logs/cosine/awc4/h40/lr-0.009-b1-0.9-b2-0.99/s42/request.json"",""environment.json"":""shared/environment-4c8af1ba7fdff1b646fe498b02772c9380f84fcd7661548f33a630f65ae37113.json""}"
awc4-cosine-h40--0.009--0.9--0.99--s43,awc4,40,1590257.216418345,1536366.298337617,1415557.8158849257,100.73232555900177,677.5017095329968,40.78472375869751,2555012,2026-09-16,"{""metrics.jsonl"":""logs/cosine/awc4/h40/lr-0.009-b1-0.9-b2-0.99/s43/metrics.jsonl"",""result.json"":""logs/cosine/awc4/h40/lr-0.009-b1-0.9-b2-0.99/s43/result.json"",""resolved.yaml"":""logs/cosine/awc4/h40/lr-0.009-b1-0.9-b2-0.99/s43/resolved.yaml"",""receipt.json"":""logs/cosine/awc4/h40/lr-0.009-b1-0.9-b2-0.99/s43/receipt.json"",""request.json"":""logs/cosine/awc4/h40/lr-0.009-b1-0.9-b2-0.99/s43/request.json"",""environment.json"":""shared/environment-b2e7dac04db6445c399805d362b42541d42f5ef5e4a597d9bee24ec2682a3df4.json""}"
awc4-cosine-h40--0.009--0.9--0.99--s44,awc4,40,1596548.594047271,1543405.036086672,1420151.7973355073,103.01672041701386,677.7880969069956,40.78472375869751,2555013,2026-09-16,"{""metrics.jsonl"":""logs/cosine/awc4/h40/lr-0.009-b1-0.9-b2-0.99/s44/metrics.jsonl"",""result.json"":""logs/cosine/awc4/h40/lr-0.009-b1-0.9-b2-0.99/s44/result.json"",""resolved.yaml"":""logs/cosine/awc4/h40/lr-0.009-b1-0.9-b2-0.99/s44/resolved.yaml"",""receipt.json"":""logs/cosine/awc4/h40/lr-0.009-b1-0.9-b2-0.99/s44/receipt.json"",""request.json"":""logs/cosine/awc4/h40/lr-0.009-b1-0.9-b2-0.99/s44/request.json"",""environment.json"":""shared/environment-831399a7b078f9b813d1d138f27ea5c7ebb41db5b91f6ed8255070a012020c69.json""}"
awc4-cosine-h40--0.009--0.9--0.999--s42,awc4,40,1602479.8463888867,1544636.703064466,1423560.1583706734,100.17087223700946,673.5941990830033,40.78472375869751,2555281,2026-09-16,"{""metrics.jsonl"":""logs/cosine/awc4/h40/lr-0.009-b1-0.9-b2-0.999/s42/metrics.jsonl"",""result.json"":""logs/cosine/awc4/h40/lr-0.009-b1-0.9-b2-0.999/s42/result.json"",""resolved.yaml"":""logs/cosine/awc4/h40/lr-0.009-b1-0.9-b2-0.999/s42/resolved.yaml"",""receipt.json"":""logs/cosine/awc4/h40/lr-0.009-b1-0.9-b2-0.999/s42/receipt.json"",""request.json"":""logs/cosine/awc4/h40/lr-0.009-b1-0.9-b2-0.999/s42/request.json"",""environment.json"":""shared/environment-334ffd5f610ef4ebb25913ec91fca0cd8587da7e0e4b262539c061ac04fa82f5.json""}"
awc4-cosine-h40--0.009--0.9--0.999--s43,awc4,40,1630636.7898396659,1569349.0523701129,1442778.9410714116,99.85603799000091,665.6199773749977,40.78472375869751,2555283,2026-09-16,"{""metrics.jsonl"":""logs/cosine/awc4/h40/lr-0.009-b1-0.9-b2-0.999/s43/metrics.jsonl"",""result.json"":""logs/cosine/awc4/h40/lr-0.009-b1-0.9-b2-0.999/s43/result.json"",""resolved.yaml"":""logs/cosine/awc4/h40/lr-0.009-b1-0.9-b2-0.999/s43/resolved.yaml"",""receipt.json"":""logs/cosine/awc4/h40/lr-0.009-b1-0.9-b2-0.999/s43/receipt.json"",""request.json"":""logs/cosine/awc4/h40/lr-0.009-b1-0.9-b2-0.999/s43/request.json"",""environment.json"":""shared/environment-18d35ef54acd2e78fce7b287e9cf34d85ddb1ecf893604c6688787f3ca536968.json""}"
awc4-cosine-h40--0.009--0.9--0.999--s44,awc4,40,1598423.4170135444,1454698.3754593553,1346922.8969645402,100.83592957100336,707.397190675998,40.78472375869751,2555284,2026-09-16,"{""metrics.jsonl"":""logs/cosine/awc4/h40/lr-0.009-b1-0.9-b2-0.999/s44/metrics.jsonl"",""result.json"":""logs/cosine/awc4/h40/lr-0.009-b1-0.9-b2-0.999/s44/result.json"",""resolved.yaml"":""logs/cosine/awc4/h40/lr-0.009-b1-0.9-b2-0.999/s44/resolved.yaml"",""receipt.json"":""logs/cosine/awc4/h40/lr-0.009-b1-0.9-b2-0.999/s44/receipt.json"",""request.json"":""logs/cosine/awc4/h40/lr-0.009-b1-0.9-b2-0.999/s44/request.json"",""environment.json"":""shared/environment-f9ca4b49c2dcbd53cdb5ca14e2b0db8be365f8cc8b50dba2019e54e005c360b3.json""}"
awc4-cosine-h40--0.009--0.95--0.99--s42,awc4,40,1599689.8372651152,1547163.4681223873,1426070.3145758738,101.2112944630062,673.6439072889916,40.78472375869751,2555352,2026-09-16,"{""metrics.jsonl"":""logs/cosine/awc4/h40/lr-0.009-b1-0.95-b2-0.99/s42/metrics.jsonl"",""result.json"":""logs/cosine/awc4/h40/lr-0.009-b1-0.95-b2-0.99/s42/result.json"",""resolved.yaml"":""logs/cosine/awc4/h40/lr-0.009-b1-0.95-b2-0.99/s42/resolved.yaml"",""receipt.json"":""logs/cosine/awc4/h40/lr-0.009-b1-0.95-b2-0.99/s42/receipt.json"",""request.json"":""logs/cosine/awc4/h40/lr-0.009-b1-0.95-b2-0.99/s42/request.json"",""environment.json"":""shared/environment-62cdf89623175bb7d5361251c15342b720d0966d63860e3f9d5b3acb2769f0bf.json""}"
awc4-cosine-h40--0.009--0.95--0.99--s43,awc4,40,1602984.4547931477,1551636.202473088,1429804.116138911,101.18165803799639,672.1204250240116,40.78472375869751,2555410,2026-09-16,"{""metrics.jsonl"":""logs/cosine/awc4/h40/lr-0.009-b1-0.95-b2-0.99/s43/metrics.jsonl"",""result.json"":""logs/cosine/awc4/h40/lr-0.009-b1-0.95-b2-0.99/s43/result.json"",""resolved.yaml"":""logs/cosine/awc4/h40/lr-0.009-b1-0.95-b2-0.99/s43/resolved.yaml"",""receipt.json"":""logs/cosine/awc4/h40/lr-0.009-b1-0.95-b2-0.99/s43/receipt.json"",""request.json"":""logs/cosine/awc4/h40/lr-0.009-b1-0.95-b2-0.99/s43/request.json"",""environment.json"":""shared/environment-30ee5a435199bd1ca2cc5cc75e231b4a0205ff73b6eb1901ff42c9719e6bcb04.json""}"
awc4-cosine-h40--0.009--0.95--0.99--s44,awc4,40,1625290.5054304143,1570671.4220837825,1446096.378854592,100.70656340000278,665.1928540560039,40.78472375869751,2555411,2026-09-16,"{""metrics.jsonl"":""logs/cosine/awc4/h40/lr-0.009-b1-0.95-b2-0.99/s44/metrics.jsonl"",""result.json"":""logs/cosine/awc4/h40/lr-0.009-b1-0.95-b2-0.99/s44/result.json"",""resolved.yaml"":""logs/cosine/awc4/h40/lr-0.009-b1-0.95-b2-0.99/s44/resolved.yaml"",""receipt.json"":""logs/cosine/awc4/h40/lr-0.009-b1-0.95-b2-0.99/s44/receipt.json"",""request.json"":""logs/cosine/awc4/h40/lr-0.009-b1-0.95-b2-0.99/s44/request.json"",""environment.json"":""shared/environment-f6e932e95007d0a8b0a6497c0ee11013bfff6b56d05110335c106c7e5db9df25.json""}"
awc4-cosine-h40--0.009--0.95--0.999--s42,awc4,40,1582872.413180713,1527917.277725388,1408390.053214059,101.58799663399986,681.1716525340016,40.78472375869751,2555529,2026-09-16,"{""metrics.jsonl"":""logs/cosine/awc4/h40/lr-0.009-b1-0.95-b2-0.999/s42/metrics.jsonl"",""result.json"":""logs/cosine/awc4/h40/lr-0.009-b1-0.95-b2-0.999/s42/result.json"",""resolved.yaml"":""logs/cosine/awc4/h40/lr-0.009-b1-0.95-b2-0.999/s42/resolved.yaml"",""receipt.json"":""logs/cosine/awc4/h40/lr-0.009-b1-0.95-b2-0.999/s42/receipt.json"",""request.json"":""logs/cosine/awc4/h40/lr-0.009-b1-0.95-b2-0.999/s42/request.json"",""environment.json"":""shared/environment-b97880092f5890b37901c7c18660fea1fb5abb930a937b0df5c289649cb57e2d.json""}"
awc4-cosine-h40--0.009--0.95--0.999--s43,awc4,40,1611470.8311894396,1558216.390320239,1434759.1174488645,101.5781537869916,670.5025796839909,40.78472375869751,2555530,2026-09-16,"{""metrics.jsonl"":""logs/cosine/awc4/h40/lr-0.009-b1-0.95-b2-0.999/s43/metrics.jsonl"",""result.json"":""logs/cosine/awc4/h40/lr-0.009-b1-0.95-b2-0.999/s43/result.json"",""resolved.yaml"":""logs/cosine/awc4/h40/lr-0.009-b1-0.95-b2-0.999/s43/resolved.yaml"",""receipt.json"":""logs/cosine/awc4/h40/lr-0.009-b1-0.95-b2-0.999/s43/receipt.json"",""request.json"":""logs/cosine/awc4/h40/lr-0.009-b1-0.95-b2-0.999/s43/request.json"",""environment.json"":""shared/environment-e8627fc66c4bf3768169d583c080e1684a6bf43196d9336919b21213416d7e15.json""}"
awc4-cosine-h40--0.009--0.95--0.999--s44,awc4,40,1602252.636640866,1550385.729554741,1428566.9818636668,101.04724434099626,672.4424708190054,40.78472375869751,2555547,2026-09-16,"{""metrics.jsonl"":""logs/cosine/awc4/h40/lr-0.009-b1-0.95-b2-0.999/s44/metrics.jsonl"",""result.json"":""logs/cosine/awc4/h40/lr-0.009-b1-0.95-b2-0.999/s44/result.json"",""resolved.yaml"":""logs/cosine/awc4/h40/lr-0.009-b1-0.95-b2-0.999/s44/resolved.yaml"",""receipt.json"":""logs/cosine/awc4/h40/lr-0.009-b1-0.95-b2-0.999/s44/receipt.json"",""request.json"":""logs/cosine/awc4/h40/lr-0.009-b1-0.95-b2-0.999/s44/request.json"",""environment.json"":""shared/environment-8bc4812381d185a640b809909cbe695172211fb71ac903ba59eaee2d736c4287.json""}"
awc4-cosine-h40--0.009--0.974--0.99--s42,awc4,40,1592977.3158002538,1534638.858644772,1415196.206335714,100.92770783099695,677.8479368629924,40.78472375869751,2555584,2026-09-16,"{""metrics.jsonl"":""logs/cosine/awc4/h40/lr-0.009-b1-0.974-b2-0.99/s42/metrics.jsonl"",""result.json"":""logs/cosine/awc4/h40/lr-0.009-b1-0.974-b2-0.99/s42/result.json"",""resolved.yaml"":""logs/cosine/awc4/h40/lr-0.009-b1-0.974-b2-0.99/s42/resolved.yaml"",""receipt.json"":""logs/cosine/awc4/h40/lr-0.009-b1-0.974-b2-0.99/s42/receipt.json"",""request.json"":""logs/cosine/awc4/h40/lr-0.009-b1-0.974-b2-0.99/s42/request.json"",""environment.json"":""shared/environment-8ec91ba964b8e3a56ffe7224f69687769ae623181ec690dc25d81a4aa0dcc099.json""}"
awc4-cosine-h40--0.009--0.974--0.99--s43,awc4,40,1595679.9092894057,1543587.1623643253,1421324.6614273249,102.91051755100489,677.2081782440073,40.78472375869751,2555585,2026-09-16,"{""metrics.jsonl"":""logs/cosine/awc4/h40/lr-0.009-b1-0.974-b2-0.99/s43/metrics.jsonl"",""result.json"":""logs/cosine/awc4/h40/lr-0.009-b1-0.974-b2-0.99/s43/result.json"",""resolved.yaml"":""logs/cosine/awc4/h40/lr-0.009-b1-0.974-b2-0.99/s43/resolved.yaml"",""receipt.json"":""logs/cosine/awc4/h40/lr-0.009-b1-0.974-b2-0.99/s43/receipt.json"",""request.json"":""logs/cosine/awc4/h40/lr-0.009-b1-0.974-b2-0.99/s43/request.json"",""environment.json"":""shared/environment-0a6494db258f60c7465bd13917b1a6a330fc41208d9ee7f585b9766075f6ad59.json""}"
awc4-cosine-h40--0.009--0.974--0.99--s44,awc4,40,1583012.8948340302,1533357.4549909628,1413170.9385686447,102.49788554000042,680.1215211909985,40.78472375869751,2555586,2026-09-16,"{""metrics.jsonl"":""logs/cosine/awc4/h40/lr-0.009-b1-0.974-b2-0.99/s44/metrics.jsonl"",""result.json"":""logs/cosine/awc4/h40/lr-0.009-b1-0.974-b2-0.99/s44/result.json"",""resolved.yaml"":""logs/cosine/awc4/h40/lr-0.009-b1-0.974-b2-0.99/s44/resolved.yaml"",""receipt.json"":""logs/cosine/awc4/h40/lr-0.009-b1-0.974-b2-0.99/s44/receipt.json"",""request.json"":""logs/cosine/awc4/h40/lr-0.009-b1-0.974-b2-0.99/s44/request.json"",""environment.json"":""shared/environment-eb624f2483fa3d79687be68a45c8eb9b379822b3900e7a82925ae5838b893f0a.json""}"
awc4-cosine-h40--0.009--0.974--0.999--s42,awc4,40,1617062.207435415,1562381.9909994795,1439286.1611387734,100.68034014099976,667.906503131002,40.78472375869751,2556003,2026-09-16,"{""metrics.jsonl"":""logs/cosine/awc4/h40/lr-0.009-b1-0.974-b2-0.999/s42/metrics.jsonl"",""result.json"":""logs/cosine/awc4/h40/lr-0.009-b1-0.974-b2-0.999/s42/result.json"",""resolved.yaml"":""logs/cosine/awc4/h40/lr-0.009-b1-0.974-b2-0.999/s42/resolved.yaml"",""receipt.json"":""logs/cosine/awc4/h40/lr-0.009-b1-0.974-b2-0.999/s42/receipt.json"",""request.json"":""logs/cosine/awc4/h40/lr-0.009-b1-0.974-b2-0.999/s42/request.json"",""environment.json"":""shared/environment-e27f0a7dcdcbae90677583a5560f8655add39ebc300d23409513ce934e917097.json""}"
awc4-cosine-h40--0.009--0.974--0.999--s43,awc4,40,1610337.7873647911,1558641.0760219346,1435437.826619124,101.50305383399973,670.1626326209989,40.78472375869751,2556004,2026-09-16,"{""metrics.jsonl"":""logs/cosine/awc4/h40/lr-0.009-b1-0.974-b2-0.999/s43/metrics.jsonl"",""result.json"":""logs/cosine/awc4/h40/lr-0.009-b1-0.974-b2-0.999/s43/result.json"",""resolved.yaml"":""logs/cosine/awc4/h40/lr-0.009-b1-0.974-b2-0.999/s43/resolved.yaml"",""receipt.json"":""logs/cosine/awc4/h40/lr-0.009-b1-0.974-b2-0.999/s43/receipt.json"",""request.json"":""logs/cosine/awc4/h40/lr-0.009-b1-0.974-b2-0.999/s43/request.json"",""environment.json"":""shared/environment-823050377a0c331a9bdcdbaab040c136284eb9f500baa3dd754d3981a3ac5e3a.json""}"
awc4-cosine-h40--0.009--0.974--0.999--s44,awc4,40,1596559.694945822,1543138.8459534256,1420202.7526212165,103.33728159099701,678.0900936200051,40.78472375869751,2556016,2026-09-16,"{""metrics.jsonl"":""logs/cosine/awc4/h40/lr-0.009-b1-0.974-b2-0.999/s44/metrics.jsonl"",""result.json"":""logs/cosine/awc4/h40/lr-0.009-b1-0.974-b2-0.999/s44/result.json"",""resolved.yaml"":""logs/cosine/awc4/h40/lr-0.009-b1-0.974-b2-0.999/s44/resolved.yaml"",""receipt.json"":""logs/cosine/awc4/h40/lr-0.009-b1-0.974-b2-0.999/s44/receipt.json"",""request.json"":""logs/cosine/awc4/h40/lr-0.009-b1-0.974-b2-0.999/s44/request.json"",""environment.json"":""shared/environment-4d7996a20be5295652d81d3d251e34ee671d9e5fc71889e7368120cfe774d853.json""}"
awc4-cosine-h40--0.01--0.9--0.99--s42,awc4,40,1621641.2628707383,1567942.8311087014,1445321.5690131707,99.60216471699823,664.3673546719947,40.78472375869751,2565929,2026-09-16,"{""metrics.jsonl"":""logs/cosine/awc4/h40/lr-0.01-b1-0.9-b2-0.99/s42/metrics.jsonl"",""result.json"":""logs/cosine/awc4/h40/lr-0.01-b1-0.9-b2-0.99/s42/result.json"",""resolved.yaml"":""logs/cosine/awc4/h40/lr-0.01-b1-0.9-b2-0.99/s42/resolved.yaml"",""receipt.json"":""logs/cosine/awc4/h40/lr-0.01-b1-0.9-b2-0.99/s42/receipt.json"",""request.json"":""logs/cosine/awc4/h40/lr-0.01-b1-0.9-b2-0.99/s42/request.json"",""environment.json"":""shared/environment-850d4cf724551493a8a8b452895c50572d9f12b52205a6dc7138e166a748e14e.json""}"
awc4-cosine-h40--0.01--0.9--0.99--s43,awc4,40,1591256.763533485,1540032.600657086,1417093.3335425823,100.83742266701302,676.8535378270026,40.78472375869751,2565930,2026-09-16,"{""metrics.jsonl"":""logs/cosine/awc4/h40/lr-0.01-b1-0.9-b2-0.99/s43/metrics.jsonl"",""result.json"":""logs/cosine/awc4/h40/lr-0.01-b1-0.9-b2-0.99/s43/result.json"",""resolved.yaml"":""logs/cosine/awc4/h40/lr-0.01-b1-0.9-b2-0.99/s43/resolved.yaml"",""receipt.json"":""logs/cosine/awc4/h40/lr-0.01-b1-0.9-b2-0.99/s43/receipt.json"",""request.json"":""logs/cosine/awc4/h40/lr-0.01-b1-0.9-b2-0.99/s43/request.json"",""environment.json"":""shared/environment-125a87f9b96067841f3cb6cacf91dbe8a730dc5928545e63a5acefd0b0c04835.json""}"
awc4-cosine-h40--0.01--0.9--0.99--s44,awc4,40,1601038.33066309,1469678.6679668135,1358985.620972819,99.85546453899951,701.2314702660005,40.78472375869751,2565934,2026-09-16,"{""metrics.jsonl"":""logs/cosine/awc4/h40/lr-0.01-b1-0.9-b2-0.99/s44/metrics.jsonl"",""result.json"":""logs/cosine/awc4/h40/lr-0.01-b1-0.9-b2-0.99/s44/result.json"",""resolved.yaml"":""logs/cosine/awc4/h40/lr-0.01-b1-0.9-b2-0.99/s44/resolved.yaml"",""receipt.json"":""logs/cosine/awc4/h40/lr-0.01-b1-0.9-b2-0.99/s44/receipt.json"",""request.json"":""logs/cosine/awc4/h40/lr-0.01-b1-0.9-b2-0.99/s44/request.json"",""environment.json"":""shared/environment-5f1c8058631b82c8ee6e28537c66e8b51d3a0e933bf7da69b345b29a31bd3688.json""}"
awc4-cosine-h40--0.01--0.9--0.999--s42,awc4,40,1594753.4835576091,1542105.7701764298,1421056.6094266973,101.52628984599869,675.9624216589946,40.78472375869751,2565942,2026-09-16,"{""metrics.jsonl"":""logs/cosine/awc4/h40/lr-0.01-b1-0.9-b2-0.999/s42/metrics.jsonl"",""result.json"":""logs/cosine/awc4/h40/lr-0.01-b1-0.9-b2-0.999/s42/result.json"",""resolved.yaml"":""logs/cosine/awc4/h40/lr-0.01-b1-0.9-b2-0.999/s42/resolved.yaml"",""receipt.json"":""logs/cosine/awc4/h40/lr-0.01-b1-0.9-b2-0.999/s42/receipt.json"",""request.json"":""logs/cosine/awc4/h40/lr-0.01-b1-0.9-b2-0.999/s42/request.json"",""environment.json"":""shared/environment-bb2b351c6ca6998d7ec762ffa147cc4b9ca2a6dcd12f3762ab19121263df2f17.json""}"
awc4-cosine-h40--0.01--0.9--0.999--s43,awc4,40,1597099.2995084503,1542272.1056582737,1421872.6586388983,101.64496849400166,675.7323890980006,40.78472375869751,2565946,2026-09-16,"{""metrics.jsonl"":""logs/cosine/awc4/h40/lr-0.01-b1-0.9-b2-0.999/s43/metrics.jsonl"",""result.json"":""logs/cosine/awc4/h40/lr-0.01-b1-0.9-b2-0.999/s43/result.json"",""resolved.yaml"":""logs/cosine/awc4/h40/lr-0.01-b1-0.9-b2-0.999/s43/resolved.yaml"",""receipt.json"":""logs/cosine/awc4/h40/lr-0.01-b1-0.9-b2-0.999/s43/receipt.json"",""request.json"":""logs/cosine/awc4/h40/lr-0.01-b1-0.9-b2-0.999/s43/request.json"",""environment.json"":""shared/environment-bc0a09c1e0947af8993f7ce2e87997552ec44f6578a822ce1760e079af17e7ee.json""}"
awc4-cosine-h40--0.01--0.9--0.999--s44,awc4,40,1579024.1915712673,1529513.9984049262,1394396.9709447415,102.64824335599405,688.0502688689958,40.78472375869751,2565947,2026-09-16,"{""metrics.jsonl"":""logs/cosine/awc4/h40/lr-0.01-b1-0.9-b2-0.999/s44/metrics.jsonl"",""result.json"":""logs/cosine/awc4/h40/lr-0.01-b1-0.9-b2-0.999/s44/result.json"",""resolved.yaml"":""logs/cosine/awc4/h40/lr-0.01-b1-0.9-b2-0.999/s44/resolved.yaml"",""receipt.json"":""logs/cosine/awc4/h40/lr-0.01-b1-0.9-b2-0.999/s44/receipt.json"",""request.json"":""logs/cosine/awc4/h40/lr-0.01-b1-0.9-b2-0.999/s44/request.json"",""environment.json"":""shared/environment-10854207c9889c4d30d59a5310e4cf0d08271a2c8547c4d8fa00d31dd82ee5a0.json""}"
awc4-cosine-h40--0.01--0.95--0.99--s42,awc4,40,1605739.9284480773,1554713.634723954,1430982.2375228216,101.13454814400757,671.5563190690009,40.78472375869751,2567246,2026-09-16,"{""metrics.jsonl"":""logs/cosine/awc4/h40/lr-0.01-b1-0.95-b2-0.99/s42/metrics.jsonl"",""result.json"":""logs/cosine/awc4/h40/lr-0.01-b1-0.95-b2-0.99/s42/result.json"",""resolved.yaml"":""logs/cosine/awc4/h40/lr-0.01-b1-0.95-b2-0.99/s42/resolved.yaml"",""receipt.json"":""logs/cosine/awc4/h40/lr-0.01-b1-0.95-b2-0.99/s42/receipt.json"",""request.json"":""logs/cosine/awc4/h40/lr-0.01-b1-0.95-b2-0.99/s42/request.json"",""environment.json"":""shared/environment-aca8fe5c730c53ad37235aed1743e91013f1e64e51793c7bd11c37b351881f75.json""}"
awc4-cosine-h40--0.01--0.95--0.99--s43,awc4,40,1562697.5946836884,1449788.5088327376,1335804.3731349015,102.58357330800209,714.128688036988,40.78472375869751,2567248,2026-09-16,"{""metrics.jsonl"":""logs/cosine/awc4/h40/lr-0.01-b1-0.95-b2-0.99/s43/metrics.jsonl"",""result.json"":""logs/cosine/awc4/h40/lr-0.01-b1-0.95-b2-0.99/s43/result.json"",""resolved.yaml"":""logs/cosine/awc4/h40/lr-0.01-b1-0.95-b2-0.99/s43/resolved.yaml"",""receipt.json"":""logs/cosine/awc4/h40/lr-0.01-b1-0.95-b2-0.99/s43/receipt.json"",""request.json"":""logs/cosine/awc4/h40/lr-0.01-b1-0.95-b2-0.99/s43/request.json"",""environment.json"":""shared/environment-349f80163be65d7b941ec20eb956afe02be811a1bc1d6c880f93666109910172.json""}"
awc4-cosine-h40--0.01--0.95--0.99--s44,awc4,40,1573662.563353167,1523650.5137636198,1406044.1164096217,100.8145090899925,681.3817640890047,40.78472375869751,2567295,2026-09-16,"{""metrics.jsonl"":""logs/cosine/awc4/h40/lr-0.01-b1-0.95-b2-0.99/s44/metrics.jsonl"",""result.json"":""logs/cosine/awc4/h40/lr-0.01-b1-0.95-b2-0.99/s44/result.json"",""resolved.yaml"":""logs/cosine/awc4/h40/lr-0.01-b1-0.95-b2-0.99/s44/resolved.yaml"",""receipt.json"":""logs/cosine/awc4/h40/lr-0.01-b1-0.95-b2-0.99/s44/receipt.json"",""request.json"":""logs/cosine/awc4/h40/lr-0.01-b1-0.95-b2-0.99/s44/request.json"",""environment.json"":""shared/environment-409092524d7f4e3fb82f7bd0035addc33fb198848fa3f6bdd1391e01d45eece6.json""}"
awc4-cosine-h40--0.01--0.95--0.999--s42,awc4,40,1629957.3385232328,1576469.0007933618,1450352.9612459855,100.10408829599328,662.9060142779927,40.78472375869751,2567359,2026-09-16,"{""metrics.jsonl"":""logs/cosine/awc4/h40/lr-0.01-b1-0.95-b2-0.999/s42/metrics.jsonl"",""result.json"":""logs/cosine/awc4/h40/lr-0.01-b1-0.95-b2-0.999/s42/result.json"",""resolved.yaml"":""logs/cosine/awc4/h40/lr-0.01-b1-0.95-b2-0.999/s42/resolved.yaml"",""receipt.json"":""logs/cosine/awc4/h40/lr-0.01-b1-0.95-b2-0.999/s42/receipt.json"",""request.json"":""logs/cosine/awc4/h40/lr-0.01-b1-0.95-b2-0.999/s42/request.json"",""environment.json"":""shared/environment-d3e968159722eae9ffcc484ed9aa9c20a4ccaa395b8af4294b1f101bd505b6a2.json""}"
awc4-cosine-h40--0.01--0.95--0.999--s43,awc4,40,1593723.6025303402,1479741.691211855,1366363.775907964,101.8262172639952,699.6170953870023,40.78472375869751,2567360,2026-09-16,"{""metrics.jsonl"":""logs/cosine/awc4/h40/lr-0.01-b1-0.95-b2-0.999/s43/metrics.jsonl"",""result.json"":""logs/cosine/awc4/h40/lr-0.01-b1-0.95-b2-0.999/s43/result.json"",""resolved.yaml"":""logs/cosine/awc4/h40/lr-0.01-b1-0.95-b2-0.999/s43/resolved.yaml"",""receipt.json"":""logs/cosine/awc4/h40/lr-0.01-b1-0.95-b2-0.999/s43/receipt.json"",""request.json"":""logs/cosine/awc4/h40/lr-0.01-b1-0.95-b2-0.999/s43/request.json"",""environment.json"":""shared/environment-60e427be2aec85c33ec2bc655055e5ecf8c18f501db9e53b20b08b458e6190bc.json""}"
awc4-cosine-h40--0.01--0.95--0.999--s44,awc4,40,1579667.0031417892,1529098.9351665033,1407646.8171814855,102.12478884600569,682.0272034670052,40.78472375869751,2567373,2026-09-16,"{""metrics.jsonl"":""logs/cosine/awc4/h40/lr-0.01-b1-0.95-b2-0.999/s44/metrics.jsonl"",""result.json"":""logs/cosine/awc4/h40/lr-0.01-b1-0.95-b2-0.999/s44/result.json"",""resolved.yaml"":""logs/cosine/awc4/h40/lr-0.01-b1-0.95-b2-0.999/s44/resolved.yaml"",""receipt.json"":""logs/cosine/awc4/h40/lr-0.01-b1-0.95-b2-0.999/s44/receipt.json"",""request.json"":""logs/cosine/awc4/h40/lr-0.01-b1-0.95-b2-0.999/s44/request.json"",""environment.json"":""shared/environment-6ff9899649c96686b0a4fbc850b6f4e7494057c4908492c03b8ceae239e8edac.json""}"
awc4-cosine-h40--0.01--0.974--0.99--s42,awc4,40,1588535.137640681,1532970.2767722846,1413144.3381219688,102.509835982004,680.1806772880009,40.78472375869751,2567387,2026-09-16,"{""metrics.jsonl"":""logs/cosine/awc4/h40/lr-0.01-b1-0.974-b2-0.99/s42/metrics.jsonl"",""result.json"":""logs/cosine/awc4/h40/lr-0.01-b1-0.974-b2-0.99/s42/result.json"",""resolved.yaml"":""logs/cosine/awc4/h40/lr-0.01-b1-0.974-b2-0.99/s42/resolved.yaml"",""receipt.json"":""logs/cosine/awc4/h40/lr-0.01-b1-0.974-b2-0.99/s42/receipt.json"",""request.json"":""logs/cosine/awc4/h40/lr-0.01-b1-0.974-b2-0.99/s42/request.json"",""environment.json"":""shared/environment-873b111be1c43cc45f4b1d6c501f84c0baee364bc8262655621a0f2429bbab60.json""}"
awc4-cosine-h40--0.01--0.974--0.99--s43,awc4,40,1598325.644882335,1545131.7872767923,1420672.7627256971,100.64074092800729,675.2345945760026,40.78472375869751,2567398,2026-09-16,"{""metrics.jsonl"":""logs/cosine/awc4/h40/lr-0.01-b1-0.974-b2-0.99/s43/metrics.jsonl"",""result.json"":""logs/cosine/awc4/h40/lr-0.01-b1-0.974-b2-0.99/s43/result.json"",""resolved.yaml"":""logs/cosine/awc4/h40/lr-0.01-b1-0.974-b2-0.99/s43/resolved.yaml"",""receipt.json"":""logs/cosine/awc4/h40/lr-0.01-b1-0.974-b2-0.99/s43/receipt.json"",""request.json"":""logs/cosine/awc4/h40/lr-0.01-b1-0.974-b2-0.99/s43/request.json"",""environment.json"":""shared/environment-c52b0062b728edc07b53eb5da23a21c72f927ff194897d64fcaf4c9204d4fbbb.json""}"
awc4-cosine-h40--0.01--0.974--0.99--s44,awc4,40,1576737.3172805163,1527150.5705351017,1408625.4727740148,101.1896214429944,680.6609112919978,40.78472375869751,2567399,2026-09-16,"{""metrics.jsonl"":""logs/cosine/awc4/h40/lr-0.01-b1-0.974-b2-0.99/s44/metrics.jsonl"",""result.json"":""logs/cosine/awc4/h40/lr-0.01-b1-0.974-b2-0.99/s44/result.json"",""resolved.yaml"":""logs/cosine/awc4/h40/lr-0.01-b1-0.974-b2-0.99/s44/resolved.yaml"",""receipt.json"":""logs/cosine/awc4/h40/lr-0.01-b1-0.974-b2-0.99/s44/receipt.json"",""request.json"":""logs/cosine/awc4/h40/lr-0.01-b1-0.974-b2-0.99/s44/request.json"",""environment.json"":""shared/environment-72f3c0168c1d9f1a0e64b3f610f1c6af758bf8b7068ea05d4ad8bd9a0561fd56.json""}"
awc4-cosine-h40--0.01--0.974--0.999--s42,awc4,40,1614899.2228691203,1559679.4247467902,1436369.647434076,99.76306842999475,668.0709044340038,40.78472375869751,2567416,2026-09-16,"{""metrics.jsonl"":""logs/cosine/awc4/h40/lr-0.01-b1-0.974-b2-0.999/s42/metrics.jsonl"",""result.json"":""logs/cosine/awc4/h40/lr-0.01-b1-0.974-b2-0.999/s42/result.json"",""resolved.yaml"":""logs/cosine/awc4/h40/lr-0.01-b1-0.974-b2-0.999/s42/resolved.yaml"",""receipt.json"":""logs/cosine/awc4/h40/lr-0.01-b1-0.974-b2-0.999/s42/receipt.json"",""request.json"":""logs/cosine/awc4/h40/lr-0.01-b1-0.974-b2-0.999/s42/request.json"",""environment.json"":""shared/environment-8b3251e4250cc8a4f29744549afe965998f198bb66b2b8a764cf91e6dd0b0397.json""}"
awc4-cosine-h40--0.01--0.974--0.999--s43,awc4,40,1627573.7528506343,1571012.274570196,1446995.3696341754,98.65382679601316,662.759997362009,40.78472375869751,2567417,2026-09-16,"{""metrics.jsonl"":""logs/cosine/awc4/h40/lr-0.01-b1-0.974-b2-0.999/s43/metrics.jsonl"",""result.json"":""logs/cosine/awc4/h40/lr-0.01-b1-0.974-b2-0.999/s43/result.json"",""resolved.yaml"":""logs/cosine/awc4/h40/lr-0.01-b1-0.974-b2-0.999/s43/resolved.yaml"",""receipt.json"":""logs/cosine/awc4/h40/lr-0.01-b1-0.974-b2-0.999/s43/receipt.json"",""request.json"":""logs/cosine/awc4/h40/lr-0.01-b1-0.974-b2-0.999/s43/request.json"",""environment.json"":""shared/environment-9183f4e33868ce8b8d8ae135e68ddc76ec8d94b1bb190d6da5ee446f45db7fda.json""}"
awc4-cosine-h40--0.01--0.974--0.999--s44,awc4,40,1573896.449427185,1521484.5648878228,1400204.343406574,102.84753855600138,685.8096813110024,40.78472375869751,2567429,2026-09-16,"{""metrics.jsonl"":""logs/cosine/awc4/h40/lr-0.01-b1-0.974-b2-0.999/s44/metrics.jsonl"",""result.json"":""logs/cosine/awc4/h40/lr-0.01-b1-0.974-b2-0.999/s44/result.json"",""resolved.yaml"":""logs/cosine/awc4/h40/lr-0.01-b1-0.974-b2-0.999/s44/resolved.yaml"",""receipt.json"":""logs/cosine/awc4/h40/lr-0.01-b1-0.974-b2-0.999/s44/receipt.json"",""request.json"":""logs/cosine/awc4/h40/lr-0.01-b1-0.974-b2-0.999/s44/request.json"",""environment.json"":""shared/environment-9852fac06504cfb347e9d5826dcf1d91d8a2987392e84727c0845a8ffaf06c08.json""}"
awc4-cosine-h40--0.011--0.9--0.99--s42,awc4,40,1592568.9841353798,1462666.0208110847,1351490.2628686787,101.68568462099938,706.348570901002,40.78472375869751,2565935,2026-09-16,"{""metrics.jsonl"":""logs/cosine/awc4/h40/lr-0.011-b1-0.9-b2-0.99/s42/metrics.jsonl"",""result.json"":""logs/cosine/awc4/h40/lr-0.011-b1-0.9-b2-0.99/s42/result.json"",""resolved.yaml"":""logs/cosine/awc4/h40/lr-0.011-b1-0.9-b2-0.99/s42/resolved.yaml"",""receipt.json"":""logs/cosine/awc4/h40/lr-0.011-b1-0.9-b2-0.99/s42/receipt.json"",""request.json"":""logs/cosine/awc4/h40/lr-0.011-b1-0.9-b2-0.99/s42/request.json"",""environment.json"":""shared/environment-5506da0f99e60370f2716c8526d34cf0e2756a23071f851739ecb8c831495bd0.json""}"
awc4-cosine-h40--0.011--0.9--0.99--s43,awc4,40,1601267.823557518,1469878.9321394588,1347793.8080204537,101.26289457700113,707.6191170290003,40.78472375869751,2565939,2026-09-16,"{""metrics.jsonl"":""logs/cosine/awc4/h40/lr-0.011-b1-0.9-b2-0.99/s43/metrics.jsonl"",""result.json"":""logs/cosine/awc4/h40/lr-0.011-b1-0.9-b2-0.99/s43/result.json"",""resolved.yaml"":""logs/cosine/awc4/h40/lr-0.011-b1-0.9-b2-0.99/s43/resolved.yaml"",""receipt.json"":""logs/cosine/awc4/h40/lr-0.011-b1-0.9-b2-0.99/s43/receipt.json"",""request.json"":""logs/cosine/awc4/h40/lr-0.011-b1-0.9-b2-0.99/s43/request.json"",""environment.json"":""shared/environment-3a6c6f1f071c8434defee979e72bcc4824d832557306cd8bbb6b5ec25af606cd.json""}"
awc4-cosine-h40--0.011--0.9--0.99--s44,awc4,40,1612308.4627280985,1553355.7152317537,1431479.6346703214,99.31858260799345,669.5708712689957,40.78472375869751,2565940,2026-09-16,"{""metrics.jsonl"":""logs/cosine/awc4/h40/lr-0.011-b1-0.9-b2-0.99/s44/metrics.jsonl"",""result.json"":""logs/cosine/awc4/h40/lr-0.011-b1-0.9-b2-0.99/s44/result.json"",""resolved.yaml"":""logs/cosine/awc4/h40/lr-0.011-b1-0.9-b2-0.99/s44/resolved.yaml"",""receipt.json"":""logs/cosine/awc4/h40/lr-0.011-b1-0.9-b2-0.99/s44/receipt.json"",""request.json"":""logs/cosine/awc4/h40/lr-0.011-b1-0.9-b2-0.99/s44/request.json"",""environment.json"":""shared/environment-6e15e065492087b278aa8eb4004c5e55623dd829bb09f5a51ea7e7142391d2ed.json""}"
awc4-cosine-h40--0.011--0.9--0.999--s42,awc4,40,1601693.750078015,1549724.4747717632,1427735.8787544537,99.89682471899141,671.6427243310027,40.78472375869751,2565949,2026-09-16,"{""metrics.jsonl"":""logs/cosine/awc4/h40/lr-0.011-b1-0.9-b2-0.999/s42/metrics.jsonl"",""result.json"":""logs/cosine/awc4/h40/lr-0.011-b1-0.9-b2-0.999/s42/result.json"",""resolved.yaml"":""logs/cosine/awc4/h40/lr-0.011-b1-0.9-b2-0.999/s42/resolved.yaml"",""receipt.json"":""logs/cosine/awc4/h40/lr-0.011-b1-0.9-b2-0.999/s42/receipt.json"",""request.json"":""logs/cosine/awc4/h40/lr-0.011-b1-0.9-b2-0.999/s42/request.json"",""environment.json"":""shared/environment-912fc45bbabd09f149ec9c240d70a9ba705a70637496d8fb87edcc900f77df8a.json""}"
awc4-cosine-h40--0.011--0.9--0.999--s43,awc4,40,1637233.8044135587,1511417.4671336412,1394234.972129274,100.02517306800291,685.9352099379903,40.78472375869751,2565950,2026-09-16,"{""metrics.jsonl"":""logs/cosine/awc4/h40/lr-0.011-b1-0.9-b2-0.999/s43/metrics.jsonl"",""result.json"":""logs/cosine/awc4/h40/lr-0.011-b1-0.9-b2-0.999/s43/result.json"",""resolved.yaml"":""logs/cosine/awc4/h40/lr-0.011-b1-0.9-b2-0.999/s43/resolved.yaml"",""receipt.json"":""logs/cosine/awc4/h40/lr-0.011-b1-0.9-b2-0.999/s43/receipt.json"",""request.json"":""logs/cosine/awc4/h40/lr-0.011-b1-0.9-b2-0.999/s43/request.json"",""environment.json"":""shared/environment-9f8077f58b80885b2d27b3e636d81c377b811604bc0f1a50b3c0d7765bf80d83.json""}"
awc4-cosine-h40--0.011--0.9--0.999--s44,awc4,40,1589482.0842975462,1533834.66457422,1413956.2435200533,102.0316254299978,679.3231068670138,40.78472375869751,2565951,2026-09-16,"{""metrics.jsonl"":""logs/cosine/awc4/h40/lr-0.011-b1-0.9-b2-0.999/s44/metrics.jsonl"",""result.json"":""logs/cosine/awc4/h40/lr-0.011-b1-0.9-b2-0.999/s44/result.json"",""resolved.yaml"":""logs/cosine/awc4/h40/lr-0.011-b1-0.9-b2-0.999/s44/resolved.yaml"",""receipt.json"":""logs/cosine/awc4/h40/lr-0.011-b1-0.9-b2-0.999/s44/receipt.json"",""request.json"":""logs/cosine/awc4/h40/lr-0.011-b1-0.9-b2-0.999/s44/request.json"",""environment.json"":""shared/environment-17c8a0b87c78941512d0c43e8844d4f0995ab5d791c5a2dea2a21e18140a0905.json""}"
awc4-cosine-h40--0.011--0.95--0.99--s42,awc4,40,1612550.8436671842,1559289.4822047856,1434586.3768122518,101.43518271899666,670.4285515119991,40.78472375869751,2567299,2026-09-16,"{""metrics.jsonl"":""logs/cosine/awc4/h40/lr-0.011-b1-0.95-b2-0.99/s42/metrics.jsonl"",""result.json"":""logs/cosine/awc4/h40/lr-0.011-b1-0.95-b2-0.99/s42/result.json"",""resolved.yaml"":""logs/cosine/awc4/h40/lr-0.011-b1-0.95-b2-0.99/s42/resolved.yaml"",""receipt.json"":""logs/cosine/awc4/h40/lr-0.011-b1-0.95-b2-0.99/s42/receipt.json"",""request.json"":""logs/cosine/awc4/h40/lr-0.011-b1-0.95-b2-0.99/s42/request.json"",""environment.json"":""shared/environment-41f067dc7bfa2454c6fbf41925f87197dab4a2dbc2c1cc9b7f4e706456382d5e.json""}"
awc4-cosine-h40--0.011--0.95--0.99--s43,awc4,40,1611823.1292737164,1558607.951375325,1434762.7738171888,101.25225534901256,670.1655544990062,40.78472375869751,2567339,2026-09-16,"{""metrics.jsonl"":""logs/cosine/awc4/h40/lr-0.011-b1-0.95-b2-0.99/s43/metrics.jsonl"",""result.json"":""logs/cosine/awc4/h40/lr-0.011-b1-0.95-b2-0.99/s43/result.json"",""resolved.yaml"":""logs/cosine/awc4/h40/lr-0.011-b1-0.95-b2-0.99/s43/resolved.yaml"",""receipt.json"":""logs/cosine/awc4/h40/lr-0.011-b1-0.95-b2-0.99/s43/receipt.json"",""request.json"":""logs/cosine/awc4/h40/lr-0.011-b1-0.95-b2-0.99/s43/request.json"",""environment.json"":""shared/environment-b47f2b87af05e84e90f072f59bcc9d4415f788275e6cbbb0c3a1f6fd2fde7855.json""}"
awc4-cosine-h40--0.011--0.95--0.99--s44,awc4,40,1567662.2037971441,1512728.0369726785,1393342.8093132763,103.07316453001113,688.9294321690104,40.78472375869751,2567340,2026-09-16,"{""metrics.jsonl"":""logs/cosine/awc4/h40/lr-0.011-b1-0.95-b2-0.99/s44/metrics.jsonl"",""result.json"":""logs/cosine/awc4/h40/lr-0.011-b1-0.95-b2-0.99/s44/result.json"",""resolved.yaml"":""logs/cosine/awc4/h40/lr-0.011-b1-0.95-b2-0.99/s44/resolved.yaml"",""receipt.json"":""logs/cosine/awc4/h40/lr-0.011-b1-0.95-b2-0.99/s44/receipt.json"",""request.json"":""logs/cosine/awc4/h40/lr-0.011-b1-0.95-b2-0.99/s44/request.json"",""environment.json"":""shared/environment-54c2e27ab95ea0d27936f78f140f791f0b09c63b91d64054db7388d402fd2bdc.json""}"
awc4-cosine-h40--0.011--0.95--0.999--s42,awc4,40,1585426.5185013479,1531870.8671028845,1411728.404847607,103.00206094600435,681.2105153619923,40.78472375869751,2567374,2026-09-16,"{""metrics.jsonl"":""logs/cosine/awc4/h40/lr-0.011-b1-0.95-b2-0.999/s42/metrics.jsonl"",""result.json"":""logs/cosine/awc4/h40/lr-0.011-b1-0.95-b2-0.999/s42/result.json"",""resolved.yaml"":""logs/cosine/awc4/h40/lr-0.011-b1-0.95-b2-0.999/s42/resolved.yaml"",""receipt.json"":""logs/cosine/awc4/h40/lr-0.011-b1-0.95-b2-0.999/s42/receipt.json"",""request.json"":""logs/cosine/awc4/h40/lr-0.011-b1-0.95-b2-0.999/s42/request.json"",""environment.json"":""shared/environment-f189e4a21769a5c74d6ee440f79e9bf1ffea3ce69271af408bb7bda6da3cc9a5.json""}"
awc4-cosine-h40--0.011--0.95--0.999--s43,awc4,40,1608403.6245782278,1553095.195402977,1429481.9179750977,101.16349789900414,672.1918353899964,40.78472375869751,2567375,2026-09-16,"{""metrics.jsonl"":""logs/cosine/awc4/h40/lr-0.011-b1-0.95-b2-0.999/s43/metrics.jsonl"",""result.json"":""logs/cosine/awc4/h40/lr-0.011-b1-0.95-b2-0.999/s43/result.json"",""resolved.yaml"":""logs/cosine/awc4/h40/lr-0.011-b1-0.95-b2-0.999/s43/resolved.yaml"",""receipt.json"":""logs/cosine/awc4/h40/lr-0.011-b1-0.95-b2-0.999/s43/receipt.json"",""request.json"":""logs/cosine/awc4/h40/lr-0.011-b1-0.95-b2-0.999/s43/request.json"",""environment.json"":""shared/environment-c6da0450baef281d8d86f7502f8059d72ad39b0e05b65ea8d2ef8ca4e7805924.json""}"
awc4-cosine-h40--0.011--0.95--0.999--s44,awc4,40,1586105.0490926085,1532875.7880414864,1411372.7234541422,101.9608291409968,680.3278945969942,40.78472375869751,2567386,2026-09-16,"{""metrics.jsonl"":""logs/cosine/awc4/h40/lr-0.011-b1-0.95-b2-0.999/s44/metrics.jsonl"",""result.json"":""logs/cosine/awc4/h40/lr-0.011-b1-0.95-b2-0.999/s44/result.json"",""resolved.yaml"":""logs/cosine/awc4/h40/lr-0.011-b1-0.95-b2-0.999/s44/resolved.yaml"",""receipt.json"":""logs/cosine/awc4/h40/lr-0.011-b1-0.95-b2-0.999/s44/receipt.json"",""request.json"":""logs/cosine/awc4/h40/lr-0.011-b1-0.95-b2-0.999/s44/request.json"",""environment.json"":""shared/environment-578e9552bffded47ce188237096537d14ef8767867bba302199233e4def5a738.json""}"
awc4-cosine-h40--0.011--0.974--0.99--s42,awc4,40,1615340.120035299,1562635.913316316,1438704.433624436,99.41773013499915,666.7808996899985,40.78472375869751,2567404,2026-09-16,"{""metrics.jsonl"":""logs/cosine/awc4/h40/lr-0.011-b1-0.974-b2-0.99/s42/metrics.jsonl"",""result.json"":""logs/cosine/awc4/h40/lr-0.011-b1-0.974-b2-0.99/s42/result.json"",""resolved.yaml"":""logs/cosine/awc4/h40/lr-0.011-b1-0.974-b2-0.99/s42/resolved.yaml"",""receipt.json"":""logs/cosine/awc4/h40/lr-0.011-b1-0.974-b2-0.99/s42/receipt.json"",""request.json"":""logs/cosine/awc4/h40/lr-0.011-b1-0.974-b2-0.99/s42/request.json"",""environment.json"":""shared/environment-42c3f0492e24ee0402ba72a9938ada348dbf5dd27795e082140f4bf7ad7e0086.json""}"
awc4-cosine-h40--0.011--0.974--0.99--s43,awc4,40,1584824.8586638777,1531983.413162699,1411842.5720062386,102.17428976099472,680.3236792249954,40.78472375869751,2567405,2026-09-16,"{""metrics.jsonl"":""logs/cosine/awc4/h40/lr-0.011-b1-0.974-b2-0.99/s43/metrics.jsonl"",""result.json"":""logs/cosine/awc4/h40/lr-0.011-b1-0.974-b2-0.99/s43/result.json"",""resolved.yaml"":""logs/cosine/awc4/h40/lr-0.011-b1-0.974-b2-0.99/s43/resolved.yaml"",""receipt.json"":""logs/cosine/awc4/h40/lr-0.011-b1-0.974-b2-0.99/s43/receipt.json"",""request.json"":""logs/cosine/awc4/h40/lr-0.011-b1-0.974-b2-0.99/s43/request.json"",""environment.json"":""shared/environment-ff994c593bd20872ae70d6461a6cab2da6b13f4005fbf6007deac2e8a29ebe0f.json""}"
awc4-cosine-h40--0.011--0.974--0.99--s44,awc4,40,1596741.4288958309,1545746.88850283,1423714.681566942,99.75809599000786,673.1222879550041,40.78472375869751,2567415,2026-09-16,"{""metrics.jsonl"":""logs/cosine/awc4/h40/lr-0.011-b1-0.974-b2-0.99/s44/metrics.jsonl"",""result.json"":""logs/cosine/awc4/h40/lr-0.011-b1-0.974-b2-0.99/s44/result.json"",""resolved.yaml"":""logs/cosine/awc4/h40/lr-0.011-b1-0.974-b2-0.99/s44/resolved.yaml"",""receipt.json"":""logs/cosine/awc4/h40/lr-0.011-b1-0.974-b2-0.99/s44/receipt.json"",""request.json"":""logs/cosine/awc4/h40/lr-0.011-b1-0.974-b2-0.99/s44/request.json"",""environment.json"":""shared/environment-0b6f922f6663f31d622ac5f61d2db59579484b4dafb6588a62d720bd473e7e2c.json""}"
awc4-cosine-h40--0.011--0.974--0.999--s42,awc4,40,1591539.0968777316,1535875.402541219,1409021.8973407892,102.14872480199847,681.5763466600038,40.78472375869751,2567430,2026-09-16,"{""metrics.jsonl"":""logs/cosine/awc4/h40/lr-0.011-b1-0.974-b2-0.999/s42/metrics.jsonl"",""result.json"":""logs/cosine/awc4/h40/lr-0.011-b1-0.974-b2-0.999/s42/result.json"",""resolved.yaml"":""logs/cosine/awc4/h40/lr-0.011-b1-0.974-b2-0.999/s42/resolved.yaml"",""receipt.json"":""logs/cosine/awc4/h40/lr-0.011-b1-0.974-b2-0.999/s42/receipt.json"",""request.json"":""logs/cosine/awc4/h40/lr-0.011-b1-0.974-b2-0.999/s42/request.json"",""environment.json"":""shared/environment-e9b79d30d54a65f607b84d213841aa68e9c179f53aba5f9e678cfa9d392a00b6.json""}"
awc4-cosine-h40--0.011--0.974--0.999--s43,awc4,40,1589249.1162071554,1528148.535680945,1409399.4886558538,101.88075964601012,681.1509211550001,40.78472375869751,2567431,2026-09-16,"{""metrics.jsonl"":""logs/cosine/awc4/h40/lr-0.011-b1-0.974-b2-0.999/s43/metrics.jsonl"",""result.json"":""logs/cosine/awc4/h40/lr-0.011-b1-0.974-b2-0.999/s43/result.json"",""resolved.yaml"":""logs/cosine/awc4/h40/lr-0.011-b1-0.974-b2-0.999/s43/resolved.yaml"",""receipt.json"":""logs/cosine/awc4/h40/lr-0.011-b1-0.974-b2-0.999/s43/receipt.json"",""request.json"":""logs/cosine/awc4/h40/lr-0.011-b1-0.974-b2-0.999/s43/request.json"",""environment.json"":""shared/environment-80dfeda05fb9b097736f5f2fe8e26e999006afaa18fe4fa48ce4719689c899c8.json""}"
awc4-cosine-h40--0.011--0.974--0.999--s44,awc4,40,1573123.3933280376,1520654.7472744773,1400566.120955666,101.58493288500176,684.3955228069972,40.78472375869751,2567442,2026-09-16,"{""metrics.jsonl"":""logs/cosine/awc4/h40/lr-0.011-b1-0.974-b2-0.999/s44/metrics.jsonl"",""result.json"":""logs/cosine/awc4/h40/lr-0.011-b1-0.974-b2-0.999/s44/result.json"",""resolved.yaml"":""logs/cosine/awc4/h40/lr-0.011-b1-0.974-b2-0.999/s44/resolved.yaml"",""receipt.json"":""logs/cosine/awc4/h40/lr-0.011-b1-0.974-b2-0.999/s44/receipt.json"",""request.json"":""logs/cosine/awc4/h40/lr-0.011-b1-0.974-b2-0.999/s44/request.json"",""environment.json"":""shared/environment-9f54edb8f2307339ba5000aa3e88eddd347dcde8271cb5d2ff55303678040268.json""}"
awc4-cosine-h40--0.012--0.9--0.99--s42,awc4,40,1615530.3700135814,1557842.5983148057,1436308.7733404452,100.26725038699988,668.5877135999999,40.78472375869751,2578248,2026-09-17,"{""metrics.jsonl"":""logs/cosine/awc4/h40/lr-0.012-b1-0.9-b2-0.99/s42/metrics.jsonl"",""result.json"":""logs/cosine/awc4/h40/lr-0.012-b1-0.9-b2-0.99/s42/result.json"",""resolved.yaml"":""logs/cosine/awc4/h40/lr-0.012-b1-0.9-b2-0.99/s42/resolved.yaml"",""receipt.json"":""logs/cosine/awc4/h40/lr-0.012-b1-0.9-b2-0.99/s42/receipt.json"",""request.json"":""logs/cosine/awc4/h40/lr-0.012-b1-0.9-b2-0.99/s42/request.json"",""environment.json"":""shared/environment-c8ba58eca8f3a5a027ff97f8d1c5cf754be0a12b08560ef35d56a21fcbef3f04.json""}"
awc4-cosine-h40--0.012--0.9--0.99--s43,awc4,40,1573747.2820704132,1449050.2796759754,1340729.8476217024,103.07448333498905,712.3831888999848,40.78472375869751,2578249,2026-09-17,"{""metrics.jsonl"":""logs/cosine/awc4/h40/lr-0.012-b1-0.9-b2-0.99/s43/metrics.jsonl"",""result.json"":""logs/cosine/awc4/h40/lr-0.012-b1-0.9-b2-0.99/s43/result.json"",""resolved.yaml"":""logs/cosine/awc4/h40/lr-0.012-b1-0.9-b2-0.99/s43/resolved.yaml"",""receipt.json"":""logs/cosine/awc4/h40/lr-0.012-b1-0.9-b2-0.99/s43/receipt.json"",""request.json"":""logs/cosine/awc4/h40/lr-0.012-b1-0.9-b2-0.99/s43/request.json"",""environment.json"":""shared/environment-377f0bdf9850e240945aa686ec6d49242db5d97e8a8d4c9d958d9d92be02d296.json""}"
awc4-cosine-h40--0.012--0.9--0.99--s44,awc4,40,1621729.7590076723,1525900.1172852032,1407729.388981936,100.71247550199041,680.9541271819908,40.78472375869751,2578250,2026-09-17,"{""metrics.jsonl"":""logs/cosine/awc4/h40/lr-0.012-b1-0.9-b2-0.99/s44/metrics.jsonl"",""result.json"":""logs/cosine/awc4/h40/lr-0.012-b1-0.9-b2-0.99/s44/result.json"",""resolved.yaml"":""logs/cosine/awc4/h40/lr-0.012-b1-0.9-b2-0.99/s44/resolved.yaml"",""receipt.json"":""logs/cosine/awc4/h40/lr-0.012-b1-0.9-b2-0.99/s44/receipt.json"",""request.json"":""logs/cosine/awc4/h40/lr-0.012-b1-0.9-b2-0.99/s44/request.json"",""environment.json"":""shared/environment-1409d7ad3ffd12b9d6054aaa92cc4299c9d295098fa890c6aeca612a67b4bf99.json""}"
awc4-cosine-h40--0.012--0.9--0.999--s42,awc4,40,1610755.8258431521,1516239.375260512,1400060.748496128,99.97244374600996,683.3928072940034,40.78472375869751,2578251,2026-09-17,"{""metrics.jsonl"":""logs/cosine/awc4/h40/lr-0.012-b1-0.9-b2-0.999/s42/metrics.jsonl"",""result.json"":""logs/cosine/awc4/h40/lr-0.012-b1-0.9-b2-0.999/s42/result.json"",""resolved.yaml"":""logs/cosine/awc4/h40/lr-0.012-b1-0.9-b2-0.999/s42/resolved.yaml"",""receipt.json"":""logs/cosine/awc4/h40/lr-0.012-b1-0.9-b2-0.999/s42/receipt.json"",""request.json"":""logs/cosine/awc4/h40/lr-0.012-b1-0.9-b2-0.999/s42/request.json"",""environment.json"":""shared/environment-827b6c82ba40af4591578f760ea968b72d47096233dbb1e73aab8616c15516cd.json""}"
awc4-cosine-h40--0.012--0.9--0.999--s43,awc4,40,1585376.2176160119,1493822.7776853119,1378578.9065745808,103.42528689300525,695.9257018019998,40.78472375869751,2578252,2026-09-17,"{""metrics.jsonl"":""logs/cosine/awc4/h40/lr-0.012-b1-0.9-b2-0.999/s43/metrics.jsonl"",""result.json"":""logs/cosine/awc4/h40/lr-0.012-b1-0.9-b2-0.999/s43/result.json"",""resolved.yaml"":""logs/cosine/awc4/h40/lr-0.012-b1-0.9-b2-0.999/s43/resolved.yaml"",""receipt.json"":""logs/cosine/awc4/h40/lr-0.012-b1-0.9-b2-0.999/s43/receipt.json"",""request.json"":""logs/cosine/awc4/h40/lr-0.012-b1-0.9-b2-0.999/s43/request.json"",""environment.json"":""shared/environment-9e99c5ccd0230abec1317e2107ef611eb28223dae6e0ba45332b68e33033c181.json""}"
awc4-cosine-h40--0.012--0.9--0.999--s44,awc4,40,1621300.1455938232,1567170.2170794513,1443659.1765837716,100.48146142999758,665.9172972019878,40.78472375869751,2578253,2026-09-17,"{""metrics.jsonl"":""logs/cosine/awc4/h40/lr-0.012-b1-0.9-b2-0.999/s44/metrics.jsonl"",""result.json"":""logs/cosine/awc4/h40/lr-0.012-b1-0.9-b2-0.999/s44/result.json"",""resolved.yaml"":""logs/cosine/awc4/h40/lr-0.012-b1-0.9-b2-0.999/s44/resolved.yaml"",""receipt.json"":""logs/cosine/awc4/h40/lr-0.012-b1-0.9-b2-0.999/s44/receipt.json"",""request.json"":""logs/cosine/awc4/h40/lr-0.012-b1-0.9-b2-0.999/s44/request.json"",""environment.json"":""shared/environment-f75285b5d732f4518c4a9c11d07ad17c91e936f383ddaec7ee7c01d5fa6ba61e.json""}"
awc4-cosine-h40--0.012--0.95--0.99--s42,awc4,40,1599779.8249183448,1462381.4845094811,1353759.1451050285,100.8491018069999,704.3923268599992,40.78472375869751,2578254,2026-09-17,"{""metrics.jsonl"":""logs/cosine/awc4/h40/lr-0.012-b1-0.95-b2-0.99/s42/metrics.jsonl"",""result.json"":""logs/cosine/awc4/h40/lr-0.012-b1-0.95-b2-0.99/s42/result.json"",""resolved.yaml"":""logs/cosine/awc4/h40/lr-0.012-b1-0.95-b2-0.99/s42/resolved.yaml"",""receipt.json"":""logs/cosine/awc4/h40/lr-0.012-b1-0.95-b2-0.99/s42/receipt.json"",""request.json"":""logs/cosine/awc4/h40/lr-0.012-b1-0.95-b2-0.99/s42/request.json"",""environment.json"":""shared/environment-1b66bda7edbd1b97ea8105cda4325138a3709bbe230e6d5617e675b4f8612867.json""}"
awc4-cosine-h40--0.012--0.95--0.99--s43,awc4,40,1604858.646502952,1466406.0705179817,1356063.023685039,102.357115411025,704.8658540690085,40.78472375869751,2578255,2026-09-17,"{""metrics.jsonl"":""logs/cosine/awc4/h40/lr-0.012-b1-0.95-b2-0.99/s43/metrics.jsonl"",""result.json"":""logs/cosine/awc4/h40/lr-0.012-b1-0.95-b2-0.99/s43/result.json"",""resolved.yaml"":""logs/cosine/awc4/h40/lr-0.012-b1-0.95-b2-0.99/s43/resolved.yaml"",""receipt.json"":""logs/cosine/awc4/h40/lr-0.012-b1-0.95-b2-0.99/s43/receipt.json"",""request.json"":""logs/cosine/awc4/h40/lr-0.012-b1-0.95-b2-0.99/s43/request.json"",""environment.json"":""shared/environment-20e904ea0f01f8d96fa950b3890fa5b4637891fe365655ff743fda332f1fdd19.json""}"
awc4-cosine-h40--0.012--0.95--0.99--s44,awc4,40,1586195.1894172998,1450672.0284266064,1342509.202299462,102.20340929698432,710.7834397539846,40.78472375869751,2578256,2026-09-17,"{""metrics.jsonl"":""logs/cosine/awc4/h40/lr-0.012-b1-0.95-b2-0.99/s44/metrics.jsonl"",""result.json"":""logs/cosine/awc4/h40/lr-0.012-b1-0.95-b2-0.99/s44/result.json"",""resolved.yaml"":""logs/cosine/awc4/h40/lr-0.012-b1-0.95-b2-0.99/s44/resolved.yaml"",""receipt.json"":""logs/cosine/awc4/h40/lr-0.012-b1-0.95-b2-0.99/s44/receipt.json"",""request.json"":""logs/cosine/awc4/h40/lr-0.012-b1-0.95-b2-0.99/s44/request.json"",""environment.json"":""shared/environment-363fa822acd298a502638fd732e84cf4f9e8ba5b6893cdbe178f358ea726786f.json""}"
awc4-cosine-h40--0.012--0.95--0.999--s42,awc4,40,1587915.9526099365,1461687.1277482708,1345208.3683104934,102.75286065798718,709.9544743740116,40.78472375869751,2578257,2026-09-17,"{""metrics.jsonl"":""logs/cosine/awc4/h40/lr-0.012-b1-0.95-b2-0.999/s42/metrics.jsonl"",""result.json"":""logs/cosine/awc4/h40/lr-0.012-b1-0.95-b2-0.999/s42/result.json"",""resolved.yaml"":""logs/cosine/awc4/h40/lr-0.012-b1-0.95-b2-0.999/s42/resolved.yaml"",""receipt.json"":""logs/cosine/awc4/h40/lr-0.012-b1-0.95-b2-0.999/s42/receipt.json"",""request.json"":""logs/cosine/awc4/h40/lr-0.012-b1-0.95-b2-0.999/s42/request.json"",""environment.json"":""shared/environment-d5ce15b8af37309e249df73017f6dd01de3a2fea2a21b7872a91c3ee7788f72d.json""}"
awc4-cosine-h40--0.012--0.95--0.999--s43,awc4,40,1640294.8338776717,1505661.2306243088,1391765.6312600751,99.86811755600502,686.7951897149906,40.78472375869751,2578258,2026-09-17,"{""metrics.jsonl"":""logs/cosine/awc4/h40/lr-0.012-b1-0.95-b2-0.999/s43/metrics.jsonl"",""result.json"":""logs/cosine/awc4/h40/lr-0.012-b1-0.95-b2-0.999/s43/result.json"",""resolved.yaml"":""logs/cosine/awc4/h40/lr-0.012-b1-0.95-b2-0.999/s43/resolved.yaml"",""receipt.json"":""logs/cosine/awc4/h40/lr-0.012-b1-0.95-b2-0.999/s43/receipt.json"",""request.json"":""logs/cosine/awc4/h40/lr-0.012-b1-0.95-b2-0.999/s43/request.json"",""environment.json"":""shared/environment-bcdad0c11562651554930de3d9527d42c4d13d551be8e41e7dc34b0fa8ffd9f1.json""}"
awc4-cosine-h40--0.012--0.95--0.999--s44,awc4,40,1586772.3222358935,1477763.0995225494,1365883.8044283553,102.73896551699727,700.8865192210069,40.78472375869751,2578259,2026-09-17,"{""metrics.jsonl"":""logs/cosine/awc4/h40/lr-0.012-b1-0.95-b2-0.999/s44/metrics.jsonl"",""result.json"":""logs/cosine/awc4/h40/lr-0.012-b1-0.95-b2-0.999/s44/result.json"",""resolved.yaml"":""logs/cosine/awc4/h40/lr-0.012-b1-0.95-b2-0.999/s44/resolved.yaml"",""receipt.json"":""logs/cosine/awc4/h40/lr-0.012-b1-0.95-b2-0.999/s44/receipt.json"",""request.json"":""logs/cosine/awc4/h40/lr-0.012-b1-0.95-b2-0.999/s44/request.json"",""environment.json"":""shared/environment-ed82c7d8bd34ec9629ced4c838a3246816fe9a76d39cabf09bb332b1c2009fdc.json""}"
awc4-cosine-h40--0.012--0.974--0.99--s42,awc4,40,1607725.0198444563,1553039.821794784,1431540.954952905,100.65295523300301,670.8847075919912,40.78472375869751,2578260,2026-09-17,"{""metrics.jsonl"":""logs/cosine/awc4/h40/lr-0.012-b1-0.974-b2-0.99/s42/metrics.jsonl"",""result.json"":""logs/cosine/awc4/h40/lr-0.012-b1-0.974-b2-0.99/s42/result.json"",""resolved.yaml"":""logs/cosine/awc4/h40/lr-0.012-b1-0.974-b2-0.99/s42/resolved.yaml"",""receipt.json"":""logs/cosine/awc4/h40/lr-0.012-b1-0.974-b2-0.99/s42/receipt.json"",""request.json"":""logs/cosine/awc4/h40/lr-0.012-b1-0.974-b2-0.99/s42/request.json"",""environment.json"":""shared/environment-c1e492a9148ccda76ad9b6b4aea9b35bd8bb5d83be314b1c22278b7601bd2bd0.json""}"
awc4-cosine-h40--0.012--0.974--0.99--s43,awc4,40,1616336.0809673124,1503622.2449093496,1389846.8537939428,100.45214520901209,688.2819622019888,40.78472375869751,2578261,2026-09-17,"{""metrics.jsonl"":""logs/cosine/awc4/h40/lr-0.012-b1-0.974-b2-0.99/s43/metrics.jsonl"",""result.json"":""logs/cosine/awc4/h40/lr-0.012-b1-0.974-b2-0.99/s43/result.json"",""resolved.yaml"":""logs/cosine/awc4/h40/lr-0.012-b1-0.974-b2-0.99/s43/resolved.yaml"",""receipt.json"":""logs/cosine/awc4/h40/lr-0.012-b1-0.974-b2-0.99/s43/receipt.json"",""request.json"":""logs/cosine/awc4/h40/lr-0.012-b1-0.974-b2-0.99/s43/request.json"",""environment.json"":""shared/environment-6124e062fcbe7d98aa6a1e4741e02835dad85449b367fa1a88719812e3709812.json""}"
awc4-cosine-h40--0.012--0.974--0.99--s44,awc4,40,1592235.0465218576,1457721.4443645428,1348382.646850016,101.81183523501386,707.7057872680016,40.78472375869751,2578262,2026-09-17,"{""metrics.jsonl"":""logs/cosine/awc4/h40/lr-0.012-b1-0.974-b2-0.99/s44/metrics.jsonl"",""result.json"":""logs/cosine/awc4/h40/lr-0.012-b1-0.974-b2-0.99/s44/result.json"",""resolved.yaml"":""logs/cosine/awc4/h40/lr-0.012-b1-0.974-b2-0.99/s44/resolved.yaml"",""receipt.json"":""logs/cosine/awc4/h40/lr-0.012-b1-0.974-b2-0.99/s44/receipt.json"",""request.json"":""logs/cosine/awc4/h40/lr-0.012-b1-0.974-b2-0.99/s44/request.json"",""environment.json"":""shared/environment-b74bd7c2545e444b797242207290bba8f421ef036907bf1e7057770913d9423f.json""}"
awc4-cosine-h40--0.012--0.974--0.999--s42,awc4,40,1618882.7738277984,1564962.092364024,1441900.4559513014,100.99132329999975,667.0871801099993,40.78472375869751,2578263,2026-09-17,"{""metrics.jsonl"":""logs/cosine/awc4/h40/lr-0.012-b1-0.974-b2-0.999/s42/metrics.jsonl"",""result.json"":""logs/cosine/awc4/h40/lr-0.012-b1-0.974-b2-0.999/s42/result.json"",""resolved.yaml"":""logs/cosine/awc4/h40/lr-0.012-b1-0.974-b2-0.999/s42/resolved.yaml"",""receipt.json"":""logs/cosine/awc4/h40/lr-0.012-b1-0.974-b2-0.999/s42/receipt.json"",""request.json"":""logs/cosine/awc4/h40/lr-0.012-b1-0.974-b2-0.999/s42/request.json"",""environment.json"":""shared/environment-c0230dc0f0dc04083f2b4cbd9d0b42d90674b7d68f63f4f85ac21b93ec55f99e.json""}"
awc4-cosine-h40--0.012--0.974--0.999--s43,awc4,40,1609708.5554127817,1557041.5811512235,1435078.5050173667,101.09753834101139,669.8977528889955,40.78472375869751,2578264,2026-09-17,"{""metrics.jsonl"":""logs/cosine/awc4/h40/lr-0.012-b1-0.974-b2-0.999/s43/metrics.jsonl"",""result.json"":""logs/cosine/awc4/h40/lr-0.012-b1-0.974-b2-0.999/s43/result.json"",""resolved.yaml"":""logs/cosine/awc4/h40/lr-0.012-b1-0.974-b2-0.999/s43/resolved.yaml"",""receipt.json"":""logs/cosine/awc4/h40/lr-0.012-b1-0.974-b2-0.999/s43/receipt.json"",""request.json"":""logs/cosine/awc4/h40/lr-0.012-b1-0.974-b2-0.999/s43/request.json"",""environment.json"":""shared/environment-21034b9fd4e3a23cc12f1e552ef0e1512d1820c5965b675b25b142d269421b99.json""}"
awc4-cosine-h40--0.012--0.974--0.999--s44,awc4,40,1611847.1468717768,1558664.0779656933,1435451.7518873974,101.40110470700893,670.0437721069902,40.78472375869751,2578265,2026-09-17,"{""metrics.jsonl"":""logs/cosine/awc4/h40/lr-0.012-b1-0.974-b2-0.999/s44/metrics.jsonl"",""result.json"":""logs/cosine/awc4/h40/lr-0.012-b1-0.974-b2-0.999/s44/result.json"",""resolved.yaml"":""logs/cosine/awc4/h40/lr-0.012-b1-0.974-b2-0.999/s44/resolved.yaml"",""receipt.json"":""logs/cosine/awc4/h40/lr-0.012-b1-0.974-b2-0.999/s44/receipt.json"",""request.json"":""logs/cosine/awc4/h40/lr-0.012-b1-0.974-b2-0.999/s44/request.json"",""environment.json"":""shared/environment-22b9b0c71055e20ce0acc0bfff890f67b3ba7a6ab2d3f901c4bf205ab9ffb988.json""}"
awc8-cosine-h40--0.005--0.9--0.99--s42,awc8,40,1521316.9566665601,1472579.0050969974,1363756.0007146904,98.65737768400868,697.2320609060116,42.29233980178833,2556057,2026-09-16,"{""metrics.jsonl"":""logs/cosine/awc8/h40/lr-0.005-b1-0.9-b2-0.99/s42/metrics.jsonl"",""result.json"":""logs/cosine/awc8/h40/lr-0.005-b1-0.9-b2-0.99/s42/result.json"",""resolved.yaml"":""logs/cosine/awc8/h40/lr-0.005-b1-0.9-b2-0.99/s42/resolved.yaml"",""receipt.json"":""logs/cosine/awc8/h40/lr-0.005-b1-0.9-b2-0.99/s42/receipt.json"",""request.json"":""logs/cosine/awc8/h40/lr-0.005-b1-0.9-b2-0.99/s42/request.json"",""environment.json"":""shared/environment-790e20a547cf141e01470334bccaf93f2c2ab5df67b025c43ee2922cede02180.json""}"
awc8-cosine-h40--0.005--0.9--0.99--s43,awc8,40,1551226.7936257764,1499008.6083608558,1384884.3955750917,100.50001141699613,689.9372990369884,42.29233980178833,2556062,2026-09-16,"{""metrics.jsonl"":""logs/cosine/awc8/h40/lr-0.005-b1-0.9-b2-0.99/s43/metrics.jsonl"",""result.json"":""logs/cosine/awc8/h40/lr-0.005-b1-0.9-b2-0.99/s43/result.json"",""resolved.yaml"":""logs/cosine/awc8/h40/lr-0.005-b1-0.9-b2-0.99/s43/resolved.yaml"",""receipt.json"":""logs/cosine/awc8/h40/lr-0.005-b1-0.9-b2-0.99/s43/receipt.json"",""request.json"":""logs/cosine/awc8/h40/lr-0.005-b1-0.9-b2-0.99/s43/request.json"",""environment.json"":""shared/environment-5201a00973cf151c089760664708a1525d376e44c3f70dfb75a25635e98da20d.json""}"
awc8-cosine-h40--0.005--0.9--0.99--s44,awc8,40,1523547.9626491333,1474601.4874414543,1362250.478684195,101.19193342200015,700.3923883620009,42.29233980178833,2556063,2026-09-16,"{""metrics.jsonl"":""logs/cosine/awc8/h40/lr-0.005-b1-0.9-b2-0.99/s44/metrics.jsonl"",""result.json"":""logs/cosine/awc8/h40/lr-0.005-b1-0.9-b2-0.99/s44/result.json"",""resolved.yaml"":""logs/cosine/awc8/h40/lr-0.005-b1-0.9-b2-0.99/s44/resolved.yaml"",""receipt.json"":""logs/cosine/awc8/h40/lr-0.005-b1-0.9-b2-0.99/s44/receipt.json"",""request.json"":""logs/cosine/awc8/h40/lr-0.005-b1-0.9-b2-0.99/s44/request.json"",""environment.json"":""shared/environment-94a83de9abcf37547969473674c7f81018f3346763d5c360bdb5003fc59ac4d9.json""}"
awc8-cosine-h40--0.005--0.9--0.999--s42,awc8,40,1483759.1824394744,1439331.4576278534,1333309.4719689288,100.97377735399641,713.1973935259884,42.29233980178833,2556186,2026-09-16,"{""metrics.jsonl"":""logs/cosine/awc8/h40/lr-0.005-b1-0.9-b2-0.999/s42/metrics.jsonl"",""result.json"":""logs/cosine/awc8/h40/lr-0.005-b1-0.9-b2-0.999/s42/result.json"",""resolved.yaml"":""logs/cosine/awc8/h40/lr-0.005-b1-0.9-b2-0.999/s42/resolved.yaml"",""receipt.json"":""logs/cosine/awc8/h40/lr-0.005-b1-0.9-b2-0.999/s42/receipt.json"",""request.json"":""logs/cosine/awc8/h40/lr-0.005-b1-0.9-b2-0.999/s42/request.json"",""environment.json"":""shared/environment-547b7d190f897a6567bc78d46a7506307c83556fccc1ec1c33c0308dc15662d3.json""}"
awc8-cosine-h40--0.005--0.9--0.999--s43,awc8,40,1537935.766762213,1487652.624313113,1375086.4065697251,101.55181028599327,695.3152690090064,42.29233980178833,2556187,2026-09-16,"{""metrics.jsonl"":""logs/cosine/awc8/h40/lr-0.005-b1-0.9-b2-0.999/s43/metrics.jsonl"",""result.json"":""logs/cosine/awc8/h40/lr-0.005-b1-0.9-b2-0.999/s43/result.json"",""resolved.yaml"":""logs/cosine/awc8/h40/lr-0.005-b1-0.9-b2-0.999/s43/resolved.yaml"",""receipt.json"":""logs/cosine/awc8/h40/lr-0.005-b1-0.9-b2-0.999/s43/receipt.json"",""request.json"":""logs/cosine/awc8/h40/lr-0.005-b1-0.9-b2-0.999/s43/request.json"",""environment.json"":""shared/environment-df3aecc5525ea5d9b87412df4e6b9eef910cf6328098dc20f329db233d7cd1f6.json""}"
awc8-cosine-h40--0.005--0.9--0.999--s44,awc8,40,1546372.203054434,1498272.7889413468,1383105.1193301736,100.6755298559874,690.8554371859937,42.29233980178833,2556188,2026-09-16,"{""metrics.jsonl"":""logs/cosine/awc8/h40/lr-0.005-b1-0.9-b2-0.999/s44/metrics.jsonl"",""result.json"":""logs/cosine/awc8/h40/lr-0.005-b1-0.9-b2-0.999/s44/result.json"",""resolved.yaml"":""logs/cosine/awc8/h40/lr-0.005-b1-0.9-b2-0.999/s44/resolved.yaml"",""receipt.json"":""logs/cosine/awc8/h40/lr-0.005-b1-0.9-b2-0.999/s44/receipt.json"",""request.json"":""logs/cosine/awc8/h40/lr-0.005-b1-0.9-b2-0.999/s44/request.json"",""environment.json"":""shared/environment-6a19455bfdd0b37fa74052efd12e5ded3123288a0cd85516b04b81ca67f649eb.json""}"
awc8-cosine-h40--0.005--0.95--0.99--s42,awc8,40,1533014.2055748918,1413001.9622685353,1308745.954966092,101.15577542700339,725.3614320510096,42.29233980178833,2556247,2026-09-16,"{""metrics.jsonl"":""logs/cosine/awc8/h40/lr-0.005-b1-0.95-b2-0.99/s42/metrics.jsonl"",""result.json"":""logs/cosine/awc8/h40/lr-0.005-b1-0.95-b2-0.99/s42/result.json"",""resolved.yaml"":""logs/cosine/awc8/h40/lr-0.005-b1-0.95-b2-0.99/s42/resolved.yaml"",""receipt.json"":""logs/cosine/awc8/h40/lr-0.005-b1-0.95-b2-0.99/s42/receipt.json"",""request.json"":""logs/cosine/awc8/h40/lr-0.005-b1-0.95-b2-0.99/s42/request.json"",""environment.json"":""shared/environment-a0b4f8eb5d8bc0a58abe24de723525e1009be6807bfe5766d0c07fb2eb11fd65.json""}"
awc8-cosine-h40--0.005--0.95--0.99--s43,awc8,40,1560923.4032274147,1510996.2426665665,1392607.603451852,99.80579728999874,685.9497444279987,42.29233980178833,2556255,2026-09-16,"{""metrics.jsonl"":""logs/cosine/awc8/h40/lr-0.005-b1-0.95-b2-0.99/s43/metrics.jsonl"",""result.json"":""logs/cosine/awc8/h40/lr-0.005-b1-0.95-b2-0.99/s43/result.json"",""resolved.yaml"":""logs/cosine/awc8/h40/lr-0.005-b1-0.95-b2-0.99/s43/resolved.yaml"",""receipt.json"":""logs/cosine/awc8/h40/lr-0.005-b1-0.95-b2-0.99/s43/receipt.json"",""request.json"":""logs/cosine/awc8/h40/lr-0.005-b1-0.95-b2-0.99/s43/request.json"",""environment.json"":""shared/environment-eb277f8f8ecf05e5e4daee4aa567f399a1f3f6e3827fbe83e8faf57163efe6aa.json""}"
awc8-cosine-h40--0.005--0.95--0.99--s44,awc8,40,1514502.2939985998,1469048.85458971,1358501.5138831923,102.4584112229968,703.3221937679991,42.29233980178833,2556256,2026-09-16,"{""metrics.jsonl"":""logs/cosine/awc8/h40/lr-0.005-b1-0.95-b2-0.99/s44/metrics.jsonl"",""result.json"":""logs/cosine/awc8/h40/lr-0.005-b1-0.95-b2-0.99/s44/result.json"",""resolved.yaml"":""logs/cosine/awc8/h40/lr-0.005-b1-0.95-b2-0.99/s44/resolved.yaml"",""receipt.json"":""logs/cosine/awc8/h40/lr-0.005-b1-0.95-b2-0.99/s44/receipt.json"",""request.json"":""logs/cosine/awc8/h40/lr-0.005-b1-0.95-b2-0.99/s44/request.json"",""environment.json"":""shared/environment-530341f16713972547dd8b90f8f9b1b4762ae80517466abd226aa72350ebbf21.json""}"
awc8-cosine-h40--0.005--0.95--0.999--s42,awc8,40,1474057.261952373,1430876.3631922093,1322502.546444831,101.53213164700719,718.7437397050089,42.29233980178833,2556288,2026-09-16,"{""metrics.jsonl"":""logs/cosine/awc8/h40/lr-0.005-b1-0.95-b2-0.999/s42/metrics.jsonl"",""result.json"":""logs/cosine/awc8/h40/lr-0.005-b1-0.95-b2-0.999/s42/result.json"",""resolved.yaml"":""logs/cosine/awc8/h40/lr-0.005-b1-0.95-b2-0.999/s42/resolved.yaml"",""receipt.json"":""logs/cosine/awc8/h40/lr-0.005-b1-0.95-b2-0.999/s42/receipt.json"",""request.json"":""logs/cosine/awc8/h40/lr-0.005-b1-0.95-b2-0.999/s42/request.json"",""environment.json"":""shared/environment-6190e0a44d0e5bd427e1c1896ed25d564547c6f700859eee78a904b6b7b575ec.json""}"
awc8-cosine-h40--0.005--0.95--0.999--s43,awc8,40,1500388.9708582042,1456087.7240586437,1347118.5362102264,102.8311237119924,708.7803745559941,42.29233980178833,2556306,2026-09-16,"{""metrics.jsonl"":""logs/cosine/awc8/h40/lr-0.005-b1-0.95-b2-0.999/s43/metrics.jsonl"",""result.json"":""logs/cosine/awc8/h40/lr-0.005-b1-0.95-b2-0.999/s43/result.json"",""resolved.yaml"":""logs/cosine/awc8/h40/lr-0.005-b1-0.95-b2-0.999/s43/resolved.yaml"",""receipt.json"":""logs/cosine/awc8/h40/lr-0.005-b1-0.95-b2-0.999/s43/receipt.json"",""request.json"":""logs/cosine/awc8/h40/lr-0.005-b1-0.95-b2-0.999/s43/request.json"",""environment.json"":""shared/environment-9ef8677f31bcb154b18014cc990626770ce1c31862d3340c78feded8b51a02a2.json""}"
awc8-cosine-h40--0.005--0.95--0.999--s44,awc8,40,1516052.560508338,1468642.8449130496,1357764.6547519856,102.58105757000158,703.7613985640055,42.29233980178833,2556307,2026-09-16,"{""metrics.jsonl"":""logs/cosine/awc8/h40/lr-0.005-b1-0.95-b2-0.999/s44/metrics.jsonl"",""result.json"":""logs/cosine/awc8/h40/lr-0.005-b1-0.95-b2-0.999/s44/result.json"",""resolved.yaml"":""logs/cosine/awc8/h40/lr-0.005-b1-0.95-b2-0.999/s44/resolved.yaml"",""receipt.json"":""logs/cosine/awc8/h40/lr-0.005-b1-0.95-b2-0.999/s44/receipt.json"",""request.json"":""logs/cosine/awc8/h40/lr-0.005-b1-0.95-b2-0.999/s44/request.json"",""environment.json"":""shared/environment-79a342cac155d6a46b3b243b8d77157c36b175104880c9486d09f5d5bb896841.json""}"
awc8-cosine-h40--0.005--0.974--0.99--s42,awc8,40,1540112.5667230908,1490108.3628691523,1377367.591468312,101.13955892900412,693.9196403770038,42.29233980178833,2556371,2026-09-16,"{""metrics.jsonl"":""logs/cosine/awc8/h40/lr-0.005-b1-0.974-b2-0.99/s42/metrics.jsonl"",""result.json"":""logs/cosine/awc8/h40/lr-0.005-b1-0.974-b2-0.99/s42/result.json"",""resolved.yaml"":""logs/cosine/awc8/h40/lr-0.005-b1-0.974-b2-0.99/s42/resolved.yaml"",""receipt.json"":""logs/cosine/awc8/h40/lr-0.005-b1-0.974-b2-0.99/s42/receipt.json"",""request.json"":""logs/cosine/awc8/h40/lr-0.005-b1-0.974-b2-0.99/s42/request.json"",""environment.json"":""shared/environment-fffc21f4a62cbc6998394891f0842c76f84d19d69deceb2ce4d206cf9b748c6b.json""}"
awc8-cosine-h40--0.005--0.974--0.99--s43,awc8,40,1549816.28988781,1501302.1354091172,1388033.6518286318,100.22649419200025,688.3108966599975,42.29233980178833,2556372,2026-09-16,"{""metrics.jsonl"":""logs/cosine/awc8/h40/lr-0.005-b1-0.974-b2-0.99/s43/metrics.jsonl"",""result.json"":""logs/cosine/awc8/h40/lr-0.005-b1-0.974-b2-0.99/s43/result.json"",""resolved.yaml"":""logs/cosine/awc8/h40/lr-0.005-b1-0.974-b2-0.99/s43/resolved.yaml"",""receipt.json"":""logs/cosine/awc8/h40/lr-0.005-b1-0.974-b2-0.99/s43/receipt.json"",""request.json"":""logs/cosine/awc8/h40/lr-0.005-b1-0.974-b2-0.99/s43/request.json"",""environment.json"":""shared/environment-bc0701b944b3ba4675829feef854259f562b846efc7858587616236feaadf446.json""}"
awc8-cosine-h40--0.005--0.974--0.99--s44,awc8,40,1527790.3279833153,1475990.0944808354,1363487.600813208,101.43132917700859,700.1202797290025,42.29233980178833,2556373,2026-09-16,"{""metrics.jsonl"":""logs/cosine/awc8/h40/lr-0.005-b1-0.974-b2-0.99/s44/metrics.jsonl"",""result.json"":""logs/cosine/awc8/h40/lr-0.005-b1-0.974-b2-0.99/s44/result.json"",""resolved.yaml"":""logs/cosine/awc8/h40/lr-0.005-b1-0.974-b2-0.99/s44/resolved.yaml"",""receipt.json"":""logs/cosine/awc8/h40/lr-0.005-b1-0.974-b2-0.99/s44/receipt.json"",""request.json"":""logs/cosine/awc8/h40/lr-0.005-b1-0.974-b2-0.99/s44/request.json"",""environment.json"":""shared/environment-c3db6061dd67e98eaed5b843c708995767c1c4c3ac4c1167ee269046a3a2033e.json""}"
awc8-cosine-h40--0.005--0.974--0.999--s42,awc8,40,1513578.1038996128,1468309.411575535,1357434.045363301,102.80807949999871,704.144420386001,42.29233980178833,2556410,2026-09-16,"{""metrics.jsonl"":""logs/cosine/awc8/h40/lr-0.005-b1-0.974-b2-0.999/s42/metrics.jsonl"",""result.json"":""logs/cosine/awc8/h40/lr-0.005-b1-0.974-b2-0.999/s42/result.json"",""resolved.yaml"":""logs/cosine/awc8/h40/lr-0.005-b1-0.974-b2-0.999/s42/resolved.yaml"",""receipt.json"":""logs/cosine/awc8/h40/lr-0.005-b1-0.974-b2-0.999/s42/receipt.json"",""request.json"":""logs/cosine/awc8/h40/lr-0.005-b1-0.974-b2-0.999/s42/request.json"",""environment.json"":""shared/environment-80d8f60858152e4ac220fe1ea84d550867c33313fc24f4bf91323fc83ce715a7.json""}"
awc8-cosine-h40--0.005--0.974--0.999--s43,awc8,40,1537767.20359277,1488674.8231153828,1374896.5317857473,101.6090873840003,695.3168908289954,42.29233980178833,2556412,2026-09-16,"{""metrics.jsonl"":""logs/cosine/awc8/h40/lr-0.005-b1-0.974-b2-0.999/s43/metrics.jsonl"",""result.json"":""logs/cosine/awc8/h40/lr-0.005-b1-0.974-b2-0.999/s43/result.json"",""resolved.yaml"":""logs/cosine/awc8/h40/lr-0.005-b1-0.974-b2-0.999/s43/resolved.yaml"",""receipt.json"":""logs/cosine/awc8/h40/lr-0.005-b1-0.974-b2-0.999/s43/receipt.json"",""request.json"":""logs/cosine/awc8/h40/lr-0.005-b1-0.974-b2-0.999/s43/request.json"",""environment.json"":""shared/environment-f4fb6153abba8d00d58ba5248fb853378dfd476bfad6b6f3b2a1cb625846e849.json""}"
awc8-cosine-h40--0.005--0.974--0.999--s44,awc8,40,1534152.1529328115,1486772.92488922,1372793.3397438517,100.51539682099246,695.1128171480086,42.29233980178833,2556413,2026-09-16,"{""metrics.jsonl"":""logs/cosine/awc8/h40/lr-0.005-b1-0.974-b2-0.999/s44/metrics.jsonl"",""result.json"":""logs/cosine/awc8/h40/lr-0.005-b1-0.974-b2-0.999/s44/result.json"",""resolved.yaml"":""logs/cosine/awc8/h40/lr-0.005-b1-0.974-b2-0.999/s44/resolved.yaml"",""receipt.json"":""logs/cosine/awc8/h40/lr-0.005-b1-0.974-b2-0.999/s44/receipt.json"",""request.json"":""logs/cosine/awc8/h40/lr-0.005-b1-0.974-b2-0.999/s44/request.json"",""environment.json"":""shared/environment-ad57d33f33196a8ed5f9de88d068a44b010f07dabc4eddd7b80ce5908e651839.json""}"
awc8-cosine-h40--0.006--0.9--0.99--s42,awc8,40,1542350.729798288,1494417.7851437423,1381399.6682915993,100.96821239100245,691.866032919992,42.29233980178833,2556064,2026-09-16,"{""metrics.jsonl"":""logs/cosine/awc8/h40/lr-0.006-b1-0.9-b2-0.99/s42/metrics.jsonl"",""result.json"":""logs/cosine/awc8/h40/lr-0.006-b1-0.9-b2-0.99/s42/result.json"",""resolved.yaml"":""logs/cosine/awc8/h40/lr-0.006-b1-0.9-b2-0.99/s42/resolved.yaml"",""receipt.json"":""logs/cosine/awc8/h40/lr-0.006-b1-0.9-b2-0.99/s42/receipt.json"",""request.json"":""logs/cosine/awc8/h40/lr-0.006-b1-0.9-b2-0.99/s42/request.json"",""environment.json"":""shared/environment-1c0ef2dc27fdda24f6d4c8c3f91b15c239a079a178eb005d1b6fd5f9e7c6551a.json""}"
awc8-cosine-h40--0.006--0.9--0.99--s43,awc8,40,1497911.9049281145,1449868.8920521697,1342821.0005030558,101.48377894000441,709.3664164209913,42.29233980178833,2556069,2026-09-16,"{""metrics.jsonl"":""logs/cosine/awc8/h40/lr-0.006-b1-0.9-b2-0.99/s43/metrics.jsonl"",""result.json"":""logs/cosine/awc8/h40/lr-0.006-b1-0.9-b2-0.99/s43/result.json"",""resolved.yaml"":""logs/cosine/awc8/h40/lr-0.006-b1-0.9-b2-0.99/s43/resolved.yaml"",""receipt.json"":""logs/cosine/awc8/h40/lr-0.006-b1-0.9-b2-0.99/s43/receipt.json"",""request.json"":""logs/cosine/awc8/h40/lr-0.006-b1-0.9-b2-0.99/s43/request.json"",""environment.json"":""shared/environment-14a2c7c367ae1beefc92e63be7731398e67ef1f94b8fe2271368b3dce3ce68eb.json""}"
awc8-cosine-h40--0.006--0.9--0.99--s44,awc8,40,1513574.8694694766,1466009.7261741848,1356521.6973110493,101.61292413600313,703.3416681990057,42.29233980178833,2556070,2026-09-16,"{""metrics.jsonl"":""logs/cosine/awc8/h40/lr-0.006-b1-0.9-b2-0.99/s44/metrics.jsonl"",""result.json"":""logs/cosine/awc8/h40/lr-0.006-b1-0.9-b2-0.99/s44/result.json"",""resolved.yaml"":""logs/cosine/awc8/h40/lr-0.006-b1-0.9-b2-0.99/s44/resolved.yaml"",""receipt.json"":""logs/cosine/awc8/h40/lr-0.006-b1-0.9-b2-0.99/s44/receipt.json"",""request.json"":""logs/cosine/awc8/h40/lr-0.006-b1-0.9-b2-0.99/s44/request.json"",""environment.json"":""shared/environment-7221609e93cadc5fb8b69349cbeb0638a63b957630e45607518148b916b01246.json""}"
awc8-cosine-h40--0.006--0.9--0.999--s42,awc8,40,1542443.8130257532,1495873.5566109496,1381634.6036548044,102.14295848501206,692.9413973899937,42.29233980178833,2556192,2026-09-16,"{""metrics.jsonl"":""logs/cosine/awc8/h40/lr-0.006-b1-0.9-b2-0.999/s42/metrics.jsonl"",""result.json"":""logs/cosine/awc8/h40/lr-0.006-b1-0.9-b2-0.999/s42/result.json"",""resolved.yaml"":""logs/cosine/awc8/h40/lr-0.006-b1-0.9-b2-0.999/s42/resolved.yaml"",""receipt.json"":""logs/cosine/awc8/h40/lr-0.006-b1-0.9-b2-0.999/s42/receipt.json"",""request.json"":""logs/cosine/awc8/h40/lr-0.006-b1-0.9-b2-0.999/s42/request.json"",""environment.json"":""shared/environment-4156a59f8de393efbf330b48d35c1834daedf99070b73958edb5676e687d53ab.json""}"
awc8-cosine-h40--0.006--0.9--0.999--s43,awc8,40,1521340.4889807086,1470147.0382897009,1359212.0226595039,101.52467826999782,702.0982510239992,42.29233980178833,2556201,2026-09-16,"{""metrics.jsonl"":""logs/cosine/awc8/h40/lr-0.006-b1-0.9-b2-0.999/s43/metrics.jsonl"",""result.json"":""logs/cosine/awc8/h40/lr-0.006-b1-0.9-b2-0.999/s43/result.json"",""resolved.yaml"":""logs/cosine/awc8/h40/lr-0.006-b1-0.9-b2-0.999/s43/resolved.yaml"",""receipt.json"":""logs/cosine/awc8/h40/lr-0.006-b1-0.9-b2-0.999/s43/receipt.json"",""request.json"":""logs/cosine/awc8/h40/lr-0.006-b1-0.9-b2-0.999/s43/request.json"",""environment.json"":""shared/environment-12af7b8fee1985a0def188a700af2b6d19815797848d25569384316580995153.json""}"
awc8-cosine-h40--0.006--0.9--0.999--s44,awc8,40,1528952.1749183377,1481122.0995718264,1369459.8046185672,101.52189382699726,697.5928111880057,42.29233980178833,2556202,2026-09-16,"{""metrics.jsonl"":""logs/cosine/awc8/h40/lr-0.006-b1-0.9-b2-0.999/s44/metrics.jsonl"",""result.json"":""logs/cosine/awc8/h40/lr-0.006-b1-0.9-b2-0.999/s44/result.json"",""resolved.yaml"":""logs/cosine/awc8/h40/lr-0.006-b1-0.9-b2-0.999/s44/resolved.yaml"",""receipt.json"":""logs/cosine/awc8/h40/lr-0.006-b1-0.9-b2-0.999/s44/receipt.json"",""request.json"":""logs/cosine/awc8/h40/lr-0.006-b1-0.9-b2-0.999/s44/request.json"",""environment.json"":""shared/environment-eb907c956db93658597988ad120d7b5697934fe4c525936f4b8470e96383906b.json""}"
awc8-cosine-h40--0.006--0.95--0.99--s42,awc8,40,1535780.5986275352,1487474.3194087227,1373203.8262591609,100.58069888700265,695.0000895429985,42.29233980178833,2556262,2026-09-16,"{""metrics.jsonl"":""logs/cosine/awc8/h40/lr-0.006-b1-0.95-b2-0.99/s42/metrics.jsonl"",""result.json"":""logs/cosine/awc8/h40/lr-0.006-b1-0.95-b2-0.99/s42/result.json"",""resolved.yaml"":""logs/cosine/awc8/h40/lr-0.006-b1-0.95-b2-0.99/s42/resolved.yaml"",""receipt.json"":""logs/cosine/awc8/h40/lr-0.006-b1-0.95-b2-0.99/s42/receipt.json"",""request.json"":""logs/cosine/awc8/h40/lr-0.006-b1-0.95-b2-0.99/s42/request.json"",""environment.json"":""shared/environment-56549b48f0a40739dce5c844d480f236a06a347ae1e157d03200cbdd34438e09.json""}"
awc8-cosine-h40--0.006--0.95--0.99--s43,awc8,40,1517360.1121801552,1471282.1857189336,1358397.9654317037,102.70692014000088,703.6132269060035,42.29233980178833,2556263,2026-09-16,"{""metrics.jsonl"":""logs/cosine/awc8/h40/lr-0.006-b1-0.95-b2-0.99/s43/metrics.jsonl"",""result.json"":""logs/cosine/awc8/h40/lr-0.006-b1-0.95-b2-0.99/s43/result.json"",""resolved.yaml"":""logs/cosine/awc8/h40/lr-0.006-b1-0.95-b2-0.99/s43/resolved.yaml"",""receipt.json"":""logs/cosine/awc8/h40/lr-0.006-b1-0.95-b2-0.99/s43/receipt.json"",""request.json"":""logs/cosine/awc8/h40/lr-0.006-b1-0.95-b2-0.99/s43/request.json"",""environment.json"":""shared/environment-18377ec3b3a1eeedd29915b9a7c5a50788922bfbcef89f2275fb8f57f4f1ba37.json""}"
awc8-cosine-h40--0.006--0.95--0.99--s44,awc8,40,1547023.2274864942,1424937.1543325747,1320408.6632583202,99.90113616300005,718.5984265219995,42.29233980178833,2556269,2026-09-16,"{""metrics.jsonl"":""logs/cosine/awc8/h40/lr-0.006-b1-0.95-b2-0.99/s44/metrics.jsonl"",""result.json"":""logs/cosine/awc8/h40/lr-0.006-b1-0.95-b2-0.99/s44/result.json"",""resolved.yaml"":""logs/cosine/awc8/h40/lr-0.006-b1-0.95-b2-0.99/s44/resolved.yaml"",""receipt.json"":""logs/cosine/awc8/h40/lr-0.006-b1-0.95-b2-0.99/s44/receipt.json"",""request.json"":""logs/cosine/awc8/h40/lr-0.006-b1-0.95-b2-0.99/s44/request.json"",""environment.json"":""shared/environment-f39e16fd3601b9a2c2d62b073e44f718b4805bca3b73a4e26f0ee0d30de5ae49.json""}"
awc8-cosine-h40--0.006--0.95--0.999--s42,awc8,40,1537984.6994068364,1419527.750133412,1317733.2444827955,99.25956265600689,719.1734281079989,42.29233980178833,2556308,2026-09-16,"{""metrics.jsonl"":""logs/cosine/awc8/h40/lr-0.006-b1-0.95-b2-0.999/s42/metrics.jsonl"",""result.json"":""logs/cosine/awc8/h40/lr-0.006-b1-0.95-b2-0.999/s42/result.json"",""resolved.yaml"":""logs/cosine/awc8/h40/lr-0.006-b1-0.95-b2-0.999/s42/resolved.yaml"",""receipt.json"":""logs/cosine/awc8/h40/lr-0.006-b1-0.95-b2-0.999/s42/receipt.json"",""request.json"":""logs/cosine/awc8/h40/lr-0.006-b1-0.95-b2-0.999/s42/request.json"",""environment.json"":""shared/environment-cce3cc5b4f50dcb22c37638f79b6dcd340392071bc6bba42a50f35a8883c93b0.json""}"
awc8-cosine-h40--0.006--0.95--0.999--s43,awc8,40,1468968.8372143055,1414248.958352943,1310523.6839478011,103.5525245720055,726.4656042599963,42.29233980178833,2556337,2026-09-16,"{""metrics.jsonl"":""logs/cosine/awc8/h40/lr-0.006-b1-0.95-b2-0.999/s43/metrics.jsonl"",""result.json"":""logs/cosine/awc8/h40/lr-0.006-b1-0.95-b2-0.999/s43/result.json"",""resolved.yaml"":""logs/cosine/awc8/h40/lr-0.006-b1-0.95-b2-0.999/s43/resolved.yaml"",""receipt.json"":""logs/cosine/awc8/h40/lr-0.006-b1-0.95-b2-0.999/s43/receipt.json"",""request.json"":""logs/cosine/awc8/h40/lr-0.006-b1-0.95-b2-0.999/s43/request.json"",""environment.json"":""shared/environment-981d04158e1799d47c98da06df2605f8e38ec96ef9f2cd85010d89408eeb4ee1.json""}"
awc8-cosine-h40--0.006--0.95--0.999--s44,awc8,40,1509907.4824966483,1452935.332079497,1344055.913073629,103.0548993590055,710.464717698007,42.29233980178833,2556338,2026-09-16,"{""metrics.jsonl"":""logs/cosine/awc8/h40/lr-0.006-b1-0.95-b2-0.999/s44/metrics.jsonl"",""result.json"":""logs/cosine/awc8/h40/lr-0.006-b1-0.95-b2-0.999/s44/result.json"",""resolved.yaml"":""logs/cosine/awc8/h40/lr-0.006-b1-0.95-b2-0.999/s44/resolved.yaml"",""receipt.json"":""logs/cosine/awc8/h40/lr-0.006-b1-0.95-b2-0.999/s44/receipt.json"",""request.json"":""logs/cosine/awc8/h40/lr-0.006-b1-0.95-b2-0.999/s44/request.json"",""environment.json"":""shared/environment-df60726d78b51698690730dc66757cb2b01ed970665cecdfe8faf22cb0b9c2b9.json""}"
awc8-cosine-h40--0.006--0.974--0.99--s42,awc8,40,1529414.4235968746,1481289.9686961093,1369550.9800768986,101.70027963000757,697.7318272240082,42.29233980178833,2556380,2026-09-16,"{""metrics.jsonl"":""logs/cosine/awc8/h40/lr-0.006-b1-0.974-b2-0.99/s42/metrics.jsonl"",""result.json"":""logs/cosine/awc8/h40/lr-0.006-b1-0.974-b2-0.99/s42/result.json"",""resolved.yaml"":""logs/cosine/awc8/h40/lr-0.006-b1-0.974-b2-0.99/s42/resolved.yaml"",""receipt.json"":""logs/cosine/awc8/h40/lr-0.006-b1-0.974-b2-0.99/s42/receipt.json"",""request.json"":""logs/cosine/awc8/h40/lr-0.006-b1-0.974-b2-0.99/s42/request.json"",""environment.json"":""shared/environment-72e74869794b402952c66449217b0b8c195bdf8e7f48e817b7cb470b1dd3a13f.json""}"
awc8-cosine-h40--0.006--0.974--0.99--s43,awc8,40,1534981.6099549874,1485314.3439619076,1372827.0354071155,102.23915173800196,696.9379454980008,42.29233980178833,2556385,2026-09-16,"{""metrics.jsonl"":""logs/cosine/awc8/h40/lr-0.006-b1-0.974-b2-0.99/s43/metrics.jsonl"",""result.json"":""logs/cosine/awc8/h40/lr-0.006-b1-0.974-b2-0.99/s43/result.json"",""resolved.yaml"":""logs/cosine/awc8/h40/lr-0.006-b1-0.974-b2-0.99/s43/resolved.yaml"",""receipt.json"":""logs/cosine/awc8/h40/lr-0.006-b1-0.974-b2-0.99/s43/receipt.json"",""request.json"":""logs/cosine/awc8/h40/lr-0.006-b1-0.974-b2-0.99/s43/request.json"",""environment.json"":""shared/environment-a1576e85c4f298f707f368fe0385f9ca6e69111bd99ba614a4f236eefef2f42e.json""}"
awc8-cosine-h40--0.006--0.974--0.99--s44,awc8,40,1521633.8816795575,1466241.6809533418,1356299.5604767597,101.09028171300088,702.9290779969997,42.29233980178833,2556391,2026-09-16,"{""metrics.jsonl"":""logs/cosine/awc8/h40/lr-0.006-b1-0.974-b2-0.99/s44/metrics.jsonl"",""result.json"":""logs/cosine/awc8/h40/lr-0.006-b1-0.974-b2-0.99/s44/result.json"",""resolved.yaml"":""logs/cosine/awc8/h40/lr-0.006-b1-0.974-b2-0.99/s44/resolved.yaml"",""receipt.json"":""logs/cosine/awc8/h40/lr-0.006-b1-0.974-b2-0.99/s44/receipt.json"",""request.json"":""logs/cosine/awc8/h40/lr-0.006-b1-0.974-b2-0.99/s44/request.json"",""environment.json"":""shared/environment-327d1a3e2ab0861d4b0600b0538b417511c8a0bfe153549919ae22b7374f2e31.json""}"
awc8-cosine-h40--0.006--0.974--0.999--s42,awc8,40,1523630.3341133352,1476756.2072531227,1365129.3818659813,102.02647260799858,699.9859418229971,42.29233980178833,2556417,2026-09-16,"{""metrics.jsonl"":""logs/cosine/awc8/h40/lr-0.006-b1-0.974-b2-0.999/s42/metrics.jsonl"",""result.json"":""logs/cosine/awc8/h40/lr-0.006-b1-0.974-b2-0.999/s42/result.json"",""resolved.yaml"":""logs/cosine/awc8/h40/lr-0.006-b1-0.974-b2-0.999/s42/resolved.yaml"",""receipt.json"":""logs/cosine/awc8/h40/lr-0.006-b1-0.974-b2-0.999/s42/receipt.json"",""request.json"":""logs/cosine/awc8/h40/lr-0.006-b1-0.974-b2-0.999/s42/request.json"",""environment.json"":""shared/environment-258cb4c295cd9205a0ce500b3a52a2541cbcf3721c5c76bc4ff24c2a8d5e2d2f.json""}"
awc8-cosine-h40--0.006--0.974--0.999--s43,awc8,40,1508079.8144884275,1462263.558153136,1354222.4444739341,99.8258839110058,702.6193835450104,42.29233980178833,2556418,2026-09-16,"{""metrics.jsonl"":""logs/cosine/awc8/h40/lr-0.006-b1-0.974-b2-0.999/s43/metrics.jsonl"",""result.json"":""logs/cosine/awc8/h40/lr-0.006-b1-0.974-b2-0.999/s43/result.json"",""resolved.yaml"":""logs/cosine/awc8/h40/lr-0.006-b1-0.974-b2-0.999/s43/resolved.yaml"",""receipt.json"":""logs/cosine/awc8/h40/lr-0.006-b1-0.974-b2-0.999/s43/receipt.json"",""request.json"":""logs/cosine/awc8/h40/lr-0.006-b1-0.974-b2-0.999/s43/request.json"",""environment.json"":""shared/environment-597b3c881b2734b7f1ac3fcf63f84fbe63aa7b14cb4c598f21daa0bdb137a5c0.json""}"
awc8-cosine-h40--0.006--0.974--0.999--s44,awc8,40,1505724.773892504,1401123.3005099748,1301438.8885661184,100.25717851700028,727.4724822200078,42.29233980178833,2556422,2026-09-16,"{""metrics.jsonl"":""logs/cosine/awc8/h40/lr-0.006-b1-0.974-b2-0.999/s44/metrics.jsonl"",""result.json"":""logs/cosine/awc8/h40/lr-0.006-b1-0.974-b2-0.999/s44/result.json"",""resolved.yaml"":""logs/cosine/awc8/h40/lr-0.006-b1-0.974-b2-0.999/s44/resolved.yaml"",""receipt.json"":""logs/cosine/awc8/h40/lr-0.006-b1-0.974-b2-0.999/s44/receipt.json"",""request.json"":""logs/cosine/awc8/h40/lr-0.006-b1-0.974-b2-0.999/s44/request.json"",""environment.json"":""shared/environment-359adb56a40278deba33710aa25456746fbbcd584671f9a1bb979a686bd32c8d.json""}"
awc8-cosine-h40--0.007--0.9--0.99--s42,awc8,40,1497108.3403245052,1451691.351462773,1344548.4835305614,100.19324182400305,707.2876263490034,42.29233980178833,2556160,2026-09-16,"{""metrics.jsonl"":""logs/cosine/awc8/h40/lr-0.007-b1-0.9-b2-0.99/s42/metrics.jsonl"",""result.json"":""logs/cosine/awc8/h40/lr-0.007-b1-0.9-b2-0.99/s42/result.json"",""resolved.yaml"":""logs/cosine/awc8/h40/lr-0.007-b1-0.9-b2-0.99/s42/resolved.yaml"",""receipt.json"":""logs/cosine/awc8/h40/lr-0.007-b1-0.9-b2-0.99/s42/receipt.json"",""request.json"":""logs/cosine/awc8/h40/lr-0.007-b1-0.9-b2-0.99/s42/request.json"",""environment.json"":""shared/environment-cc4345d15670fa33f030cf1007d39c7e6659bd66871732845bf94d0c9a7fb111.json""}"
awc8-cosine-h40--0.007--0.9--0.99--s43,awc8,40,1529477.7204256963,1482079.9959365777,1371086.766196647,100.99768856800802,696.3707729259913,42.29233980178833,2556161,2026-09-16,"{""metrics.jsonl"":""logs/cosine/awc8/h40/lr-0.007-b1-0.9-b2-0.99/s43/metrics.jsonl"",""result.json"":""logs/cosine/awc8/h40/lr-0.007-b1-0.9-b2-0.99/s43/result.json"",""resolved.yaml"":""logs/cosine/awc8/h40/lr-0.007-b1-0.9-b2-0.99/s43/resolved.yaml"",""receipt.json"":""logs/cosine/awc8/h40/lr-0.007-b1-0.9-b2-0.99/s43/receipt.json"",""request.json"":""logs/cosine/awc8/h40/lr-0.007-b1-0.9-b2-0.99/s43/request.json"",""environment.json"":""shared/environment-a1312cb2d46b814b2bb2f64a93b7ed0fefa37b4f76abbb29800251e50443f679.json""}"
awc8-cosine-h40--0.007--0.9--0.99--s44,awc8,40,1493065.159073944,1435780.2215099041,1327951.3972059777,102.9383122260042,717.7155839399929,42.29233980178833,2556162,2026-09-16,"{""metrics.jsonl"":""logs/cosine/awc8/h40/lr-0.007-b1-0.9-b2-0.99/s44/metrics.jsonl"",""result.json"":""logs/cosine/awc8/h40/lr-0.007-b1-0.9-b2-0.99/s44/result.json"",""resolved.yaml"":""logs/cosine/awc8/h40/lr-0.007-b1-0.9-b2-0.99/s44/resolved.yaml"",""receipt.json"":""logs/cosine/awc8/h40/lr-0.007-b1-0.9-b2-0.99/s44/receipt.json"",""request.json"":""logs/cosine/awc8/h40/lr-0.007-b1-0.9-b2-0.99/s44/request.json"",""environment.json"":""shared/environment-4f61ad814504e0f0e7c1e788b15ae06dd16aa122933074a70f9a98e489e1c6ff.json""}"
awc8-cosine-h40--0.007--0.9--0.999--s42,awc8,40,1530186.9150940145,1481580.8767477816,1369468.8271849183,102.56871756100008,698.7253253750023,42.29233980178833,2556203,2026-09-16,"{""metrics.jsonl"":""logs/cosine/awc8/h40/lr-0.007-b1-0.9-b2-0.999/s42/metrics.jsonl"",""result.json"":""logs/cosine/awc8/h40/lr-0.007-b1-0.9-b2-0.999/s42/result.json"",""resolved.yaml"":""logs/cosine/awc8/h40/lr-0.007-b1-0.9-b2-0.999/s42/resolved.yaml"",""receipt.json"":""logs/cosine/awc8/h40/lr-0.007-b1-0.9-b2-0.999/s42/receipt.json"",""request.json"":""logs/cosine/awc8/h40/lr-0.007-b1-0.9-b2-0.999/s42/request.json"",""environment.json"":""shared/environment-1fc40f13c06b84ed8101bd25abc4f65fbeeca61385c7bbe8752fe4bcf6f91950.json""}"
awc8-cosine-h40--0.007--0.9--0.999--s43,awc8,40,1517842.2452717551,1465814.6638542118,1355814.0366388552,101.80825134199767,703.8614970539966,42.29233980178833,2556204,2026-09-16,"{""metrics.jsonl"":""logs/cosine/awc8/h40/lr-0.007-b1-0.9-b2-0.999/s43/metrics.jsonl"",""result.json"":""logs/cosine/awc8/h40/lr-0.007-b1-0.9-b2-0.999/s43/result.json"",""resolved.yaml"":""logs/cosine/awc8/h40/lr-0.007-b1-0.9-b2-0.999/s43/resolved.yaml"",""receipt.json"":""logs/cosine/awc8/h40/lr-0.007-b1-0.9-b2-0.999/s43/receipt.json"",""request.json"":""logs/cosine/awc8/h40/lr-0.007-b1-0.9-b2-0.999/s43/request.json"",""environment.json"":""shared/environment-3d0f8704cc97ae2c75246227f99b648a165491142bb79dcec388267727af3723.json""}"
awc8-cosine-h40--0.007--0.9--0.999--s44,awc8,40,1506883.725727878,1458756.0741056732,1350142.1614912362,101.6448825280022,706.2292530279992,42.29233980178833,2556208,2026-09-16,"{""metrics.jsonl"":""logs/cosine/awc8/h40/lr-0.007-b1-0.9-b2-0.999/s44/metrics.jsonl"",""result.json"":""logs/cosine/awc8/h40/lr-0.007-b1-0.9-b2-0.999/s44/result.json"",""resolved.yaml"":""logs/cosine/awc8/h40/lr-0.007-b1-0.9-b2-0.999/s44/resolved.yaml"",""receipt.json"":""logs/cosine/awc8/h40/lr-0.007-b1-0.9-b2-0.999/s44/receipt.json"",""request.json"":""logs/cosine/awc8/h40/lr-0.007-b1-0.9-b2-0.999/s44/request.json"",""environment.json"":""shared/environment-a9d3df866642b3993d1b94130c6a9b75fe59f202b8d2246220e378be23d4d70e.json""}"
awc8-cosine-h40--0.007--0.95--0.99--s42,awc8,40,1494086.4431389046,1442465.9000404743,1334021.9622741477,103.83086417200684,715.788227129,42.29233980178833,2553864,2026-09-16,"{""metrics.jsonl"":""logs/cosine/awc8/h40/lr-0.007-b1-0.95-b2-0.99/s42/metrics.jsonl"",""result.json"":""logs/cosine/awc8/h40/lr-0.007-b1-0.95-b2-0.99/s42/result.json"",""resolved.yaml"":""logs/cosine/awc8/h40/lr-0.007-b1-0.95-b2-0.99/s42/resolved.yaml"",""receipt.json"":""logs/cosine/awc8/h40/lr-0.007-b1-0.95-b2-0.99/s42/receipt.json"",""request.json"":""logs/cosine/awc8/h40/lr-0.007-b1-0.95-b2-0.99/s42/request.json"",""environment.json"":""shared/environment-c800ffc7938ef3fc28278c8e1e334a651767f81b380821ebf072e9646e5a342d.json""}"
awc8-cosine-h40--0.007--0.95--0.99--s43,awc8,40,1512281.522171659,1465389.7869323022,1354664.9430490064,102.37439049599925,704.9643007139966,42.29233980178833,2556270,2026-09-16,"{""metrics.jsonl"":""logs/cosine/awc8/h40/lr-0.007-b1-0.95-b2-0.99/s43/metrics.jsonl"",""result.json"":""logs/cosine/awc8/h40/lr-0.007-b1-0.95-b2-0.99/s43/result.json"",""resolved.yaml"":""logs/cosine/awc8/h40/lr-0.007-b1-0.95-b2-0.99/s43/resolved.yaml"",""receipt.json"":""logs/cosine/awc8/h40/lr-0.007-b1-0.95-b2-0.99/s43/receipt.json"",""request.json"":""logs/cosine/awc8/h40/lr-0.007-b1-0.95-b2-0.99/s43/request.json"",""environment.json"":""shared/environment-89c0bf3a9692f5b6da46eb34a66daddded8df6c13f071fa2575c27fd5ded851c.json""}"
awc8-cosine-h40--0.007--0.95--0.99--s44,awc8,40,1495498.676015154,1442362.299294845,1334360.6250265387,101.21064268799091,712.9621217249951,42.29233980178833,2556278,2026-09-16,"{""metrics.jsonl"":""logs/cosine/awc8/h40/lr-0.007-b1-0.95-b2-0.99/s44/metrics.jsonl"",""result.json"":""logs/cosine/awc8/h40/lr-0.007-b1-0.95-b2-0.99/s44/result.json"",""resolved.yaml"":""logs/cosine/awc8/h40/lr-0.007-b1-0.95-b2-0.99/s44/resolved.yaml"",""receipt.json"":""logs/cosine/awc8/h40/lr-0.007-b1-0.95-b2-0.99/s44/receipt.json"",""request.json"":""logs/cosine/awc8/h40/lr-0.007-b1-0.95-b2-0.99/s44/request.json"",""environment.json"":""shared/environment-2689a3d5e9fb866836c0f1a5559765e69db96d3257e048d61de7004ee162cd8a.json""}"
awc8-cosine-h40--0.007--0.95--0.999--s42,awc8,40,1505654.2775442,1458370.1761978036,1348432.7723150833,103.43908728699898,708.7778840190003,42.29233980178833,2556339,2026-09-16,"{""metrics.jsonl"":""logs/cosine/awc8/h40/lr-0.007-b1-0.95-b2-0.999/s42/metrics.jsonl"",""result.json"":""logs/cosine/awc8/h40/lr-0.007-b1-0.95-b2-0.999/s42/result.json"",""resolved.yaml"":""logs/cosine/awc8/h40/lr-0.007-b1-0.95-b2-0.999/s42/resolved.yaml"",""receipt.json"":""logs/cosine/awc8/h40/lr-0.007-b1-0.95-b2-0.999/s42/receipt.json"",""request.json"":""logs/cosine/awc8/h40/lr-0.007-b1-0.95-b2-0.999/s42/request.json"",""environment.json"":""shared/environment-5bf4aec08b6eeb2aaf06f7c91b01b77ff4b877ee1d4e3bc360b60e6ccd06bece.json""}"
awc8-cosine-h40--0.007--0.95--0.999--s43,awc8,40,1516758.6433647943,1466054.3494944342,1357063.7224630453,100.30879355900106,701.8793518830062,42.29233980178833,2556340,2026-09-16,"{""metrics.jsonl"":""logs/cosine/awc8/h40/lr-0.007-b1-0.95-b2-0.999/s43/metrics.jsonl"",""result.json"":""logs/cosine/awc8/h40/lr-0.007-b1-0.95-b2-0.999/s43/result.json"",""resolved.yaml"":""logs/cosine/awc8/h40/lr-0.007-b1-0.95-b2-0.999/s43/resolved.yaml"",""receipt.json"":""logs/cosine/awc8/h40/lr-0.007-b1-0.95-b2-0.999/s43/receipt.json"",""request.json"":""logs/cosine/awc8/h40/lr-0.007-b1-0.95-b2-0.999/s43/request.json"",""environment.json"":""shared/environment-8f428930e06433c151cb15648ec569956bd64a12fe573dff771865393bedba4d.json""}"
awc8-cosine-h40--0.007--0.95--0.999--s44,awc8,40,1550115.8393333103,1496179.114004699,1376724.2744945516,100.59210896100558,693.6009411169944,42.29233980178833,2556341,2026-09-16,"{""metrics.jsonl"":""logs/cosine/awc8/h40/lr-0.007-b1-0.95-b2-0.999/s44/metrics.jsonl"",""result.json"":""logs/cosine/awc8/h40/lr-0.007-b1-0.95-b2-0.999/s44/result.json"",""resolved.yaml"":""logs/cosine/awc8/h40/lr-0.007-b1-0.95-b2-0.999/s44/resolved.yaml"",""receipt.json"":""logs/cosine/awc8/h40/lr-0.007-b1-0.95-b2-0.999/s44/receipt.json"",""request.json"":""logs/cosine/awc8/h40/lr-0.007-b1-0.95-b2-0.999/s44/request.json"",""environment.json"":""shared/environment-39d990670d05e40c21a92b354e0022814e3363a59cd66d534e83e46318171121.json""}"
awc8-cosine-h40--0.007--0.974--0.99--s42,awc8,40,1504045.06433974,1453044.1300789965,1343779.2625750862,102.4378745920003,709.8841943539992,42.29233980178833,2556392,2026-09-16,"{""metrics.jsonl"":""logs/cosine/awc8/h40/lr-0.007-b1-0.974-b2-0.99/s42/metrics.jsonl"",""result.json"":""logs/cosine/awc8/h40/lr-0.007-b1-0.974-b2-0.99/s42/result.json"",""resolved.yaml"":""logs/cosine/awc8/h40/lr-0.007-b1-0.974-b2-0.99/s42/resolved.yaml"",""receipt.json"":""logs/cosine/awc8/h40/lr-0.007-b1-0.974-b2-0.99/s42/receipt.json"",""request.json"":""logs/cosine/awc8/h40/lr-0.007-b1-0.974-b2-0.99/s42/request.json"",""environment.json"":""shared/environment-b61ba77a86dd9963af32d91660674fa445c7c4b1960853ffd02b61090a4ab1e6.json""}"
awc8-cosine-h40--0.007--0.974--0.99--s43,awc8,40,1491582.445103959,1446544.6715093583,1333858.4057654275,104.23489862000861,716.2912617969996,42.29233980178833,2556398,2026-09-16,"{""metrics.jsonl"":""logs/cosine/awc8/h40/lr-0.007-b1-0.974-b2-0.99/s43/metrics.jsonl"",""result.json"":""logs/cosine/awc8/h40/lr-0.007-b1-0.974-b2-0.99/s43/result.json"",""resolved.yaml"":""logs/cosine/awc8/h40/lr-0.007-b1-0.974-b2-0.99/s43/resolved.yaml"",""receipt.json"":""logs/cosine/awc8/h40/lr-0.007-b1-0.974-b2-0.99/s43/receipt.json"",""request.json"":""logs/cosine/awc8/h40/lr-0.007-b1-0.974-b2-0.99/s43/request.json"",""environment.json"":""shared/environment-b142334c4870813160d0d40c33fd2c140924bb33c92cc7bde145a321d41bde2d.json""}"
awc8-cosine-h40--0.007--0.974--0.99--s44,awc8,40,1542698.576399999,1490543.1323730452,1375763.411268816,100.64628846000414,693.9658952540049,42.29233980178833,2556399,2026-09-16,"{""metrics.jsonl"":""logs/cosine/awc8/h40/lr-0.007-b1-0.974-b2-0.99/s44/metrics.jsonl"",""result.json"":""logs/cosine/awc8/h40/lr-0.007-b1-0.974-b2-0.99/s44/result.json"",""resolved.yaml"":""logs/cosine/awc8/h40/lr-0.007-b1-0.974-b2-0.99/s44/resolved.yaml"",""receipt.json"":""logs/cosine/awc8/h40/lr-0.007-b1-0.974-b2-0.99/s44/receipt.json"",""request.json"":""logs/cosine/awc8/h40/lr-0.007-b1-0.974-b2-0.99/s44/request.json"",""environment.json"":""shared/environment-e09d28b7b2b40f11ea9ff8bd5ee3f95cac1cb17664838a838f940573b61e651c.json""}"
awc8-cosine-h40--0.007--0.974--0.999--s42,awc8,40,1532999.8336430003,1486096.0488451563,1371276.7798779893,101.43640574099845,696.6913941489911,42.29233980178833,2556423,2026-09-16,"{""metrics.jsonl"":""logs/cosine/awc8/h40/lr-0.007-b1-0.974-b2-0.999/s42/metrics.jsonl"",""result.json"":""logs/cosine/awc8/h40/lr-0.007-b1-0.974-b2-0.999/s42/result.json"",""resolved.yaml"":""logs/cosine/awc8/h40/lr-0.007-b1-0.974-b2-0.999/s42/resolved.yaml"",""receipt.json"":""logs/cosine/awc8/h40/lr-0.007-b1-0.974-b2-0.999/s42/receipt.json"",""request.json"":""logs/cosine/awc8/h40/lr-0.007-b1-0.974-b2-0.999/s42/request.json"",""environment.json"":""shared/environment-894e31279661d02701f163f9d660eb6ed6e5cedb07a17dfcb75b383d2874075e.json""}"
awc8-cosine-h40--0.007--0.974--0.999--s43,awc8,40,1539512.5888253183,1491587.1373162435,1378345.5490641927,101.44451400499747,693.6706484130009,42.29233980178833,2556424,2026-09-16,"{""metrics.jsonl"":""logs/cosine/awc8/h40/lr-0.007-b1-0.974-b2-0.999/s43/metrics.jsonl"",""result.json"":""logs/cosine/awc8/h40/lr-0.007-b1-0.974-b2-0.999/s43/result.json"",""resolved.yaml"":""logs/cosine/awc8/h40/lr-0.007-b1-0.974-b2-0.999/s43/resolved.yaml"",""receipt.json"":""logs/cosine/awc8/h40/lr-0.007-b1-0.974-b2-0.999/s43/receipt.json"",""request.json"":""logs/cosine/awc8/h40/lr-0.007-b1-0.974-b2-0.999/s43/request.json"",""environment.json"":""shared/environment-82f6a90dccd6dbc7f8cd8c1ac36d0ad624e9740433461f9d3d5e1b95860f2196.json""}"
awc8-cosine-h40--0.007--0.974--0.999--s44,awc8,40,1479652.8973130519,1436028.9829528609,1330153.1994186253,101.53102828099509,715.1953198190022,42.29233980178833,2556426,2026-09-16,"{""metrics.jsonl"":""logs/cosine/awc8/h40/lr-0.007-b1-0.974-b2-0.999/s44/metrics.jsonl"",""result.json"":""logs/cosine/awc8/h40/lr-0.007-b1-0.974-b2-0.999/s44/result.json"",""resolved.yaml"":""logs/cosine/awc8/h40/lr-0.007-b1-0.974-b2-0.999/s44/resolved.yaml"",""receipt.json"":""logs/cosine/awc8/h40/lr-0.007-b1-0.974-b2-0.999/s44/receipt.json"",""request.json"":""logs/cosine/awc8/h40/lr-0.007-b1-0.974-b2-0.999/s44/request.json"",""environment.json"":""shared/environment-7c6e6e1d59ab57778ce1e1c1efa5d63c987a3f31fbaf0b97d2ec98d7b458d84c.json""}"
awc8-cosine-h40--0.008--0.9--0.99--s42,awc8,40,1530505.7153949414,1483163.9781174017,1371405.2151792387,101.51101006400131,696.7762025739939,42.29233980178833,2556176,2026-09-16,"{""metrics.jsonl"":""logs/cosine/awc8/h40/lr-0.008-b1-0.9-b2-0.99/s42/metrics.jsonl"",""result.json"":""logs/cosine/awc8/h40/lr-0.008-b1-0.9-b2-0.99/s42/result.json"",""resolved.yaml"":""logs/cosine/awc8/h40/lr-0.008-b1-0.9-b2-0.99/s42/resolved.yaml"",""receipt.json"":""logs/cosine/awc8/h40/lr-0.008-b1-0.9-b2-0.99/s42/receipt.json"",""request.json"":""logs/cosine/awc8/h40/lr-0.008-b1-0.9-b2-0.99/s42/request.json"",""environment.json"":""shared/environment-6ffa49036154c92018a38c7de2bd834af5a97a6cda9cf9a5347ae098e42e6845.json""}"
awc8-cosine-h40--0.008--0.9--0.99--s43,awc8,40,1509408.2064954715,1463488.6023194196,1353242.1993756832,102.46535682800459,705.6900863010087,42.29233980178833,2556177,2026-09-16,"{""metrics.jsonl"":""logs/cosine/awc8/h40/lr-0.008-b1-0.9-b2-0.99/s43/metrics.jsonl"",""result.json"":""logs/cosine/awc8/h40/lr-0.008-b1-0.9-b2-0.99/s43/result.json"",""resolved.yaml"":""logs/cosine/awc8/h40/lr-0.008-b1-0.9-b2-0.99/s43/resolved.yaml"",""receipt.json"":""logs/cosine/awc8/h40/lr-0.008-b1-0.9-b2-0.99/s43/receipt.json"",""request.json"":""logs/cosine/awc8/h40/lr-0.008-b1-0.9-b2-0.99/s43/request.json"",""environment.json"":""shared/environment-bbf65aee941f13744ae9e7f54d9ae80956fc5985c0f3c2cf564171aa48e089bb.json""}"
awc8-cosine-h40--0.008--0.9--0.99--s44,awc8,40,1528097.9639801169,1480839.956132428,1369938.6995643391,100.75133856800676,696.5940582689946,42.29233980178833,2556181,2026-09-16,"{""metrics.jsonl"":""logs/cosine/awc8/h40/lr-0.008-b1-0.9-b2-0.99/s44/metrics.jsonl"",""result.json"":""logs/cosine/awc8/h40/lr-0.008-b1-0.9-b2-0.99/s44/result.json"",""resolved.yaml"":""logs/cosine/awc8/h40/lr-0.008-b1-0.9-b2-0.99/s44/resolved.yaml"",""receipt.json"":""logs/cosine/awc8/h40/lr-0.008-b1-0.9-b2-0.99/s44/receipt.json"",""request.json"":""logs/cosine/awc8/h40/lr-0.008-b1-0.9-b2-0.99/s44/request.json"",""environment.json"":""shared/environment-fd0a2b715f4f1d4367b3037793b992836cd1392db5ef03612b0ca839a516c508.json""}"
awc8-cosine-h40--0.008--0.9--0.999--s42,awc8,40,1503371.1002519624,1457255.3640842838,1347844.018149084,103.14344659699418,708.8425117170118,42.29233980178833,2556222,2026-09-16,"{""metrics.jsonl"":""logs/cosine/awc8/h40/lr-0.008-b1-0.9-b2-0.999/s42/metrics.jsonl"",""result.json"":""logs/cosine/awc8/h40/lr-0.008-b1-0.9-b2-0.999/s42/result.json"",""resolved.yaml"":""logs/cosine/awc8/h40/lr-0.008-b1-0.9-b2-0.999/s42/resolved.yaml"",""receipt.json"":""logs/cosine/awc8/h40/lr-0.008-b1-0.9-b2-0.999/s42/receipt.json"",""request.json"":""logs/cosine/awc8/h40/lr-0.008-b1-0.9-b2-0.999/s42/request.json"",""environment.json"":""shared/environment-49df2b298f6c78f0b5eddcf2eaac075f5fafc9af84dbf96fedc1cf92ea5e2d4d.json""}"
awc8-cosine-h40--0.008--0.9--0.999--s43,awc8,40,1539917.7384787374,1484777.3171938662,1372863.3130335223,101.22972139400372,695.8024983749929,42.29233980178833,2556223,2026-09-16,"{""metrics.jsonl"":""logs/cosine/awc8/h40/lr-0.008-b1-0.9-b2-0.999/s43/metrics.jsonl"",""result.json"":""logs/cosine/awc8/h40/lr-0.008-b1-0.9-b2-0.999/s43/result.json"",""resolved.yaml"":""logs/cosine/awc8/h40/lr-0.008-b1-0.9-b2-0.999/s43/resolved.yaml"",""receipt.json"":""logs/cosine/awc8/h40/lr-0.008-b1-0.9-b2-0.999/s43/receipt.json"",""request.json"":""logs/cosine/awc8/h40/lr-0.008-b1-0.9-b2-0.999/s43/request.json"",""environment.json"":""shared/environment-e8f5a937ea72b1b277c66b61a12d7f07345b6f804f66273fe0323d96e6358282.json""}"
awc8-cosine-h40--0.008--0.9--0.999--s44,awc8,40,1520364.6164656666,1403516.67769787,1303615.7398275912,99.56222242100193,726.1810969710059,42.29233980178833,2556227,2026-09-16,"{""metrics.jsonl"":""logs/cosine/awc8/h40/lr-0.008-b1-0.9-b2-0.999/s44/metrics.jsonl"",""result.json"":""logs/cosine/awc8/h40/lr-0.008-b1-0.9-b2-0.999/s44/result.json"",""resolved.yaml"":""logs/cosine/awc8/h40/lr-0.008-b1-0.9-b2-0.999/s44/resolved.yaml"",""receipt.json"":""logs/cosine/awc8/h40/lr-0.008-b1-0.9-b2-0.999/s44/receipt.json"",""request.json"":""logs/cosine/awc8/h40/lr-0.008-b1-0.9-b2-0.999/s44/request.json"",""environment.json"":""shared/environment-e7e2ffdc253eed654fe6e2bf5e74ce91910a904506369ca85e3a84b72fa44738.json""}"
awc8-cosine-h40--0.008--0.95--0.99--s42,awc8,40,1530315.1394804881,1482587.9514996863,1371097.8953884633,101.22161184300057,696.547263389999,42.29233980178833,2556279,2026-09-16,"{""metrics.jsonl"":""logs/cosine/awc8/h40/lr-0.008-b1-0.95-b2-0.99/s42/metrics.jsonl"",""result.json"":""logs/cosine/awc8/h40/lr-0.008-b1-0.95-b2-0.99/s42/result.json"",""resolved.yaml"":""logs/cosine/awc8/h40/lr-0.008-b1-0.95-b2-0.99/s42/resolved.yaml"",""receipt.json"":""logs/cosine/awc8/h40/lr-0.008-b1-0.95-b2-0.99/s42/receipt.json"",""request.json"":""logs/cosine/awc8/h40/lr-0.008-b1-0.95-b2-0.99/s42/request.json"",""environment.json"":""shared/environment-a6f11ea3b254c64a544dda4c103afad292627143ba644c009fe8b8732fe8f19a.json""}"
awc8-cosine-h40--0.008--0.95--0.99--s43,awc8,40,1531836.098429282,1483370.8998172015,1372026.4140336101,101.0809189940046,696.0538939399994,42.29233980178833,2556280,2026-09-16,"{""metrics.jsonl"":""logs/cosine/awc8/h40/lr-0.008-b1-0.95-b2-0.99/s43/metrics.jsonl"",""result.json"":""logs/cosine/awc8/h40/lr-0.008-b1-0.95-b2-0.99/s43/result.json"",""resolved.yaml"":""logs/cosine/awc8/h40/lr-0.008-b1-0.95-b2-0.99/s43/resolved.yaml"",""receipt.json"":""logs/cosine/awc8/h40/lr-0.008-b1-0.95-b2-0.99/s43/receipt.json"",""request.json"":""logs/cosine/awc8/h40/lr-0.008-b1-0.95-b2-0.99/s43/request.json"",""environment.json"":""shared/environment-ab97d59f0cbf44d7c9b88f3da7dc35cfcdbb7264d1faf7dc576f56ff53cde679.json""}"
awc8-cosine-h40--0.008--0.95--0.99--s44,awc8,40,1523998.3232972017,1477161.066897967,1365375.157981284,102.45083881900064,700.3021112269998,42.29233980178833,2556281,2026-09-16,"{""metrics.jsonl"":""logs/cosine/awc8/h40/lr-0.008-b1-0.95-b2-0.99/s44/metrics.jsonl"",""result.json"":""logs/cosine/awc8/h40/lr-0.008-b1-0.95-b2-0.99/s44/result.json"",""resolved.yaml"":""logs/cosine/awc8/h40/lr-0.008-b1-0.95-b2-0.99/s44/resolved.yaml"",""receipt.json"":""logs/cosine/awc8/h40/lr-0.008-b1-0.95-b2-0.99/s44/receipt.json"",""request.json"":""logs/cosine/awc8/h40/lr-0.008-b1-0.95-b2-0.99/s44/request.json"",""environment.json"":""shared/environment-203676d3084be95a20e41305fa16f790063a4a26b20439c13ce16bbaf0fc02ce.json""}"
awc8-cosine-h40--0.008--0.95--0.999--s42,awc8,40,1533138.1237239805,1483321.1739916643,1371960.4480918,101.15796505199978,696.1775467230036,42.29233980178833,2556353,2026-09-16,"{""metrics.jsonl"":""logs/cosine/awc8/h40/lr-0.008-b1-0.95-b2-0.999/s42/metrics.jsonl"",""result.json"":""logs/cosine/awc8/h40/lr-0.008-b1-0.95-b2-0.999/s42/result.json"",""resolved.yaml"":""logs/cosine/awc8/h40/lr-0.008-b1-0.95-b2-0.999/s42/resolved.yaml"",""receipt.json"":""logs/cosine/awc8/h40/lr-0.008-b1-0.95-b2-0.999/s42/receipt.json"",""request.json"":""logs/cosine/awc8/h40/lr-0.008-b1-0.95-b2-0.999/s42/request.json"",""environment.json"":""shared/environment-befd5b84d7b652c3d57b5c4b264dae43b6d3e71df46b94a470af0067401b8a72.json""}"
awc8-cosine-h40--0.008--0.95--0.999--s43,awc8,40,1511000.1804965255,1465620.8538003,1355221.1717606697,102.6312871889968,704.9363677850051,42.29233980178833,2556354,2026-09-16,"{""metrics.jsonl"":""logs/cosine/awc8/h40/lr-0.008-b1-0.95-b2-0.999/s43/metrics.jsonl"",""result.json"":""logs/cosine/awc8/h40/lr-0.008-b1-0.95-b2-0.999/s43/result.json"",""resolved.yaml"":""logs/cosine/awc8/h40/lr-0.008-b1-0.95-b2-0.999/s43/resolved.yaml"",""receipt.json"":""logs/cosine/awc8/h40/lr-0.008-b1-0.95-b2-0.999/s43/receipt.json"",""request.json"":""logs/cosine/awc8/h40/lr-0.008-b1-0.95-b2-0.999/s43/request.json"",""environment.json"":""shared/environment-764821168df273ca8a838e28107770783d4a7d92f84f537ff9ea2c9f679d0abd.json""}"
awc8-cosine-h40--0.008--0.95--0.999--s44,awc8,40,1543864.6010184777,1494468.5677052366,1378686.3790607092,101.4712337779929,693.5676825060073,42.29233980178833,2556367,2026-09-16,"{""metrics.jsonl"":""logs/cosine/awc8/h40/lr-0.008-b1-0.95-b2-0.999/s44/metrics.jsonl"",""result.json"":""logs/cosine/awc8/h40/lr-0.008-b1-0.95-b2-0.999/s44/result.json"",""resolved.yaml"":""logs/cosine/awc8/h40/lr-0.008-b1-0.95-b2-0.999/s44/resolved.yaml"",""receipt.json"":""logs/cosine/awc8/h40/lr-0.008-b1-0.95-b2-0.999/s44/receipt.json"",""request.json"":""logs/cosine/awc8/h40/lr-0.008-b1-0.95-b2-0.999/s44/request.json"",""environment.json"":""shared/environment-15f38d75de2035f3d4528d9e7f1c6dee24202cc742180f6847401f9c47a0830d.json""}"
awc8-cosine-h40--0.008--0.974--0.99--s42,awc8,40,1500457.2398262958,1452327.6976319207,1333737.3246773772,100.16082037599699,712.1745749409893,42.29233980178833,2556400,2026-09-16,"{""metrics.jsonl"":""logs/cosine/awc8/h40/lr-0.008-b1-0.974-b2-0.99/s42/metrics.jsonl"",""result.json"":""logs/cosine/awc8/h40/lr-0.008-b1-0.974-b2-0.99/s42/result.json"",""resolved.yaml"":""logs/cosine/awc8/h40/lr-0.008-b1-0.974-b2-0.99/s42/resolved.yaml"",""receipt.json"":""logs/cosine/awc8/h40/lr-0.008-b1-0.974-b2-0.99/s42/receipt.json"",""request.json"":""logs/cosine/awc8/h40/lr-0.008-b1-0.974-b2-0.99/s42/request.json"",""environment.json"":""shared/environment-ce973c3419a6f5b3212ef07fc7790254ebe34252267a5c4cacde908e7ebdf0e6.json""}"
awc8-cosine-h40--0.008--0.974--0.99--s43,awc8,40,1515701.6238389874,1469413.8601961967,1349817.3076935937,99.81626897599926,704.538601537999,42.29233980178833,2556401,2026-09-16,"{""metrics.jsonl"":""logs/cosine/awc8/h40/lr-0.008-b1-0.974-b2-0.99/s43/metrics.jsonl"",""result.json"":""logs/cosine/awc8/h40/lr-0.008-b1-0.974-b2-0.99/s43/result.json"",""resolved.yaml"":""logs/cosine/awc8/h40/lr-0.008-b1-0.974-b2-0.99/s43/resolved.yaml"",""receipt.json"":""logs/cosine/awc8/h40/lr-0.008-b1-0.974-b2-0.99/s43/receipt.json"",""request.json"":""logs/cosine/awc8/h40/lr-0.008-b1-0.974-b2-0.99/s43/request.json"",""environment.json"":""shared/environment-c3d1f35120b6d7b46fb00c3ed1ecf789020e1bf0a92862a475f1486ceb9e70db.json""}"
awc8-cosine-h40--0.008--0.974--0.99--s44,awc8,40,1496573.5303195557,1444913.296974679,1338619.679990887,100.51870350100216,710.4310336729977,42.29233980178833,2556402,2026-09-16,"{""metrics.jsonl"":""logs/cosine/awc8/h40/lr-0.008-b1-0.974-b2-0.99/s44/metrics.jsonl"",""result.json"":""logs/cosine/awc8/h40/lr-0.008-b1-0.974-b2-0.99/s44/result.json"",""resolved.yaml"":""logs/cosine/awc8/h40/lr-0.008-b1-0.974-b2-0.99/s44/resolved.yaml"",""receipt.json"":""logs/cosine/awc8/h40/lr-0.008-b1-0.974-b2-0.99/s44/receipt.json"",""request.json"":""logs/cosine/awc8/h40/lr-0.008-b1-0.974-b2-0.99/s44/request.json"",""environment.json"":""shared/environment-2bc1794946c03cb2035348763adc886922b02b628eb3b71a75b182ba880f98f3.json""}"
awc8-cosine-h40--0.008--0.974--0.999--s42,awc8,40,1505372.6197992929,1454970.8018731573,1344804.042433141,103.31988777700462,710.3130313309957,42.29233980178833,2556427,2026-09-16,"{""metrics.jsonl"":""logs/cosine/awc8/h40/lr-0.008-b1-0.974-b2-0.999/s42/metrics.jsonl"",""result.json"":""logs/cosine/awc8/h40/lr-0.008-b1-0.974-b2-0.999/s42/result.json"",""resolved.yaml"":""logs/cosine/awc8/h40/lr-0.008-b1-0.974-b2-0.999/s42/resolved.yaml"",""receipt.json"":""logs/cosine/awc8/h40/lr-0.008-b1-0.974-b2-0.999/s42/receipt.json"",""request.json"":""logs/cosine/awc8/h40/lr-0.008-b1-0.974-b2-0.999/s42/request.json"",""environment.json"":""shared/environment-4b9aff2c5c767dda2d362ba012c94a9e0815398f2f7174936f29d8f57c9b7675.json""}"
awc8-cosine-h40--0.008--0.974--0.999--s43,awc8,40,1519701.34776356,1472307.747133129,1349922.0623230396,101.79488760599634,706.4691299980041,42.29233980178833,2556428,2026-09-16,"{""metrics.jsonl"":""logs/cosine/awc8/h40/lr-0.008-b1-0.974-b2-0.999/s43/metrics.jsonl"",""result.json"":""logs/cosine/awc8/h40/lr-0.008-b1-0.974-b2-0.999/s43/result.json"",""resolved.yaml"":""logs/cosine/awc8/h40/lr-0.008-b1-0.974-b2-0.999/s43/resolved.yaml"",""receipt.json"":""logs/cosine/awc8/h40/lr-0.008-b1-0.974-b2-0.999/s43/receipt.json"",""request.json"":""logs/cosine/awc8/h40/lr-0.008-b1-0.974-b2-0.999/s43/request.json"",""environment.json"":""shared/environment-3077a3b811a7a9865eda9a4b18067d82200e1f6a2a0a16c6052e783ccfae93eb.json""}"
awc8-cosine-h40--0.008--0.974--0.999--s44,awc8,40,1539018.1722275408,1486708.151355236,1372893.3714526193,101.15137428999878,695.7212656860065,42.29233980178833,2556429,2026-09-16,"{""metrics.jsonl"":""logs/cosine/awc8/h40/lr-0.008-b1-0.974-b2-0.999/s44/metrics.jsonl"",""result.json"":""logs/cosine/awc8/h40/lr-0.008-b1-0.974-b2-0.999/s44/result.json"",""resolved.yaml"":""logs/cosine/awc8/h40/lr-0.008-b1-0.974-b2-0.999/s44/resolved.yaml"",""receipt.json"":""logs/cosine/awc8/h40/lr-0.008-b1-0.974-b2-0.999/s44/receipt.json"",""request.json"":""logs/cosine/awc8/h40/lr-0.008-b1-0.974-b2-0.999/s44/request.json"",""environment.json"":""shared/environment-2901443a71431cf708aabffb0fb5f2d404007138df5256064a7b9ce24f34a6b2.json""}"
awc8-cosine-h40--0.009--0.9--0.99--s42,awc8,40,1504680.3479915704,1452378.0942945748,1346122.5974624772,99.50346604900187,705.8945958030017,42.29233980178833,2556182,2026-09-16,"{""metrics.jsonl"":""logs/cosine/awc8/h40/lr-0.009-b1-0.9-b2-0.99/s42/metrics.jsonl"",""result.json"":""logs/cosine/awc8/h40/lr-0.009-b1-0.9-b2-0.99/s42/result.json"",""resolved.yaml"":""logs/cosine/awc8/h40/lr-0.009-b1-0.9-b2-0.99/s42/resolved.yaml"",""receipt.json"":""logs/cosine/awc8/h40/lr-0.009-b1-0.9-b2-0.99/s42/receipt.json"",""request.json"":""logs/cosine/awc8/h40/lr-0.009-b1-0.9-b2-0.99/s42/request.json"",""environment.json"":""shared/environment-4ee65e3969de980782cf2045223d3d2632416c2d4f4956b732b31e22a038a0ba.json""}"
awc8-cosine-h40--0.009--0.9--0.99--s43,awc8,40,1526436.472739604,1476113.1156332379,1353572.8374406912,101.50883229700048,704.5868191679983,42.29233980178833,2556184,2026-09-16,"{""metrics.jsonl"":""logs/cosine/awc8/h40/lr-0.009-b1-0.9-b2-0.99/s43/metrics.jsonl"",""result.json"":""logs/cosine/awc8/h40/lr-0.009-b1-0.9-b2-0.99/s43/result.json"",""resolved.yaml"":""logs/cosine/awc8/h40/lr-0.009-b1-0.9-b2-0.99/s43/resolved.yaml"",""receipt.json"":""logs/cosine/awc8/h40/lr-0.009-b1-0.9-b2-0.99/s43/receipt.json"",""request.json"":""logs/cosine/awc8/h40/lr-0.009-b1-0.9-b2-0.99/s43/request.json"",""environment.json"":""shared/environment-36514c017718863e19d98c71ba1d59166295256245bcc5f928a49e341135077e.json""}"
awc8-cosine-h40--0.009--0.9--0.99--s44,awc8,40,1546014.9611731851,1498545.3459763105,1383389.7639777125,101.35427812499984,691.4161987970001,42.29233980178833,2556185,2026-09-16,"{""metrics.jsonl"":""logs/cosine/awc8/h40/lr-0.009-b1-0.9-b2-0.99/s44/metrics.jsonl"",""result.json"":""logs/cosine/awc8/h40/lr-0.009-b1-0.9-b2-0.99/s44/result.json"",""resolved.yaml"":""logs/cosine/awc8/h40/lr-0.009-b1-0.9-b2-0.99/s44/resolved.yaml"",""receipt.json"":""logs/cosine/awc8/h40/lr-0.009-b1-0.9-b2-0.99/s44/receipt.json"",""request.json"":""logs/cosine/awc8/h40/lr-0.009-b1-0.9-b2-0.99/s44/request.json"",""environment.json"":""shared/environment-b99c9043b6a3c4a5d8395d40b5eb5cdece1753db1187eac999ca88fb30b70865.json""}"
awc8-cosine-h40--0.009--0.9--0.999--s42,awc8,40,1512448.9624379831,1466514.417059401,1357795.322828069,99.81073588700383,700.9803544549941,42.29233980178833,2556228,2026-09-16,"{""metrics.jsonl"":""logs/cosine/awc8/h40/lr-0.009-b1-0.9-b2-0.999/s42/metrics.jsonl"",""result.json"":""logs/cosine/awc8/h40/lr-0.009-b1-0.9-b2-0.999/s42/result.json"",""resolved.yaml"":""logs/cosine/awc8/h40/lr-0.009-b1-0.9-b2-0.999/s42/resolved.yaml"",""receipt.json"":""logs/cosine/awc8/h40/lr-0.009-b1-0.9-b2-0.999/s42/receipt.json"",""request.json"":""logs/cosine/awc8/h40/lr-0.009-b1-0.9-b2-0.999/s42/request.json"",""environment.json"":""shared/environment-9de3129dcd09961af2d46adc77bca26b80c4405b13b6a4d390f13c633f7a3217.json""}"
awc8-cosine-h40--0.009--0.9--0.999--s43,awc8,40,1498446.419370287,1448046.2307919294,1341249.9849890189,100.95952554799442,709.6718599729938,42.29233980178833,2556233,2026-09-16,"{""metrics.jsonl"":""logs/cosine/awc8/h40/lr-0.009-b1-0.9-b2-0.999/s43/metrics.jsonl"",""result.json"":""logs/cosine/awc8/h40/lr-0.009-b1-0.9-b2-0.999/s43/result.json"",""resolved.yaml"":""logs/cosine/awc8/h40/lr-0.009-b1-0.9-b2-0.999/s43/resolved.yaml"",""receipt.json"":""logs/cosine/awc8/h40/lr-0.009-b1-0.9-b2-0.999/s43/receipt.json"",""request.json"":""logs/cosine/awc8/h40/lr-0.009-b1-0.9-b2-0.999/s43/request.json"",""environment.json"":""shared/environment-849aaceabf2be25444c49c5ffc8037e3bf71849c4ae9dccd45061d6ca81fb6d7.json""}"
awc8-cosine-h40--0.009--0.9--0.999--s44,awc8,40,1521106.2630627938,1474121.1331174693,1362822.8832962466,102.36980359599693,701.3207172870025,42.29233980178833,2556234,2026-09-16,"{""metrics.jsonl"":""logs/cosine/awc8/h40/lr-0.009-b1-0.9-b2-0.999/s44/metrics.jsonl"",""result.json"":""logs/cosine/awc8/h40/lr-0.009-b1-0.9-b2-0.999/s44/result.json"",""resolved.yaml"":""logs/cosine/awc8/h40/lr-0.009-b1-0.9-b2-0.999/s44/resolved.yaml"",""receipt.json"":""logs/cosine/awc8/h40/lr-0.009-b1-0.9-b2-0.999/s44/receipt.json"",""request.json"":""logs/cosine/awc8/h40/lr-0.009-b1-0.9-b2-0.999/s44/request.json"",""environment.json"":""shared/environment-6c72d9219628c0d06112cd53fcf317ce63731d8caafcd2f4824c9345b755470b.json""}"
awc8-cosine-h40--0.009--0.95--0.99--s42,awc8,40,1515037.4684917913,1468680.1046552937,1360261.7707601774,99.40856369299581,699.5273624300025,42.29233980178833,2556282,2026-09-16,"{""metrics.jsonl"":""logs/cosine/awc8/h40/lr-0.009-b1-0.95-b2-0.99/s42/metrics.jsonl"",""result.json"":""logs/cosine/awc8/h40/lr-0.009-b1-0.95-b2-0.99/s42/result.json"",""resolved.yaml"":""logs/cosine/awc8/h40/lr-0.009-b1-0.95-b2-0.99/s42/resolved.yaml"",""receipt.json"":""logs/cosine/awc8/h40/lr-0.009-b1-0.95-b2-0.99/s42/receipt.json"",""request.json"":""logs/cosine/awc8/h40/lr-0.009-b1-0.95-b2-0.99/s42/request.json"",""environment.json"":""shared/environment-d959653a2704d556d55bf9973ab7dbc5c245fd17f387121e875cc5813b189bcf.json""}"
awc8-cosine-h40--0.009--0.95--0.99--s43,awc8,40,1544431.4021972825,1496146.5594807935,1383453.4826951528,100.54388046899112,690.6526344410086,42.29233980178833,2556286,2026-09-16,"{""metrics.jsonl"":""logs/cosine/awc8/h40/lr-0.009-b1-0.95-b2-0.99/s43/metrics.jsonl"",""result.json"":""logs/cosine/awc8/h40/lr-0.009-b1-0.95-b2-0.99/s43/result.json"",""resolved.yaml"":""logs/cosine/awc8/h40/lr-0.009-b1-0.95-b2-0.99/s43/resolved.yaml"",""receipt.json"":""logs/cosine/awc8/h40/lr-0.009-b1-0.95-b2-0.99/s43/receipt.json"",""request.json"":""logs/cosine/awc8/h40/lr-0.009-b1-0.95-b2-0.99/s43/request.json"",""environment.json"":""shared/environment-77d9fab20aee061e8ad394453ba55a67c9ec6665836bccf6a4144cd280860fae.json""}"
awc8-cosine-h40--0.009--0.95--0.99--s44,awc8,40,1542343.045801134,1495027.8761470134,1381932.6085611216,101.18397862100028,691.859060171002,42.29233980178833,2556287,2026-09-16,"{""metrics.jsonl"":""logs/cosine/awc8/h40/lr-0.009-b1-0.95-b2-0.99/s44/metrics.jsonl"",""result.json"":""logs/cosine/awc8/h40/lr-0.009-b1-0.95-b2-0.99/s44/result.json"",""resolved.yaml"":""logs/cosine/awc8/h40/lr-0.009-b1-0.95-b2-0.99/s44/resolved.yaml"",""receipt.json"":""logs/cosine/awc8/h40/lr-0.009-b1-0.95-b2-0.99/s44/receipt.json"",""request.json"":""logs/cosine/awc8/h40/lr-0.009-b1-0.95-b2-0.99/s44/request.json"",""environment.json"":""shared/environment-17352e3ddf00434682835dd3bb1116375dd83ad1d3a6ccb2efb94bf4de2bd401.json""}"
awc8-cosine-h40--0.009--0.95--0.999--s42,awc8,40,1494663.5964664652,1441205.6616060452,1332999.5491805037,102.76737310099998,715.2151418299909,42.29233980178833,2556368,2026-09-16,"{""metrics.jsonl"":""logs/cosine/awc8/h40/lr-0.009-b1-0.95-b2-0.999/s42/metrics.jsonl"",""result.json"":""logs/cosine/awc8/h40/lr-0.009-b1-0.95-b2-0.999/s42/result.json"",""resolved.yaml"":""logs/cosine/awc8/h40/lr-0.009-b1-0.95-b2-0.999/s42/resolved.yaml"",""receipt.json"":""logs/cosine/awc8/h40/lr-0.009-b1-0.95-b2-0.999/s42/receipt.json"",""request.json"":""logs/cosine/awc8/h40/lr-0.009-b1-0.95-b2-0.999/s42/request.json"",""environment.json"":""shared/environment-2d29be2a028151c008c4c81030400ef1ac40ae91929507cfe4c88616c5d59981.json""}"
awc8-cosine-h40--0.009--0.95--0.999--s43,awc8,40,1488219.2014601948,1443679.5298289561,1335431.8080436806,103.81979653600138,715.1110712650116,42.29233980178833,2556369,2026-09-16,"{""metrics.jsonl"":""logs/cosine/awc8/h40/lr-0.009-b1-0.95-b2-0.999/s43/metrics.jsonl"",""result.json"":""logs/cosine/awc8/h40/lr-0.009-b1-0.95-b2-0.999/s43/result.json"",""resolved.yaml"":""logs/cosine/awc8/h40/lr-0.009-b1-0.95-b2-0.999/s43/resolved.yaml"",""receipt.json"":""logs/cosine/awc8/h40/lr-0.009-b1-0.95-b2-0.999/s43/receipt.json"",""request.json"":""logs/cosine/awc8/h40/lr-0.009-b1-0.95-b2-0.999/s43/request.json"",""environment.json"":""shared/environment-92f4dd546a78ccc3869bdc51a34e1c3f43dc5612dc6a5200ba432a34f4100262.json""}"
awc8-cosine-h40--0.009--0.95--0.999--s44,awc8,40,1513112.4094836526,1466081.4903119726,1355783.635627168,102.05147802599822,704.147274582996,42.29233980178833,2556370,2026-09-16,"{""metrics.jsonl"":""logs/cosine/awc8/h40/lr-0.009-b1-0.95-b2-0.999/s44/metrics.jsonl"",""result.json"":""logs/cosine/awc8/h40/lr-0.009-b1-0.95-b2-0.999/s44/result.json"",""resolved.yaml"":""logs/cosine/awc8/h40/lr-0.009-b1-0.95-b2-0.999/s44/resolved.yaml"",""receipt.json"":""logs/cosine/awc8/h40/lr-0.009-b1-0.95-b2-0.999/s44/receipt.json"",""request.json"":""logs/cosine/awc8/h40/lr-0.009-b1-0.95-b2-0.999/s44/request.json"",""environment.json"":""shared/environment-d71962b97e51d4276c78db1872185b7cfed9954ae3cce71f34f5047eddac2259.json""}"
awc8-cosine-h40--0.009--0.974--0.99--s42,awc8,40,1557550.7609857612,1507821.6062150649,1391716.3348348136,99.86488927400205,686.3856882819964,42.29233980178833,2556403,2026-09-16,"{""metrics.jsonl"":""logs/cosine/awc8/h40/lr-0.009-b1-0.974-b2-0.99/s42/metrics.jsonl"",""result.json"":""logs/cosine/awc8/h40/lr-0.009-b1-0.974-b2-0.99/s42/result.json"",""resolved.yaml"":""logs/cosine/awc8/h40/lr-0.009-b1-0.974-b2-0.99/s42/resolved.yaml"",""receipt.json"":""logs/cosine/awc8/h40/lr-0.009-b1-0.974-b2-0.99/s42/receipt.json"",""request.json"":""logs/cosine/awc8/h40/lr-0.009-b1-0.974-b2-0.99/s42/request.json"",""environment.json"":""shared/environment-0c35379823d0008c596e0ac2c2071ff5eeb97a1c9f1dc0da8163ddcb8f877601.json""}"
awc8-cosine-h40--0.009--0.974--0.99--s43,awc8,40,1506990.8526835053,1461626.6025810356,1347049.7613026209,103.9685823769978,709.9406432489995,42.29233980178833,2556407,2026-09-16,"{""metrics.jsonl"":""logs/cosine/awc8/h40/lr-0.009-b1-0.974-b2-0.99/s43/metrics.jsonl"",""result.json"":""logs/cosine/awc8/h40/lr-0.009-b1-0.974-b2-0.99/s43/result.json"",""resolved.yaml"":""logs/cosine/awc8/h40/lr-0.009-b1-0.974-b2-0.99/s43/resolved.yaml"",""receipt.json"":""logs/cosine/awc8/h40/lr-0.009-b1-0.974-b2-0.99/s43/receipt.json"",""request.json"":""logs/cosine/awc8/h40/lr-0.009-b1-0.974-b2-0.99/s43/request.json"",""environment.json"":""shared/environment-0b51539e8afe4c1c771ded24ea45ab4b2f321933ce78d0ec6be492fa55169fb2.json""}"
awc8-cosine-h40--0.009--0.974--0.99--s44,awc8,40,1514397.8601603692,1468097.0249127257,1356583.5181435773,102.5417232740001,704.283435420999,42.29233980178833,2556408,2026-09-16,"{""metrics.jsonl"":""logs/cosine/awc8/h40/lr-0.009-b1-0.974-b2-0.99/s44/metrics.jsonl"",""result.json"":""logs/cosine/awc8/h40/lr-0.009-b1-0.974-b2-0.99/s44/result.json"",""resolved.yaml"":""logs/cosine/awc8/h40/lr-0.009-b1-0.974-b2-0.99/s44/resolved.yaml"",""receipt.json"":""logs/cosine/awc8/h40/lr-0.009-b1-0.974-b2-0.99/s44/receipt.json"",""request.json"":""logs/cosine/awc8/h40/lr-0.009-b1-0.974-b2-0.99/s44/request.json"",""environment.json"":""shared/environment-3670eab40a6301346220a5fa7412dd8b34cd41b390bfe40934ef8f8a739c3c30.json""}"
awc8-cosine-h40--0.009--0.974--0.999--s42,awc8,40,1518105.4223035837,1471093.2569106598,1358692.4815935537,103.26519223199284,704.0350087120023,42.29233980178833,2556430,2026-09-16,"{""metrics.jsonl"":""logs/cosine/awc8/h40/lr-0.009-b1-0.974-b2-0.999/s42/metrics.jsonl"",""result.json"":""logs/cosine/awc8/h40/lr-0.009-b1-0.974-b2-0.999/s42/result.json"",""resolved.yaml"":""logs/cosine/awc8/h40/lr-0.009-b1-0.974-b2-0.999/s42/resolved.yaml"",""receipt.json"":""logs/cosine/awc8/h40/lr-0.009-b1-0.974-b2-0.999/s42/receipt.json"",""request.json"":""logs/cosine/awc8/h40/lr-0.009-b1-0.974-b2-0.999/s42/request.json"",""environment.json"":""shared/environment-43ac65307d064967ee418251912b1796997dc3825594e957f1ddfabb2f622f80.json""}"
awc8-cosine-h40--0.009--0.974--0.999--s43,awc8,40,1537397.3690118988,1488815.6499292797,1376935.581987737,98.97183043998666,691.8427452650067,42.29233980178833,2556440,2026-09-16,"{""metrics.jsonl"":""logs/cosine/awc8/h40/lr-0.009-b1-0.974-b2-0.999/s43/metrics.jsonl"",""result.json"":""logs/cosine/awc8/h40/lr-0.009-b1-0.974-b2-0.999/s43/result.json"",""resolved.yaml"":""logs/cosine/awc8/h40/lr-0.009-b1-0.974-b2-0.999/s43/resolved.yaml"",""receipt.json"":""logs/cosine/awc8/h40/lr-0.009-b1-0.974-b2-0.999/s43/receipt.json"",""request.json"":""logs/cosine/awc8/h40/lr-0.009-b1-0.974-b2-0.999/s43/request.json"",""environment.json"":""shared/environment-e085b56b662dc03ea382f6fe088c93072766ed31adb64de6a142b8163057856f.json""}"
awc8-cosine-h40--0.009--0.974--0.999--s44,awc8,40,1534877.1215870508,1486662.6740498813,1372302.7570603047,101.58151311500114,696.455178340002,42.29233980178833,2556441,2026-09-16,"{""metrics.jsonl"":""logs/cosine/awc8/h40/lr-0.009-b1-0.974-b2-0.999/s44/metrics.jsonl"",""result.json"":""logs/cosine/awc8/h40/lr-0.009-b1-0.974-b2-0.999/s44/result.json"",""resolved.yaml"":""logs/cosine/awc8/h40/lr-0.009-b1-0.974-b2-0.999/s44/resolved.yaml"",""receipt.json"":""logs/cosine/awc8/h40/lr-0.009-b1-0.974-b2-0.999/s44/receipt.json"",""request.json"":""logs/cosine/awc8/h40/lr-0.009-b1-0.974-b2-0.999/s44/request.json"",""environment.json"":""shared/environment-dbbf2c03b7b29121a5038da6fa3daee25996be14446dcd2bc053b3d963af51c8.json""}"
awc8-cosine-h40--0.01--0.9--0.99--s42,awc8,40,1512131.170657902,1466740.4953744796,1355904.654803138,101.9396551400132,703.9701062850072,42.29233980178833,2566001,2026-09-16,"{""metrics.jsonl"":""logs/cosine/awc8/h40/lr-0.01-b1-0.9-b2-0.99/s42/metrics.jsonl"",""result.json"":""logs/cosine/awc8/h40/lr-0.01-b1-0.9-b2-0.99/s42/result.json"",""resolved.yaml"":""logs/cosine/awc8/h40/lr-0.01-b1-0.9-b2-0.99/s42/resolved.yaml"",""receipt.json"":""logs/cosine/awc8/h40/lr-0.01-b1-0.9-b2-0.99/s42/receipt.json"",""request.json"":""logs/cosine/awc8/h40/lr-0.01-b1-0.9-b2-0.99/s42/request.json"",""environment.json"":""shared/environment-c3afb8c83e70da17d0014609bfe4534d8c3f29b9088457a9e21c39be166332c8.json""}"
awc8-cosine-h40--0.01--0.9--0.99--s43,awc8,40,1521085.8622537784,1471782.7272366239,1359572.4561754798,102.08099562400457,702.4790670509974,42.29233980178833,2566002,2026-09-16,"{""metrics.jsonl"":""logs/cosine/awc8/h40/lr-0.01-b1-0.9-b2-0.99/s43/metrics.jsonl"",""result.json"":""logs/cosine/awc8/h40/lr-0.01-b1-0.9-b2-0.99/s43/result.json"",""resolved.yaml"":""logs/cosine/awc8/h40/lr-0.01-b1-0.9-b2-0.99/s43/resolved.yaml"",""receipt.json"":""logs/cosine/awc8/h40/lr-0.01-b1-0.9-b2-0.99/s43/receipt.json"",""request.json"":""logs/cosine/awc8/h40/lr-0.01-b1-0.9-b2-0.99/s43/request.json"",""environment.json"":""shared/environment-c62046cc8aed275718deedc7ebb4d8173854775d3a1697ac75b1610b961367f2.json""}"
awc8-cosine-h40--0.01--0.9--0.99--s44,awc8,40,1525124.161015669,1416878.4129485495,1313250.819371374,101.86233903600078,723.8637161249935,42.29233980178833,2566003,2026-09-16,"{""metrics.jsonl"":""logs/cosine/awc8/h40/lr-0.01-b1-0.9-b2-0.99/s44/metrics.jsonl"",""result.json"":""logs/cosine/awc8/h40/lr-0.01-b1-0.9-b2-0.99/s44/result.json"",""resolved.yaml"":""logs/cosine/awc8/h40/lr-0.01-b1-0.9-b2-0.99/s44/resolved.yaml"",""receipt.json"":""logs/cosine/awc8/h40/lr-0.01-b1-0.9-b2-0.99/s44/receipt.json"",""request.json"":""logs/cosine/awc8/h40/lr-0.01-b1-0.9-b2-0.99/s44/request.json"",""environment.json"":""shared/environment-4ccbec87e2df9420b8b1461d6ffe4d5aa78e7ee0e6e556d3b7bb3995d4527641.json""}"
awc8-cosine-h40--0.01--0.9--0.999--s42,awc8,40,1542190.3346470292,1494401.3521790686,1378488.599719585,102.42000039599952,694.6127589859971,42.29233980178833,2566007,2026-09-16,"{""metrics.jsonl"":""logs/cosine/awc8/h40/lr-0.01-b1-0.9-b2-0.999/s42/metrics.jsonl"",""result.json"":""logs/cosine/awc8/h40/lr-0.01-b1-0.9-b2-0.999/s42/result.json"",""resolved.yaml"":""logs/cosine/awc8/h40/lr-0.01-b1-0.9-b2-0.999/s42/resolved.yaml"",""receipt.json"":""logs/cosine/awc8/h40/lr-0.01-b1-0.9-b2-0.999/s42/receipt.json"",""request.json"":""logs/cosine/awc8/h40/lr-0.01-b1-0.9-b2-0.999/s42/request.json"",""environment.json"":""shared/environment-f96d8925064cf5af324a9a10fe18e11224226947995cd275d4689ecfdd09a0c0.json""}"
awc8-cosine-h40--0.01--0.9--0.999--s43,awc8,40,1559941.2377903734,1509875.7204430073,1394565.1633528029,99.8859079380054,685.2169342330017,42.29233980178833,2566008,2026-09-16,"{""metrics.jsonl"":""logs/cosine/awc8/h40/lr-0.01-b1-0.9-b2-0.999/s43/metrics.jsonl"",""result.json"":""logs/cosine/awc8/h40/lr-0.01-b1-0.9-b2-0.999/s43/result.json"",""resolved.yaml"":""logs/cosine/awc8/h40/lr-0.01-b1-0.9-b2-0.999/s43/resolved.yaml"",""receipt.json"":""logs/cosine/awc8/h40/lr-0.01-b1-0.9-b2-0.999/s43/receipt.json"",""request.json"":""logs/cosine/awc8/h40/lr-0.01-b1-0.9-b2-0.999/s43/request.json"",""environment.json"":""shared/environment-29c55cf34a620c8db8f5fc9dc6fd87e8870a5187d2702c37a4da148b6983485a.json""}"
awc8-cosine-h40--0.01--0.9--0.999--s44,awc8,40,1497163.1452355427,1450808.5646935452,1342725.4535163718,100.13857651600847,708.0516831860004,42.29233980178833,2566010,2026-09-16,"{""metrics.jsonl"":""logs/cosine/awc8/h40/lr-0.01-b1-0.9-b2-0.999/s44/metrics.jsonl"",""result.json"":""logs/cosine/awc8/h40/lr-0.01-b1-0.9-b2-0.999/s44/result.json"",""resolved.yaml"":""logs/cosine/awc8/h40/lr-0.01-b1-0.9-b2-0.999/s44/resolved.yaml"",""receipt.json"":""logs/cosine/awc8/h40/lr-0.01-b1-0.9-b2-0.999/s44/receipt.json"",""request.json"":""logs/cosine/awc8/h40/lr-0.01-b1-0.9-b2-0.999/s44/request.json"",""environment.json"":""shared/environment-7aece9319dfebb5579893e091a886f1274bf181d842741e2c69345fda08297ce.json""}"
awc8-cosine-h40--0.01--0.95--0.99--s42,awc8,40,1515115.4386279904,1469196.6514203167,1356659.8529746043,101.77171992999502,703.4679254850053,42.29233980178833,2567684,2026-09-16,"{""metrics.jsonl"":""logs/cosine/awc8/h40/lr-0.01-b1-0.95-b2-0.99/s42/metrics.jsonl"",""result.json"":""logs/cosine/awc8/h40/lr-0.01-b1-0.95-b2-0.99/s42/result.json"",""resolved.yaml"":""logs/cosine/awc8/h40/lr-0.01-b1-0.95-b2-0.99/s42/resolved.yaml"",""receipt.json"":""logs/cosine/awc8/h40/lr-0.01-b1-0.95-b2-0.99/s42/receipt.json"",""request.json"":""logs/cosine/awc8/h40/lr-0.01-b1-0.95-b2-0.99/s42/request.json"",""environment.json"":""shared/environment-83fa7e7732f8d080301ff8b0ebeabf4969fb2b1f7f018eca85a4feb31ef75c5b.json""}"
awc8-cosine-h40--0.01--0.95--0.99--s43,awc8,40,1507079.2886658926,1381908.714216472,1283160.2883304453,100.25569430900214,736.9625714739959,42.29233980178833,2567685,2026-09-16,"{""metrics.jsonl"":""logs/cosine/awc8/h40/lr-0.01-b1-0.95-b2-0.99/s43/metrics.jsonl"",""result.json"":""logs/cosine/awc8/h40/lr-0.01-b1-0.95-b2-0.99/s43/result.json"",""resolved.yaml"":""logs/cosine/awc8/h40/lr-0.01-b1-0.95-b2-0.99/s43/resolved.yaml"",""receipt.json"":""logs/cosine/awc8/h40/lr-0.01-b1-0.95-b2-0.99/s43/receipt.json"",""request.json"":""logs/cosine/awc8/h40/lr-0.01-b1-0.95-b2-0.99/s43/request.json"",""environment.json"":""shared/environment-38f5bcee8486855e19f662649dc94e4ee2440874550eef00104bac27bf2ffd48.json""}"
awc8-cosine-h40--0.01--0.95--0.99--s44,awc8,40,1507601.779124485,1382391.2107338267,1283675.077532038,102.71678760000214,739.1752183219942,42.29233980178833,2567686,2026-09-16,"{""metrics.jsonl"":""logs/cosine/awc8/h40/lr-0.01-b1-0.95-b2-0.99/s44/metrics.jsonl"",""result.json"":""logs/cosine/awc8/h40/lr-0.01-b1-0.95-b2-0.99/s44/result.json"",""resolved.yaml"":""logs/cosine/awc8/h40/lr-0.01-b1-0.95-b2-0.99/s44/resolved.yaml"",""receipt.json"":""logs/cosine/awc8/h40/lr-0.01-b1-0.95-b2-0.99/s44/receipt.json"",""request.json"":""logs/cosine/awc8/h40/lr-0.01-b1-0.95-b2-0.99/s44/request.json"",""environment.json"":""shared/environment-6b72f540e75d3166dbfc74b2dd14dd94aa202b5cefdc67f10d4e3b9393f5c240.json""}"
awc8-cosine-h40--0.01--0.95--0.999--s42,awc8,40,1534933.6520691277,1404976.6960957176,1302515.3054223084,101.74406937499589,728.9500278850028,42.29233980178833,2567690,2026-09-16,"{""metrics.jsonl"":""logs/cosine/awc8/h40/lr-0.01-b1-0.95-b2-0.999/s42/metrics.jsonl"",""result.json"":""logs/cosine/awc8/h40/lr-0.01-b1-0.95-b2-0.999/s42/result.json"",""resolved.yaml"":""logs/cosine/awc8/h40/lr-0.01-b1-0.95-b2-0.999/s42/resolved.yaml"",""receipt.json"":""logs/cosine/awc8/h40/lr-0.01-b1-0.95-b2-0.999/s42/receipt.json"",""request.json"":""logs/cosine/awc8/h40/lr-0.01-b1-0.95-b2-0.999/s42/request.json"",""environment.json"":""shared/environment-1a2d03e40ec6d831f1594da0e59801b5e49e93eac70d197d27dbd5cb575eb34a.json""}"
awc8-cosine-h40--0.01--0.95--0.999--s43,awc8,40,1563602.0040279538,1511371.7774254365,1394401.1656511817,99.78040494400193,685.1807415509975,42.29233980178833,2567733,2026-09-16,"{""metrics.jsonl"":""logs/cosine/awc8/h40/lr-0.01-b1-0.95-b2-0.999/s43/metrics.jsonl"",""result.json"":""logs/cosine/awc8/h40/lr-0.01-b1-0.95-b2-0.999/s43/result.json"",""resolved.yaml"":""logs/cosine/awc8/h40/lr-0.01-b1-0.95-b2-0.999/s43/resolved.yaml"",""receipt.json"":""logs/cosine/awc8/h40/lr-0.01-b1-0.95-b2-0.999/s43/receipt.json"",""request.json"":""logs/cosine/awc8/h40/lr-0.01-b1-0.95-b2-0.999/s43/request.json"",""environment.json"":""shared/environment-96bed40d627c91a8068e45636749b1b498331cc02258eaec2f13ab772ed3ba40.json""}"
awc8-cosine-h40--0.01--0.95--0.999--s44,awc8,40,1541684.5301155935,1494312.1781471272,1379229.423868039,101.17246877000434,692.9939224960108,42.29233980178833,2567734,2026-09-16,"{""metrics.jsonl"":""logs/cosine/awc8/h40/lr-0.01-b1-0.95-b2-0.999/s44/metrics.jsonl"",""result.json"":""logs/cosine/awc8/h40/lr-0.01-b1-0.95-b2-0.999/s44/result.json"",""resolved.yaml"":""logs/cosine/awc8/h40/lr-0.01-b1-0.95-b2-0.999/s44/resolved.yaml"",""receipt.json"":""logs/cosine/awc8/h40/lr-0.01-b1-0.95-b2-0.999/s44/receipt.json"",""request.json"":""logs/cosine/awc8/h40/lr-0.01-b1-0.95-b2-0.999/s44/request.json"",""environment.json"":""shared/environment-55648b54efb8c1baa48cc43a8918fa2139514289d6f4f782f9664b1f5467ce46.json""}"
awc8-cosine-h40--0.01--0.974--0.99--s42,awc8,40,1490514.2944056191,1445327.8835246987,1339233.4679885819,100.96457882699906,710.5266907800033,42.29233980178833,2567738,2026-09-16,"{""metrics.jsonl"":""logs/cosine/awc8/h40/lr-0.01-b1-0.974-b2-0.99/s42/metrics.jsonl"",""result.json"":""logs/cosine/awc8/h40/lr-0.01-b1-0.974-b2-0.99/s42/result.json"",""resolved.yaml"":""logs/cosine/awc8/h40/lr-0.01-b1-0.974-b2-0.99/s42/resolved.yaml"",""receipt.json"":""logs/cosine/awc8/h40/lr-0.01-b1-0.974-b2-0.99/s42/receipt.json"",""request.json"":""logs/cosine/awc8/h40/lr-0.01-b1-0.974-b2-0.99/s42/request.json"",""environment.json"":""shared/environment-b0a7ab6b27ee8f6b508a2d5361cf5e07e68495a96b11da836960b005de63f949.json""}"
awc8-cosine-h40--0.01--0.974--0.99--s43,awc8,40,1468264.2339260404,1424289.97608221,1307597.6865023444,101.48547916099778,725.7441865150031,42.29233980178833,2567758,2026-09-16,"{""metrics.jsonl"":""logs/cosine/awc8/h40/lr-0.01-b1-0.974-b2-0.99/s43/metrics.jsonl"",""result.json"":""logs/cosine/awc8/h40/lr-0.01-b1-0.974-b2-0.99/s43/result.json"",""resolved.yaml"":""logs/cosine/awc8/h40/lr-0.01-b1-0.974-b2-0.99/s43/resolved.yaml"",""receipt.json"":""logs/cosine/awc8/h40/lr-0.01-b1-0.974-b2-0.99/s43/receipt.json"",""request.json"":""logs/cosine/awc8/h40/lr-0.01-b1-0.974-b2-0.99/s43/request.json"",""environment.json"":""shared/environment-69404b2684b6d3d51ae65fb634f4513bf92ae368626b9684464cd765e5dfd3c8.json""}"
awc8-cosine-h40--0.01--0.974--0.99--s44,awc8,40,1508067.12253571,1458125.1255405408,1349501.4034561757,99.32329196399951,704.212628719004,42.29233980178833,2567782,2026-09-16,"{""metrics.jsonl"":""logs/cosine/awc8/h40/lr-0.01-b1-0.974-b2-0.99/s44/metrics.jsonl"",""result.json"":""logs/cosine/awc8/h40/lr-0.01-b1-0.974-b2-0.99/s44/result.json"",""resolved.yaml"":""logs/cosine/awc8/h40/lr-0.01-b1-0.974-b2-0.99/s44/resolved.yaml"",""receipt.json"":""logs/cosine/awc8/h40/lr-0.01-b1-0.974-b2-0.99/s44/receipt.json"",""request.json"":""logs/cosine/awc8/h40/lr-0.01-b1-0.974-b2-0.99/s44/request.json"",""environment.json"":""shared/environment-1918c3915473d02f5f5c41ca2dbaad1dfe8a85b008983a3e67db9dbb6c3ca182.json""}"
awc8-cosine-h40--0.01--0.974--0.999--s42,awc8,40,1544516.6824262831,1497760.8316487432,1382521.8448590145,100.9892748449929,691.4148118909943,42.29233980178833,2567786,2026-09-16,"{""metrics.jsonl"":""logs/cosine/awc8/h40/lr-0.01-b1-0.974-b2-0.999/s42/metrics.jsonl"",""result.json"":""logs/cosine/awc8/h40/lr-0.01-b1-0.974-b2-0.999/s42/result.json"",""resolved.yaml"":""logs/cosine/awc8/h40/lr-0.01-b1-0.974-b2-0.999/s42/resolved.yaml"",""receipt.json"":""logs/cosine/awc8/h40/lr-0.01-b1-0.974-b2-0.999/s42/receipt.json"",""request.json"":""logs/cosine/awc8/h40/lr-0.01-b1-0.974-b2-0.999/s42/request.json"",""environment.json"":""shared/environment-91a252a6125c579d621f4a5669aea59b2d96b149eab39243a94173f5967ceeb9.json""}"
awc8-cosine-h40--0.01--0.974--0.999--s43,awc8,40,1506592.055821048,1460184.1670398526,1349505.0530332378,99.98055674399075,704.8644228979974,42.29233980178833,2567787,2026-09-16,"{""metrics.jsonl"":""logs/cosine/awc8/h40/lr-0.01-b1-0.974-b2-0.999/s43/metrics.jsonl"",""result.json"":""logs/cosine/awc8/h40/lr-0.01-b1-0.974-b2-0.999/s43/result.json"",""resolved.yaml"":""logs/cosine/awc8/h40/lr-0.01-b1-0.974-b2-0.999/s43/resolved.yaml"",""receipt.json"":""logs/cosine/awc8/h40/lr-0.01-b1-0.974-b2-0.999/s43/receipt.json"",""request.json"":""logs/cosine/awc8/h40/lr-0.01-b1-0.974-b2-0.999/s43/request.json"",""environment.json"":""shared/environment-6dc4a320e0e0614cc9f663f98a930a121e6ef76d4bd0961c1c8665b2c7359e01.json""}"
awc8-cosine-h40--0.01--0.974--0.999--s44,awc8,40,1515724.4466617708,1470286.893117137,1360175.5316715785,101.79727320399252,701.9125412259891,42.29233980178833,2567788,2026-09-16,"{""metrics.jsonl"":""logs/cosine/awc8/h40/lr-0.01-b1-0.974-b2-0.999/s44/metrics.jsonl"",""result.json"":""logs/cosine/awc8/h40/lr-0.01-b1-0.974-b2-0.999/s44/result.json"",""resolved.yaml"":""logs/cosine/awc8/h40/lr-0.01-b1-0.974-b2-0.999/s44/resolved.yaml"",""receipt.json"":""logs/cosine/awc8/h40/lr-0.01-b1-0.974-b2-0.999/s44/receipt.json"",""request.json"":""logs/cosine/awc8/h40/lr-0.01-b1-0.974-b2-0.999/s44/request.json"",""environment.json"":""shared/environment-f347d6f0fb27f6c068e4154aeddf3b7338eeb1575e1d404d5e48abae4ff0492c.json""}"
awc8-cosine-h40--0.011--0.9--0.99--s42,awc8,40,1494592.5443811172,1392085.95470328,1292671.1689500785,100.91588638899702,732.5787258170021,42.29233980178833,2566004,2026-09-16,"{""metrics.jsonl"":""logs/cosine/awc8/h40/lr-0.011-b1-0.9-b2-0.99/s42/metrics.jsonl"",""result.json"":""logs/cosine/awc8/h40/lr-0.011-b1-0.9-b2-0.99/s42/result.json"",""resolved.yaml"":""logs/cosine/awc8/h40/lr-0.011-b1-0.9-b2-0.99/s42/resolved.yaml"",""receipt.json"":""logs/cosine/awc8/h40/lr-0.011-b1-0.9-b2-0.99/s42/receipt.json"",""request.json"":""logs/cosine/awc8/h40/lr-0.011-b1-0.9-b2-0.99/s42/request.json"",""environment.json"":""shared/environment-f51d38ad7ed07ad2d37a98b6a1b255d329adaa9c2ffa0a74fea578a499c22229.json""}"
awc8-cosine-h40--0.011--0.9--0.99--s43,awc8,40,1545567.2594809285,1496221.0041100672,1383764.503009637,100.44505368400132,690.3336213859875,42.29233980178833,2566005,2026-09-16,"{""metrics.jsonl"":""logs/cosine/awc8/h40/lr-0.011-b1-0.9-b2-0.99/s43/metrics.jsonl"",""result.json"":""logs/cosine/awc8/h40/lr-0.011-b1-0.9-b2-0.99/s43/result.json"",""resolved.yaml"":""logs/cosine/awc8/h40/lr-0.011-b1-0.9-b2-0.99/s43/resolved.yaml"",""receipt.json"":""logs/cosine/awc8/h40/lr-0.011-b1-0.9-b2-0.99/s43/receipt.json"",""request.json"":""logs/cosine/awc8/h40/lr-0.011-b1-0.9-b2-0.99/s43/request.json"",""environment.json"":""shared/environment-142af1ce6b67e80e7481ba5ed459a2e150352374e4ed396f5dc2ecf0cc290703.json""}"
awc8-cosine-h40--0.011--0.9--0.99--s44,awc8,40,1560893.074041699,1511771.483869649,1396312.1338948132,100.2074322749977,684.7836553410016,42.29233980178833,2566006,2026-09-16,"{""metrics.jsonl"":""logs/cosine/awc8/h40/lr-0.011-b1-0.9-b2-0.99/s44/metrics.jsonl"",""result.json"":""logs/cosine/awc8/h40/lr-0.011-b1-0.9-b2-0.99/s44/result.json"",""resolved.yaml"":""logs/cosine/awc8/h40/lr-0.011-b1-0.9-b2-0.99/s44/resolved.yaml"",""receipt.json"":""logs/cosine/awc8/h40/lr-0.011-b1-0.9-b2-0.99/s44/receipt.json"",""request.json"":""logs/cosine/awc8/h40/lr-0.011-b1-0.9-b2-0.99/s44/request.json"",""environment.json"":""shared/environment-62971dcc1c199f6fa37c4842380d770b6cf2452306cceba8e993a5917f87e205.json""}"
awc8-cosine-h40--0.011--0.9--0.999--s42,awc8,40,1471444.7438001493,1428363.0859215246,1322941.6096050178,101.44584570800362,718.4629182600038,42.29233980178833,2566011,2026-09-16,"{""metrics.jsonl"":""logs/cosine/awc8/h40/lr-0.011-b1-0.9-b2-0.999/s42/metrics.jsonl"",""result.json"":""logs/cosine/awc8/h40/lr-0.011-b1-0.9-b2-0.999/s42/result.json"",""resolved.yaml"":""logs/cosine/awc8/h40/lr-0.011-b1-0.9-b2-0.999/s42/resolved.yaml"",""receipt.json"":""logs/cosine/awc8/h40/lr-0.011-b1-0.9-b2-0.999/s42/receipt.json"",""request.json"":""logs/cosine/awc8/h40/lr-0.011-b1-0.9-b2-0.999/s42/request.json"",""environment.json"":""shared/environment-701407ccf066c598aaa83acc487d81fb319e6c7c59f6c8b103b107949c93adc8.json""}"
awc8-cosine-h40--0.011--0.9--0.999--s43,awc8,40,1511222.0060759522,1465157.4913872615,1352514.7432144766,102.94482197100297,706.4571086789947,42.29233980178833,2566013,2026-09-16,"{""metrics.jsonl"":""logs/cosine/awc8/h40/lr-0.011-b1-0.9-b2-0.999/s43/metrics.jsonl"",""result.json"":""logs/cosine/awc8/h40/lr-0.011-b1-0.9-b2-0.999/s43/result.json"",""resolved.yaml"":""logs/cosine/awc8/h40/lr-0.011-b1-0.9-b2-0.999/s43/resolved.yaml"",""receipt.json"":""logs/cosine/awc8/h40/lr-0.011-b1-0.9-b2-0.999/s43/receipt.json"",""request.json"":""logs/cosine/awc8/h40/lr-0.011-b1-0.9-b2-0.999/s43/request.json"",""environment.json"":""shared/environment-418436c0c4989ae698ac882274706d278f4330f56085fae91c5dbcd3ebf7ddb7.json""}"
awc8-cosine-h40--0.011--0.9--0.999--s44,awc8,40,1508318.5280243382,1454921.428324591,1345976.626043616,99.92691601400293,706.3976427640009,42.29233980178833,2566014,2026-09-16,"{""metrics.jsonl"":""logs/cosine/awc8/h40/lr-0.011-b1-0.9-b2-0.999/s44/metrics.jsonl"",""result.json"":""logs/cosine/awc8/h40/lr-0.011-b1-0.9-b2-0.999/s44/result.json"",""resolved.yaml"":""logs/cosine/awc8/h40/lr-0.011-b1-0.9-b2-0.999/s44/resolved.yaml"",""receipt.json"":""logs/cosine/awc8/h40/lr-0.011-b1-0.9-b2-0.999/s44/receipt.json"",""request.json"":""logs/cosine/awc8/h40/lr-0.011-b1-0.9-b2-0.999/s44/request.json"",""environment.json"":""shared/environment-913986c1ca161b9a5113f9e01971900be372b10ac210ccf3746cf964d26825f5.json""}"
awc8-cosine-h40--0.011--0.95--0.99--s42,awc8,40,1533951.094571791,1486723.3667151353,1371916.218623825,101.81256480100274,696.8150834819971,42.29233980178833,2567687,2026-09-16,"{""metrics.jsonl"":""logs/cosine/awc8/h40/lr-0.011-b1-0.95-b2-0.99/s42/metrics.jsonl"",""result.json"":""logs/cosine/awc8/h40/lr-0.011-b1-0.95-b2-0.99/s42/result.json"",""resolved.yaml"":""logs/cosine/awc8/h40/lr-0.011-b1-0.95-b2-0.99/s42/resolved.yaml"",""receipt.json"":""logs/cosine/awc8/h40/lr-0.011-b1-0.95-b2-0.99/s42/receipt.json"",""request.json"":""logs/cosine/awc8/h40/lr-0.011-b1-0.95-b2-0.99/s42/request.json"",""environment.json"":""shared/environment-e17f0c910b6f84bf671cd2486e48a33276336a23ddee46ea7a0473b726f063e3.json""}"
awc8-cosine-h40--0.011--0.95--0.99--s43,awc8,40,1509081.1453794246,1383924.609796137,1283993.0112679407,100.78831452499435,737.0378583109996,42.29233980178833,2567688,2026-09-16,"{""metrics.jsonl"":""logs/cosine/awc8/h40/lr-0.011-b1-0.95-b2-0.99/s43/metrics.jsonl"",""result.json"":""logs/cosine/awc8/h40/lr-0.011-b1-0.95-b2-0.99/s43/result.json"",""resolved.yaml"":""logs/cosine/awc8/h40/lr-0.011-b1-0.95-b2-0.99/s43/resolved.yaml"",""receipt.json"":""logs/cosine/awc8/h40/lr-0.011-b1-0.95-b2-0.99/s43/receipt.json"",""request.json"":""logs/cosine/awc8/h40/lr-0.011-b1-0.95-b2-0.99/s43/request.json"",""environment.json"":""shared/environment-6fc4d0e10ae26e1fc02cb81ba216462a38839bd893208f6c7b1cd5d5ecc79722.json""}"
awc8-cosine-h40--0.011--0.95--0.99--s44,awc8,40,1521210.630187228,1470520.110563272,1356775.8832785436,102.64112926999951,704.2737412670031,42.29233980178833,2567689,2026-09-16,"{""metrics.jsonl"":""logs/cosine/awc8/h40/lr-0.011-b1-0.95-b2-0.99/s44/metrics.jsonl"",""result.json"":""logs/cosine/awc8/h40/lr-0.011-b1-0.95-b2-0.99/s44/result.json"",""resolved.yaml"":""logs/cosine/awc8/h40/lr-0.011-b1-0.95-b2-0.99/s44/resolved.yaml"",""receipt.json"":""logs/cosine/awc8/h40/lr-0.011-b1-0.95-b2-0.99/s44/receipt.json"",""request.json"":""logs/cosine/awc8/h40/lr-0.011-b1-0.95-b2-0.99/s44/request.json"",""environment.json"":""shared/environment-19c0e3b0b454520420b37840df59501f02365b4181385fd583804328ecf5ffaa.json""}"
awc8-cosine-h40--0.011--0.95--0.999--s42,awc8,40,1537576.6363917363,1489624.004035326,1374604.3034980919,101.45837680599652,695.2806726090057,42.29233980178833,2567735,2026-09-16,"{""metrics.jsonl"":""logs/cosine/awc8/h40/lr-0.011-b1-0.95-b2-0.999/s42/metrics.jsonl"",""result.json"":""logs/cosine/awc8/h40/lr-0.011-b1-0.95-b2-0.999/s42/result.json"",""resolved.yaml"":""logs/cosine/awc8/h40/lr-0.011-b1-0.95-b2-0.999/s42/resolved.yaml"",""receipt.json"":""logs/cosine/awc8/h40/lr-0.011-b1-0.95-b2-0.999/s42/receipt.json"",""request.json"":""logs/cosine/awc8/h40/lr-0.011-b1-0.95-b2-0.999/s42/request.json"",""environment.json"":""shared/environment-9dd60b747c5cba79bf7abb66fa3e1778d75c70b02e73fcf4137d411049757502.json""}"
awc8-cosine-h40--0.011--0.95--0.999--s43,awc8,40,1537319.1929950407,1489020.0163378373,1375303.5681052196,101.14094885298982,694.6519661329949,42.29233980178833,2567736,2026-09-16,"{""metrics.jsonl"":""logs/cosine/awc8/h40/lr-0.011-b1-0.95-b2-0.999/s43/metrics.jsonl"",""result.json"":""logs/cosine/awc8/h40/lr-0.011-b1-0.95-b2-0.999/s43/result.json"",""resolved.yaml"":""logs/cosine/awc8/h40/lr-0.011-b1-0.95-b2-0.999/s43/resolved.yaml"",""receipt.json"":""logs/cosine/awc8/h40/lr-0.011-b1-0.95-b2-0.999/s43/receipt.json"",""request.json"":""logs/cosine/awc8/h40/lr-0.011-b1-0.95-b2-0.999/s43/request.json"",""environment.json"":""shared/environment-1dbbe36735c6784e06a5ef1b33edfaa26220e1cca2852ae0a0fa7e805f3009a4.json""}"
awc8-cosine-h40--0.011--0.95--0.999--s44,awc8,40,1557065.511237921,1507986.0578193099,1391196.8100405196,99.951835793996,686.6817271290056,42.29233980178833,2567737,2026-09-16,"{""metrics.jsonl"":""logs/cosine/awc8/h40/lr-0.011-b1-0.95-b2-0.999/s44/metrics.jsonl"",""result.json"":""logs/cosine/awc8/h40/lr-0.011-b1-0.95-b2-0.999/s44/result.json"",""resolved.yaml"":""logs/cosine/awc8/h40/lr-0.011-b1-0.95-b2-0.999/s44/resolved.yaml"",""receipt.json"":""logs/cosine/awc8/h40/lr-0.011-b1-0.95-b2-0.999/s44/receipt.json"",""request.json"":""logs/cosine/awc8/h40/lr-0.011-b1-0.95-b2-0.999/s44/request.json"",""environment.json"":""shared/environment-4453f0ba1dafab9a5ed8d815c638eacbf7d91f51538df3e7fa4d396f2b476d0e.json""}"
awc8-cosine-h40--0.011--0.974--0.99--s42,awc8,40,1484061.0120144945,1439194.4479454667,1324835.088382399,101.40439805299684,717.5509620459925,42.29233980178833,2567783,2026-09-16,"{""metrics.jsonl"":""logs/cosine/awc8/h40/lr-0.011-b1-0.974-b2-0.99/s42/metrics.jsonl"",""result.json"":""logs/cosine/awc8/h40/lr-0.011-b1-0.974-b2-0.99/s42/result.json"",""resolved.yaml"":""logs/cosine/awc8/h40/lr-0.011-b1-0.974-b2-0.99/s42/resolved.yaml"",""receipt.json"":""logs/cosine/awc8/h40/lr-0.011-b1-0.974-b2-0.99/s42/receipt.json"",""request.json"":""logs/cosine/awc8/h40/lr-0.011-b1-0.974-b2-0.99/s42/request.json"",""environment.json"":""shared/environment-0365d6528a8a9115886803faced4fd9b7078466f804b37fe64ea8c1331209697.json""}"
awc8-cosine-h40--0.011--0.974--0.99--s43,awc8,40,1517613.2311418739,1386003.7016118534,1284562.0445672148,102.92011904499668,738.8581731840022,42.29233980178833,2567784,2026-09-16,"{""metrics.jsonl"":""logs/cosine/awc8/h40/lr-0.011-b1-0.974-b2-0.99/s43/metrics.jsonl"",""result.json"":""logs/cosine/awc8/h40/lr-0.011-b1-0.974-b2-0.99/s43/result.json"",""resolved.yaml"":""logs/cosine/awc8/h40/lr-0.011-b1-0.974-b2-0.99/s43/resolved.yaml"",""receipt.json"":""logs/cosine/awc8/h40/lr-0.011-b1-0.974-b2-0.99/s43/receipt.json"",""request.json"":""logs/cosine/awc8/h40/lr-0.011-b1-0.974-b2-0.99/s43/request.json"",""environment.json"":""shared/environment-26a9df90869120cbf6ad32081decf3ae12d7526c30f4b3695edb70b198ea4b38.json""}"
awc8-cosine-h40--0.011--0.974--0.99--s44,awc8,40,1489639.2121922164,1439456.567559047,1329584.6597071078,103.50538479100214,717.4526429240068,42.29233980178833,2567785,2026-09-16,"{""metrics.jsonl"":""logs/cosine/awc8/h40/lr-0.011-b1-0.974-b2-0.99/s44/metrics.jsonl"",""result.json"":""logs/cosine/awc8/h40/lr-0.011-b1-0.974-b2-0.99/s44/result.json"",""resolved.yaml"":""logs/cosine/awc8/h40/lr-0.011-b1-0.974-b2-0.99/s44/resolved.yaml"",""receipt.json"":""logs/cosine/awc8/h40/lr-0.011-b1-0.974-b2-0.99/s44/receipt.json"",""request.json"":""logs/cosine/awc8/h40/lr-0.011-b1-0.974-b2-0.99/s44/request.json"",""environment.json"":""shared/environment-8e447dee4343e111c3e8994729d411560ca727c85db541f4bc81069751fed930.json""}"
awc8-cosine-h40--0.011--0.974--0.999--s42,awc8,40,1462324.3006432198,1414354.6738041674,1309543.8656895584,101.58203507000144,724.8981242339942,42.29233980178833,2567811,2026-09-16,"{""metrics.jsonl"":""logs/cosine/awc8/h40/lr-0.011-b1-0.974-b2-0.999/s42/metrics.jsonl"",""result.json"":""logs/cosine/awc8/h40/lr-0.011-b1-0.974-b2-0.999/s42/result.json"",""resolved.yaml"":""logs/cosine/awc8/h40/lr-0.011-b1-0.974-b2-0.999/s42/resolved.yaml"",""receipt.json"":""logs/cosine/awc8/h40/lr-0.011-b1-0.974-b2-0.999/s42/receipt.json"",""request.json"":""logs/cosine/awc8/h40/lr-0.011-b1-0.974-b2-0.999/s42/request.json"",""environment.json"":""shared/environment-563ad3b5afd781eca3c3b945ae22be8de9ab9a09881bf383da21bfe49b9bb040.json""}"
awc8-cosine-h40--0.011--0.974--0.999--s43,awc8,40,1530309.2867046061,1483216.2454830639,1371281.731892155,99.2187385240104,694.471931313994,42.29233980178833,2567814,2026-09-16,"{""metrics.jsonl"":""logs/cosine/awc8/h40/lr-0.011-b1-0.974-b2-0.999/s43/metrics.jsonl"",""result.json"":""logs/cosine/awc8/h40/lr-0.011-b1-0.974-b2-0.999/s43/result.json"",""resolved.yaml"":""logs/cosine/awc8/h40/lr-0.011-b1-0.974-b2-0.999/s43/resolved.yaml"",""receipt.json"":""logs/cosine/awc8/h40/lr-0.011-b1-0.974-b2-0.999/s43/receipt.json"",""request.json"":""logs/cosine/awc8/h40/lr-0.011-b1-0.974-b2-0.999/s43/request.json"",""environment.json"":""shared/environment-db168008b4fce7309d64cee311b4b3872913419cc2b3a4c320f125ba4ffcecb7.json""}"
awc8-cosine-h40--0.011--0.974--0.999--s44,awc8,40,1517863.753556371,1468731.9308116292,1358683.4589169906,102.54815492099442,703.4416930209991,42.29233980178833,2567843,2026-09-16,"{""metrics.jsonl"":""logs/cosine/awc8/h40/lr-0.011-b1-0.974-b2-0.999/s44/metrics.jsonl"",""result.json"":""logs/cosine/awc8/h40/lr-0.011-b1-0.974-b2-0.999/s44/result.json"",""resolved.yaml"":""logs/cosine/awc8/h40/lr-0.011-b1-0.974-b2-0.999/s44/resolved.yaml"",""receipt.json"":""logs/cosine/awc8/h40/lr-0.011-b1-0.974-b2-0.999/s44/receipt.json"",""request.json"":""logs/cosine/awc8/h40/lr-0.011-b1-0.974-b2-0.999/s44/request.json"",""environment.json"":""shared/environment-df9db89422a9df0cd7d5a7d071b5379677e4331f5e221de2675a705251b272c1.json""}"
awc8-cosine-h40--0.012--0.9--0.99--s42,awc8,40,1517635.5281991372,1466689.564038327,1358379.9606184505,100.04301139000017,700.9697541360006,42.29233980178833,2578304,2026-09-17,"{""metrics.jsonl"":""logs/cosine/awc8/h40/lr-0.012-b1-0.9-b2-0.99/s42/metrics.jsonl"",""result.json"":""logs/cosine/awc8/h40/lr-0.012-b1-0.9-b2-0.99/s42/result.json"",""resolved.yaml"":""logs/cosine/awc8/h40/lr-0.012-b1-0.9-b2-0.99/s42/resolved.yaml"",""receipt.json"":""logs/cosine/awc8/h40/lr-0.012-b1-0.9-b2-0.99/s42/receipt.json"",""request.json"":""logs/cosine/awc8/h40/lr-0.012-b1-0.9-b2-0.99/s42/request.json"",""environment.json"":""shared/environment-21430cc9d926314971fffad621358b5358189830f54122f4c3fa5fec16a9d643.json""}"
awc8-cosine-h40--0.012--0.9--0.99--s43,awc8,40,1546228.4784759772,1484130.3970939121,1372896.8026567753,101.52930383599596,696.0857645719952,42.29233980178833,2578305,2026-09-17,"{""metrics.jsonl"":""logs/cosine/awc8/h40/lr-0.012-b1-0.9-b2-0.99/s43/metrics.jsonl"",""result.json"":""logs/cosine/awc8/h40/lr-0.012-b1-0.9-b2-0.99/s43/result.json"",""resolved.yaml"":""logs/cosine/awc8/h40/lr-0.012-b1-0.9-b2-0.99/s43/resolved.yaml"",""receipt.json"":""logs/cosine/awc8/h40/lr-0.012-b1-0.9-b2-0.99/s43/receipt.json"",""request.json"":""logs/cosine/awc8/h40/lr-0.012-b1-0.9-b2-0.99/s43/request.json"",""environment.json"":""shared/environment-d0216320af10f986bdf28d32c5b52bbf582602108642d1d4753f1f1534f49395.json""}"
awc8-cosine-h40--0.012--0.9--0.99--s44,awc8,40,1543816.9471792404,1493215.8554745072,1381102.6605675747,100.90594262200466,691.9230096569954,42.29233980178833,2578306,2026-09-17,"{""metrics.jsonl"":""logs/cosine/awc8/h40/lr-0.012-b1-0.9-b2-0.99/s44/metrics.jsonl"",""result.json"":""logs/cosine/awc8/h40/lr-0.012-b1-0.9-b2-0.99/s44/result.json"",""resolved.yaml"":""logs/cosine/awc8/h40/lr-0.012-b1-0.9-b2-0.99/s44/resolved.yaml"",""receipt.json"":""logs/cosine/awc8/h40/lr-0.012-b1-0.9-b2-0.99/s44/receipt.json"",""request.json"":""logs/cosine/awc8/h40/lr-0.012-b1-0.9-b2-0.99/s44/request.json"",""environment.json"":""shared/environment-01843a77a4016874afaeda48896a2ff6c4ac3fe4d8dbf95df0820495bab316ce.json""}"
awc8-cosine-h40--0.012--0.9--0.999--s42,awc8,40,1541231.6823633492,1491373.8609640105,1379377.5083905628,101.30025395099074,693.0658441330015,42.29233980178833,2578307,2026-09-17,"{""metrics.jsonl"":""logs/cosine/awc8/h40/lr-0.012-b1-0.9-b2-0.999/s42/metrics.jsonl"",""result.json"":""logs/cosine/awc8/h40/lr-0.012-b1-0.9-b2-0.999/s42/result.json"",""resolved.yaml"":""logs/cosine/awc8/h40/lr-0.012-b1-0.9-b2-0.999/s42/resolved.yaml"",""receipt.json"":""logs/cosine/awc8/h40/lr-0.012-b1-0.9-b2-0.999/s42/receipt.json"",""request.json"":""logs/cosine/awc8/h40/lr-0.012-b1-0.9-b2-0.999/s42/request.json"",""environment.json"":""shared/environment-2710ca67357e97fd22dd3cbedc2cfc38c978e9ac57ee7a68a23229f04acd9050.json""}"
awc8-cosine-h40--0.012--0.9--0.999--s43,awc8,40,1497378.9190984152,1444368.8374651272,1337255.5935903122,103.02956396299942,713.4241467960001,42.29233980178833,2578308,2026-09-17,"{""metrics.jsonl"":""logs/cosine/awc8/h40/lr-0.012-b1-0.9-b2-0.999/s43/metrics.jsonl"",""result.json"":""logs/cosine/awc8/h40/lr-0.012-b1-0.9-b2-0.999/s43/result.json"",""resolved.yaml"":""logs/cosine/awc8/h40/lr-0.012-b1-0.9-b2-0.999/s43/resolved.yaml"",""receipt.json"":""logs/cosine/awc8/h40/lr-0.012-b1-0.9-b2-0.999/s43/receipt.json"",""request.json"":""logs/cosine/awc8/h40/lr-0.012-b1-0.9-b2-0.999/s43/request.json"",""environment.json"":""shared/environment-3aae11e2326ac41675482e1d0ee333bde30e1d00058eadc234b2993b68f95931.json""}"
awc8-cosine-h40--0.012--0.9--0.999--s44,awc8,40,1497244.689104449,1447874.4989991162,1328949.421209513,103.21594474001904,717.4475231370016,42.29233980178833,2578309,2026-09-17,"{""metrics.jsonl"":""logs/cosine/awc8/h40/lr-0.012-b1-0.9-b2-0.999/s44/metrics.jsonl"",""result.json"":""logs/cosine/awc8/h40/lr-0.012-b1-0.9-b2-0.999/s44/result.json"",""resolved.yaml"":""logs/cosine/awc8/h40/lr-0.012-b1-0.9-b2-0.999/s44/resolved.yaml"",""receipt.json"":""logs/cosine/awc8/h40/lr-0.012-b1-0.9-b2-0.999/s44/receipt.json"",""request.json"":""logs/cosine/awc8/h40/lr-0.012-b1-0.9-b2-0.999/s44/request.json"",""environment.json"":""shared/environment-d0660bd73708a33b145d53bea43afde848e827f60a49cb52522980e1918f6125.json""}"
awc8-cosine-h40--0.012--0.95--0.99--s42,awc8,40,1498072.9150175035,1446655.9733896346,1339348.0660339298,102.75493501700112,712.1946658889938,42.29233980178833,2578310,2026-09-17,"{""metrics.jsonl"":""logs/cosine/awc8/h40/lr-0.012-b1-0.95-b2-0.99/s42/metrics.jsonl"",""result.json"":""logs/cosine/awc8/h40/lr-0.012-b1-0.95-b2-0.99/s42/result.json"",""resolved.yaml"":""logs/cosine/awc8/h40/lr-0.012-b1-0.95-b2-0.99/s42/resolved.yaml"",""receipt.json"":""logs/cosine/awc8/h40/lr-0.012-b1-0.95-b2-0.99/s42/receipt.json"",""request.json"":""logs/cosine/awc8/h40/lr-0.012-b1-0.95-b2-0.99/s42/request.json"",""environment.json"":""shared/environment-192c62bce5c164eadfff57e460d70d4fa69f43b7bed06bd053c5eeef1118f404.json""}"
awc8-cosine-h40--0.012--0.95--0.99--s43,awc8,40,1527295.5532011527,1473868.5629059398,1363741.8197058258,101.60704493199592,700.16597731199,42.29233980178833,2578311,2026-09-17,"{""metrics.jsonl"":""logs/cosine/awc8/h40/lr-0.012-b1-0.95-b2-0.99/s43/metrics.jsonl"",""result.json"":""logs/cosine/awc8/h40/lr-0.012-b1-0.95-b2-0.99/s43/result.json"",""resolved.yaml"":""logs/cosine/awc8/h40/lr-0.012-b1-0.95-b2-0.99/s43/resolved.yaml"",""receipt.json"":""logs/cosine/awc8/h40/lr-0.012-b1-0.95-b2-0.99/s43/receipt.json"",""request.json"":""logs/cosine/awc8/h40/lr-0.012-b1-0.95-b2-0.99/s43/request.json"",""environment.json"":""shared/environment-507aaa297a54eec5763609f61866d9009fc8d178d5766c85a4f136b0d84b7671.json""}"
awc8-cosine-h40--0.012--0.95--0.99--s44,awc8,40,1495135.8511509069,1377914.108230619,1280761.368101922,100.5693949929846,738.3454557580117,42.29233980178833,2578312,2026-09-17,"{""metrics.jsonl"":""logs/cosine/awc8/h40/lr-0.012-b1-0.95-b2-0.99/s44/metrics.jsonl"",""result.json"":""logs/cosine/awc8/h40/lr-0.012-b1-0.95-b2-0.99/s44/result.json"",""resolved.yaml"":""logs/cosine/awc8/h40/lr-0.012-b1-0.95-b2-0.99/s44/resolved.yaml"",""receipt.json"":""logs/cosine/awc8/h40/lr-0.012-b1-0.95-b2-0.99/s44/receipt.json"",""request.json"":""logs/cosine/awc8/h40/lr-0.012-b1-0.95-b2-0.99/s44/request.json"",""environment.json"":""shared/environment-80a9dd017e6846097e695f416c35dca8a673f1fbc3f139216001173dfc379a7d.json""}"
awc8-cosine-h40--0.012--0.95--0.999--s42,awc8,40,1523845.7973317956,1475076.3663588918,1364063.6270037077,102.29294688899995,700.698275742,42.29233980178833,2578313,2026-09-17,"{""metrics.jsonl"":""logs/cosine/awc8/h40/lr-0.012-b1-0.95-b2-0.999/s42/metrics.jsonl"",""result.json"":""logs/cosine/awc8/h40/lr-0.012-b1-0.95-b2-0.999/s42/result.json"",""resolved.yaml"":""logs/cosine/awc8/h40/lr-0.012-b1-0.95-b2-0.999/s42/resolved.yaml"",""receipt.json"":""logs/cosine/awc8/h40/lr-0.012-b1-0.95-b2-0.999/s42/receipt.json"",""request.json"":""logs/cosine/awc8/h40/lr-0.012-b1-0.95-b2-0.999/s42/request.json"",""environment.json"":""shared/environment-42a2d3e60a8edda7153024eb248adc57f376002f7f686b2008d67a5ef5e2f086.json""}"
awc8-cosine-h40--0.012--0.95--0.999--s43,awc8,40,1504154.5333905586,1458638.9301904247,1348879.3215775294,102.74372968300304,707.8838358930079,42.29233980178833,2578314,2026-09-17,"{""metrics.jsonl"":""logs/cosine/awc8/h40/lr-0.012-b1-0.95-b2-0.999/s43/metrics.jsonl"",""result.json"":""logs/cosine/awc8/h40/lr-0.012-b1-0.95-b2-0.999/s43/result.json"",""resolved.yaml"":""logs/cosine/awc8/h40/lr-0.012-b1-0.95-b2-0.999/s43/resolved.yaml"",""receipt.json"":""logs/cosine/awc8/h40/lr-0.012-b1-0.95-b2-0.999/s43/receipt.json"",""request.json"":""logs/cosine/awc8/h40/lr-0.012-b1-0.95-b2-0.999/s43/request.json"",""environment.json"":""shared/environment-b509cf2d59aadf9617426628b9b4cf5371d16d31c251afea59361bb08eeb5b92.json""}"
awc8-cosine-h40--0.012--0.95--0.999--s44,awc8,40,1541466.5232905021,1488389.1243541625,1376296.8763336218,100.6803163660079,693.7737133390037,42.29233980178833,2578315,2026-09-17,"{""metrics.jsonl"":""logs/cosine/awc8/h40/lr-0.012-b1-0.95-b2-0.999/s44/metrics.jsonl"",""result.json"":""logs/cosine/awc8/h40/lr-0.012-b1-0.95-b2-0.999/s44/result.json"",""resolved.yaml"":""logs/cosine/awc8/h40/lr-0.012-b1-0.95-b2-0.999/s44/resolved.yaml"",""receipt.json"":""logs/cosine/awc8/h40/lr-0.012-b1-0.95-b2-0.999/s44/receipt.json"",""request.json"":""logs/cosine/awc8/h40/lr-0.012-b1-0.95-b2-0.999/s44/request.json"",""environment.json"":""shared/environment-3295ea41666839628fbe273e4f4308b65e8462246c334bca245a92420aa120b3.json""}"
awc8-cosine-h40--0.012--0.974--0.99--s42,awc8,40,1529492.1742423382,1480226.7205249504,1368960.1618818236,101.73141983900132,697.9927973960002,42.29233980178833,2578316,2026-09-17,"{""metrics.jsonl"":""logs/cosine/awc8/h40/lr-0.012-b1-0.974-b2-0.99/s42/metrics.jsonl"",""result.json"":""logs/cosine/awc8/h40/lr-0.012-b1-0.974-b2-0.99/s42/result.json"",""resolved.yaml"":""logs/cosine/awc8/h40/lr-0.012-b1-0.974-b2-0.99/s42/resolved.yaml"",""receipt.json"":""logs/cosine/awc8/h40/lr-0.012-b1-0.974-b2-0.99/s42/receipt.json"",""request.json"":""logs/cosine/awc8/h40/lr-0.012-b1-0.974-b2-0.99/s42/request.json"",""environment.json"":""shared/environment-004832f0c18f207549a7d643bd16d6df8c9ce75ba15306c305d0836487b08e43.json""}"
awc8-cosine-h40--0.012--0.974--0.99--s43,awc8,40,1493823.5490782338,1446843.610326557,1340609.1014631416,100.96176897300757,709.8394924160093,42.29233980178833,2578317,2026-09-17,"{""metrics.jsonl"":""logs/cosine/awc8/h40/lr-0.012-b1-0.974-b2-0.99/s43/metrics.jsonl"",""result.json"":""logs/cosine/awc8/h40/lr-0.012-b1-0.974-b2-0.99/s43/result.json"",""resolved.yaml"":""logs/cosine/awc8/h40/lr-0.012-b1-0.974-b2-0.99/s43/resolved.yaml"",""receipt.json"":""logs/cosine/awc8/h40/lr-0.012-b1-0.974-b2-0.99/s43/receipt.json"",""request.json"":""logs/cosine/awc8/h40/lr-0.012-b1-0.974-b2-0.99/s43/request.json"",""environment.json"":""shared/environment-7b9e054c7b77a46a980b03fc51ead5965dd407d329cc243a8a9b20c42239ea36.json""}"
awc8-cosine-h40--0.012--0.974--0.99--s44,awc8,40,1524660.5514470243,1474046.1504070899,1363174.625439458,102.0383904989867,700.8474146059889,42.29233980178833,2578318,2026-09-17,"{""metrics.jsonl"":""logs/cosine/awc8/h40/lr-0.012-b1-0.974-b2-0.99/s44/metrics.jsonl"",""result.json"":""logs/cosine/awc8/h40/lr-0.012-b1-0.974-b2-0.99/s44/result.json"",""resolved.yaml"":""logs/cosine/awc8/h40/lr-0.012-b1-0.974-b2-0.99/s44/resolved.yaml"",""receipt.json"":""logs/cosine/awc8/h40/lr-0.012-b1-0.974-b2-0.99/s44/receipt.json"",""request.json"":""logs/cosine/awc8/h40/lr-0.012-b1-0.974-b2-0.99/s44/request.json"",""environment.json"":""shared/environment-4267f80feeb3169db2ce1c8a00048b7374475f881997ec0d4b6b7ab3ddd0b125.json""}"
awc8-cosine-h40--0.012--0.974--0.999--s42,awc8,40,1520481.784369754,1399545.6755668877,1295706.899458289,102.05316968701663,732.4652430560091,42.29233980178833,2578319,2026-09-17,"{""metrics.jsonl"":""logs/cosine/awc8/h40/lr-0.012-b1-0.974-b2-0.999/s42/metrics.jsonl"",""result.json"":""logs/cosine/awc8/h40/lr-0.012-b1-0.974-b2-0.999/s42/result.json"",""resolved.yaml"":""logs/cosine/awc8/h40/lr-0.012-b1-0.974-b2-0.999/s42/resolved.yaml"",""receipt.json"":""logs/cosine/awc8/h40/lr-0.012-b1-0.974-b2-0.999/s42/receipt.json"",""request.json"":""logs/cosine/awc8/h40/lr-0.012-b1-0.974-b2-0.999/s42/request.json"",""environment.json"":""shared/environment-6f464b41cd726fd42b719edf2466c6567d3b3cd5b473edc03d227149de7e1a75.json""}"
awc8-cosine-h40--0.012--0.974--0.999--s43,awc8,40,1511976.0751013,1398942.1426093725,1298966.6283404126,100.13666225499946,729.1603380249999,42.29233980178833,2578320,2026-09-17,"{""metrics.jsonl"":""logs/cosine/awc8/h40/lr-0.012-b1-0.974-b2-0.999/s43/metrics.jsonl"",""result.json"":""logs/cosine/awc8/h40/lr-0.012-b1-0.974-b2-0.999/s43/result.json"",""resolved.yaml"":""logs/cosine/awc8/h40/lr-0.012-b1-0.974-b2-0.999/s43/resolved.yaml"",""receipt.json"":""logs/cosine/awc8/h40/lr-0.012-b1-0.974-b2-0.999/s43/receipt.json"",""request.json"":""logs/cosine/awc8/h40/lr-0.012-b1-0.974-b2-0.999/s43/request.json"",""environment.json"":""shared/environment-ccd68f1ac908c46032949c57ba09b0398fd59f5ea21422471fc99c11857fafc2.json""}"
awc8-cosine-h40--0.012--0.974--0.999--s44,awc8,40,1543998.000466408,1426726.720032117,1323421.5845663873,101.17971980100083,718.6153071749995,42.29233980178833,2578321,2026-09-17,"{""metrics.jsonl"":""logs/cosine/awc8/h40/lr-0.012-b1-0.974-b2-0.999/s44/metrics.jsonl"",""result.json"":""logs/cosine/awc8/h40/lr-0.012-b1-0.974-b2-0.999/s44/result.json"",""resolved.yaml"":""logs/cosine/awc8/h40/lr-0.012-b1-0.974-b2-0.999/s44/resolved.yaml"",""receipt.json"":""logs/cosine/awc8/h40/lr-0.012-b1-0.974-b2-0.999/s44/receipt.json"",""request.json"":""logs/cosine/awc8/h40/lr-0.012-b1-0.974-b2-0.999/s44/request.json"",""environment.json"":""shared/environment-ca4d9d92d5a37e9dd0ef2ad4442f44129e458760c1f4abd27960f39bf5bfe456.json""}"
awc8-cosine-h40--0.013--0.9--0.99--s42,awc8,40,1550013.0162031737,1421561.423513395,1318670.3914365065,100.59802786,720.2343314840018,42.29233980178833,2580853,2026-09-17,"{""metrics.jsonl"":""logs/cosine/awc8/h40/lr-0.013-b1-0.9-b2-0.99/s42/metrics.jsonl"",""result.json"":""logs/cosine/awc8/h40/lr-0.013-b1-0.9-b2-0.99/s42/result.json"",""resolved.yaml"":""logs/cosine/awc8/h40/lr-0.013-b1-0.9-b2-0.99/s42/resolved.yaml"",""receipt.json"":""logs/cosine/awc8/h40/lr-0.013-b1-0.9-b2-0.99/s42/receipt.json"",""request.json"":""logs/cosine/awc8/h40/lr-0.013-b1-0.9-b2-0.99/s42/request.json"",""environment.json"":""shared/environment-d1fd8685b6f9b93daf3ebd50e4f5cce26531a57df5efd91ab4197f148c9eb5e1.json""}"
awc8-cosine-h40--0.013--0.9--0.99--s43,awc8,40,1483047.3641913508,1365274.4331626685,1269826.444133633,100.73420309500034,744.1613748529999,42.29233980178833,2580854,2026-09-17,"{""metrics.jsonl"":""logs/cosine/awc8/h40/lr-0.013-b1-0.9-b2-0.99/s43/metrics.jsonl"",""result.json"":""logs/cosine/awc8/h40/lr-0.013-b1-0.9-b2-0.99/s43/result.json"",""resolved.yaml"":""logs/cosine/awc8/h40/lr-0.013-b1-0.9-b2-0.99/s43/resolved.yaml"",""receipt.json"":""logs/cosine/awc8/h40/lr-0.013-b1-0.9-b2-0.99/s43/receipt.json"",""request.json"":""logs/cosine/awc8/h40/lr-0.013-b1-0.9-b2-0.99/s43/request.json"",""environment.json"":""shared/environment-689ca2bbde183b51625efb07197c095106531e96360deac96641e15c9eb70a92.json""}"
awc8-cosine-h40--0.013--0.9--0.99--s44,awc8,40,1542203.09612976,1416054.5592484658,1313040.3635677192,101.20261310700153,722.945773429994,42.29233980178833,2580855,2026-09-17,"{""metrics.jsonl"":""logs/cosine/awc8/h40/lr-0.013-b1-0.9-b2-0.99/s44/metrics.jsonl"",""result.json"":""logs/cosine/awc8/h40/lr-0.013-b1-0.9-b2-0.99/s44/result.json"",""resolved.yaml"":""logs/cosine/awc8/h40/lr-0.013-b1-0.9-b2-0.99/s44/resolved.yaml"",""receipt.json"":""logs/cosine/awc8/h40/lr-0.013-b1-0.9-b2-0.99/s44/receipt.json"",""request.json"":""logs/cosine/awc8/h40/lr-0.013-b1-0.9-b2-0.99/s44/request.json"",""environment.json"":""shared/environment-27eff0557a03c624908f962ac5d67beca8b17e182a5825118a6a3a15aeb894d2.json""}"
awc8-cosine-h40--0.013--0.9--0.999--s42,awc8,40,1517948.9530359327,1395110.1542347618,1290405.529568527,99.80089135901653,732.8743358830106,42.29233980178833,2580859,2026-09-17,"{""metrics.jsonl"":""logs/cosine/awc8/h40/lr-0.013-b1-0.9-b2-0.999/s42/metrics.jsonl"",""result.json"":""logs/cosine/awc8/h40/lr-0.013-b1-0.9-b2-0.999/s42/result.json"",""resolved.yaml"":""logs/cosine/awc8/h40/lr-0.013-b1-0.9-b2-0.999/s42/resolved.yaml"",""receipt.json"":""logs/cosine/awc8/h40/lr-0.013-b1-0.9-b2-0.999/s42/receipt.json"",""request.json"":""logs/cosine/awc8/h40/lr-0.013-b1-0.9-b2-0.999/s42/request.json"",""environment.json"":""shared/environment-6862b3af8207225d2da9de06c6c8661999a8ac97b79902bc9b3911a74487e66b.json""}"
awc8-cosine-h40--0.013--0.9--0.999--s43,awc8,40,1512521.5573291741,1390336.5217965664,1290085.3403361605,101.60726784399594,734.8579487969982,42.29233980178833,2580860,2026-09-17,"{""metrics.jsonl"":""logs/cosine/awc8/h40/lr-0.013-b1-0.9-b2-0.999/s43/metrics.jsonl"",""result.json"":""logs/cosine/awc8/h40/lr-0.013-b1-0.9-b2-0.999/s43/result.json"",""resolved.yaml"":""logs/cosine/awc8/h40/lr-0.013-b1-0.9-b2-0.999/s43/resolved.yaml"",""receipt.json"":""logs/cosine/awc8/h40/lr-0.013-b1-0.9-b2-0.999/s43/receipt.json"",""request.json"":""logs/cosine/awc8/h40/lr-0.013-b1-0.9-b2-0.999/s43/request.json"",""environment.json"":""shared/environment-b36995629ea7f0d456b73986c7a99e199c182c5793c173dc5728d1a8831cef3c.json""}"
awc8-cosine-h40--0.013--0.9--0.999--s44,awc8,40,1552825.8972159522,1503149.5751863688,1390079.712378976,100.16255411800012,687.385678315,42.29233980178833,2580861,2026-09-17,"{""metrics.jsonl"":""logs/cosine/awc8/h40/lr-0.013-b1-0.9-b2-0.999/s44/metrics.jsonl"",""result.json"":""logs/cosine/awc8/h40/lr-0.013-b1-0.9-b2-0.999/s44/result.json"",""resolved.yaml"":""logs/cosine/awc8/h40/lr-0.013-b1-0.9-b2-0.999/s44/resolved.yaml"",""receipt.json"":""logs/cosine/awc8/h40/lr-0.013-b1-0.9-b2-0.999/s44/receipt.json"",""request.json"":""logs/cosine/awc8/h40/lr-0.013-b1-0.9-b2-0.999/s44/request.json"",""environment.json"":""shared/environment-272d5f33d27bebc61840626e5f532fe593851ceb43d026d185bef515aacac22f.json""}"
awc8-cosine-h40--0.013--0.95--0.99--s42,awc8,40,1527318.2679365533,1403768.3777863372,1305165.8494505128,98.73739028100044,724.6358570209995,42.29233980178833,2581253,2026-09-17,"{""metrics.jsonl"":""logs/cosine/awc8/h40/lr-0.013-b1-0.95-b2-0.99/s42/metrics.jsonl"",""result.json"":""logs/cosine/awc8/h40/lr-0.013-b1-0.95-b2-0.99/s42/result.json"",""resolved.yaml"":""logs/cosine/awc8/h40/lr-0.013-b1-0.95-b2-0.99/s42/resolved.yaml"",""receipt.json"":""logs/cosine/awc8/h40/lr-0.013-b1-0.95-b2-0.99/s42/receipt.json"",""request.json"":""logs/cosine/awc8/h40/lr-0.013-b1-0.95-b2-0.99/s42/request.json"",""environment.json"":""shared/environment-2488cb1ff3dfa2e4cfd38148bce635b2226394d9c364d8dce0f8740bdfe013e5.json""}"
awc8-cosine-h40--0.013--0.95--0.99--s43,awc8,40,1507780.2664975876,1387086.0061957834,1288269.7542801308,102.12181048399998,736.227591373,42.29233980178833,2581254,2026-09-17,"{""metrics.jsonl"":""logs/cosine/awc8/h40/lr-0.013-b1-0.95-b2-0.99/s43/metrics.jsonl"",""result.json"":""logs/cosine/awc8/h40/lr-0.013-b1-0.95-b2-0.99/s43/result.json"",""resolved.yaml"":""logs/cosine/awc8/h40/lr-0.013-b1-0.95-b2-0.99/s43/resolved.yaml"",""receipt.json"":""logs/cosine/awc8/h40/lr-0.013-b1-0.95-b2-0.99/s43/receipt.json"",""request.json"":""logs/cosine/awc8/h40/lr-0.013-b1-0.95-b2-0.99/s43/request.json"",""environment.json"":""shared/environment-b2f98ea9df5b4c98b1e72983f2a5d909c88ac680265ffdb433c49118c36dfce8.json""}"
awc8-cosine-h40--0.013--0.95--0.99--s44,awc8,40,1503066.9817199947,1453817.2659991577,1347334.0847635907,99.1969601830001,705.050440868,42.29233980178833,2581257,2026-09-17,"{""metrics.jsonl"":""logs/cosine/awc8/h40/lr-0.013-b1-0.95-b2-0.99/s44/metrics.jsonl"",""result.json"":""logs/cosine/awc8/h40/lr-0.013-b1-0.95-b2-0.99/s44/result.json"",""resolved.yaml"":""logs/cosine/awc8/h40/lr-0.013-b1-0.95-b2-0.99/s44/resolved.yaml"",""receipt.json"":""logs/cosine/awc8/h40/lr-0.013-b1-0.95-b2-0.99/s44/receipt.json"",""request.json"":""logs/cosine/awc8/h40/lr-0.013-b1-0.95-b2-0.99/s44/request.json"",""environment.json"":""shared/environment-6468d0a95a24f8ffa8edef79b9168f78bddba398a74eff7a91e94e5915df20e5.json""}"
awc8-cosine-h40--0.013--0.95--0.999--s42,awc8,40,1553367.2196025404,1425954.0513723001,1323179.4747688943,100.22630193999976,717.527001385999,42.29233980178833,2581262,2026-09-17,"{""metrics.jsonl"":""logs/cosine/awc8/h40/lr-0.013-b1-0.95-b2-0.999/s42/metrics.jsonl"",""result.json"":""logs/cosine/awc8/h40/lr-0.013-b1-0.95-b2-0.999/s42/result.json"",""resolved.yaml"":""logs/cosine/awc8/h40/lr-0.013-b1-0.95-b2-0.999/s42/resolved.yaml"",""receipt.json"":""logs/cosine/awc8/h40/lr-0.013-b1-0.95-b2-0.999/s42/receipt.json"",""request.json"":""logs/cosine/awc8/h40/lr-0.013-b1-0.95-b2-0.999/s42/request.json"",""environment.json"":""shared/environment-d6b957306a2465f45196d8f7e1ff2d0fcb4113d43a9c17a0ae310e1f19e38cff.json""}"
awc8-cosine-h40--0.013--0.95--0.999--s43,awc8,40,1509608.7503940435,1463186.530049137,1354441.4599819246,100.07262539400836,702.7279966030037,42.29233980178833,2581263,2026-09-17,"{""metrics.jsonl"":""logs/cosine/awc8/h40/lr-0.013-b1-0.95-b2-0.999/s43/metrics.jsonl"",""result.json"":""logs/cosine/awc8/h40/lr-0.013-b1-0.95-b2-0.999/s43/result.json"",""resolved.yaml"":""logs/cosine/awc8/h40/lr-0.013-b1-0.95-b2-0.999/s43/resolved.yaml"",""receipt.json"":""logs/cosine/awc8/h40/lr-0.013-b1-0.95-b2-0.999/s43/receipt.json"",""request.json"":""logs/cosine/awc8/h40/lr-0.013-b1-0.95-b2-0.999/s43/request.json"",""environment.json"":""shared/environment-caa02d042c72d661dbb2a2f538d6ae8620a3205445b139766ce63370d74df57b.json""}"
awc8-cosine-h40--0.013--0.95--0.999--s44,awc8,40,1490029.6880369831,1372089.2630989049,1274973.2735408416,100.90916600701166,741.6138523459958,42.29233980178833,2581264,2026-09-17,"{""metrics.jsonl"":""logs/cosine/awc8/h40/lr-0.013-b1-0.95-b2-0.999/s44/metrics.jsonl"",""result.json"":""logs/cosine/awc8/h40/lr-0.013-b1-0.95-b2-0.999/s44/result.json"",""resolved.yaml"":""logs/cosine/awc8/h40/lr-0.013-b1-0.95-b2-0.999/s44/resolved.yaml"",""receipt.json"":""logs/cosine/awc8/h40/lr-0.013-b1-0.95-b2-0.999/s44/receipt.json"",""request.json"":""logs/cosine/awc8/h40/lr-0.013-b1-0.95-b2-0.999/s44/request.json"",""environment.json"":""shared/environment-094a1521e08b4f117267081f4d63da95b8f0487c43958681c56444e3acf54094.json""}"
awc8-cosine-h40--0.013--0.974--0.99--s42,awc8,40,1496608.006360031,1427936.453312584,1324243.958700447,100.47705563600175,717.4123114380054,42.29233980178833,2581291,2026-09-17,"{""metrics.jsonl"":""logs/cosine/awc8/h40/lr-0.013-b1-0.974-b2-0.99/s42/metrics.jsonl"",""result.json"":""logs/cosine/awc8/h40/lr-0.013-b1-0.974-b2-0.99/s42/result.json"",""resolved.yaml"":""logs/cosine/awc8/h40/lr-0.013-b1-0.974-b2-0.99/s42/resolved.yaml"",""receipt.json"":""logs/cosine/awc8/h40/lr-0.013-b1-0.974-b2-0.99/s42/receipt.json"",""request.json"":""logs/cosine/awc8/h40/lr-0.013-b1-0.974-b2-0.99/s42/request.json"",""environment.json"":""shared/environment-a506578536470156fa7f1a058af3e441d6a4a37d9ea687640f833c499c06904a.json""}"
awc8-cosine-h40--0.013--0.974--0.99--s43,awc8,40,1536220.1125284974,1488863.1573285214,1376425.6032858463,101.55883084300012,694.5913361820003,42.29233980178833,2581293,2026-09-17,"{""metrics.jsonl"":""logs/cosine/awc8/h40/lr-0.013-b1-0.974-b2-0.99/s43/metrics.jsonl"",""result.json"":""logs/cosine/awc8/h40/lr-0.013-b1-0.974-b2-0.99/s43/result.json"",""resolved.yaml"":""logs/cosine/awc8/h40/lr-0.013-b1-0.974-b2-0.99/s43/resolved.yaml"",""receipt.json"":""logs/cosine/awc8/h40/lr-0.013-b1-0.974-b2-0.99/s43/receipt.json"",""request.json"":""logs/cosine/awc8/h40/lr-0.013-b1-0.974-b2-0.99/s43/request.json"",""environment.json"":""shared/environment-3aa26b68152956146e6b80b92bab125b9c770c0f3333f338debdf717648715df.json""}"
awc8-cosine-h40--0.013--0.974--0.99--s44,awc8,40,1521407.5691908335,1450945.8215660343,1344334.941601774,101.30182896001497,709.0086123599904,42.29233980178833,2581294,2026-09-17,"{""metrics.jsonl"":""logs/cosine/awc8/h40/lr-0.013-b1-0.974-b2-0.99/s44/metrics.jsonl"",""result.json"":""logs/cosine/awc8/h40/lr-0.013-b1-0.974-b2-0.99/s44/result.json"",""resolved.yaml"":""logs/cosine/awc8/h40/lr-0.013-b1-0.974-b2-0.99/s44/resolved.yaml"",""receipt.json"":""logs/cosine/awc8/h40/lr-0.013-b1-0.974-b2-0.99/s44/receipt.json"",""request.json"":""logs/cosine/awc8/h40/lr-0.013-b1-0.974-b2-0.99/s44/request.json"",""environment.json"":""shared/environment-be5340f11149fbc84876643bd5468609890f1b9d554f8665978a4798c437e84a.json""}"
awc8-cosine-h40--0.013--0.974--0.999--s42,awc8,40,1532339.8823577485,1481424.1672788893,1369488.5946579564,102.31864353200217,698.3703916710001,42.29233980178833,2581312,2026-09-17,"{""metrics.jsonl"":""logs/cosine/awc8/h40/lr-0.013-b1-0.974-b2-0.999/s42/metrics.jsonl"",""result.json"":""logs/cosine/awc8/h40/lr-0.013-b1-0.974-b2-0.999/s42/result.json"",""resolved.yaml"":""logs/cosine/awc8/h40/lr-0.013-b1-0.974-b2-0.999/s42/resolved.yaml"",""receipt.json"":""logs/cosine/awc8/h40/lr-0.013-b1-0.974-b2-0.999/s42/receipt.json"",""request.json"":""logs/cosine/awc8/h40/lr-0.013-b1-0.974-b2-0.999/s42/request.json"",""environment.json"":""shared/environment-c3a02e5f1ea40d3dc0ca1fafacb47933f0508fc87f43ae94d950b87c93b02a2c.json""}"
awc8-cosine-h40--0.013--0.974--0.999--s43,awc8,40,1524412.3680302997,1453127.452534538,1345412.2370936656,102.19646135999938,709.403962944998,42.29233980178833,2581314,2026-09-17,"{""metrics.jsonl"":""logs/cosine/awc8/h40/lr-0.013-b1-0.974-b2-0.999/s43/metrics.jsonl"",""result.json"":""logs/cosine/awc8/h40/lr-0.013-b1-0.974-b2-0.999/s43/result.json"",""resolved.yaml"":""logs/cosine/awc8/h40/lr-0.013-b1-0.974-b2-0.999/s43/resolved.yaml"",""receipt.json"":""logs/cosine/awc8/h40/lr-0.013-b1-0.974-b2-0.999/s43/receipt.json"",""request.json"":""logs/cosine/awc8/h40/lr-0.013-b1-0.974-b2-0.999/s43/request.json"",""environment.json"":""shared/environment-31fe63e0857483cf24eddd0deb2811c961211c0443cc5ea97827f915a0426079.json""}"
awc8-cosine-h40--0.013--0.974--0.999--s44,awc8,40,1546001.0644186141,1468269.97095328,1358743.7154152766,101.33572995100076,702.2105165049998,42.29233980178833,2581315,2026-09-17,"{""metrics.jsonl"":""logs/cosine/awc8/h40/lr-0.013-b1-0.974-b2-0.999/s44/metrics.jsonl"",""result.json"":""logs/cosine/awc8/h40/lr-0.013-b1-0.974-b2-0.999/s44/result.json"",""resolved.yaml"":""logs/cosine/awc8/h40/lr-0.013-b1-0.974-b2-0.999/s44/resolved.yaml"",""receipt.json"":""logs/cosine/awc8/h40/lr-0.013-b1-0.974-b2-0.999/s44/receipt.json"",""request.json"":""logs/cosine/awc8/h40/lr-0.013-b1-0.974-b2-0.999/s44/request.json"",""environment.json"":""shared/environment-48f967bcf1b7d9c5102a6a1646f4996571c0a7898d9d9c3cc3432c3bece879f8.json""}"
awc8-cosine-h40--0.014--0.9--0.99--s42,awc8,40,1574420.3696152882,1524661.8602831576,1404610.7807547136,100.43589378300021,681.5932455680013,42.29233980178833,2580856,2026-09-17,"{""metrics.jsonl"":""logs/cosine/awc8/h40/lr-0.014-b1-0.9-b2-0.99/s42/metrics.jsonl"",""result.json"":""logs/cosine/awc8/h40/lr-0.014-b1-0.9-b2-0.99/s42/result.json"",""resolved.yaml"":""logs/cosine/awc8/h40/lr-0.014-b1-0.9-b2-0.99/s42/resolved.yaml"",""receipt.json"":""logs/cosine/awc8/h40/lr-0.014-b1-0.9-b2-0.99/s42/receipt.json"",""request.json"":""logs/cosine/awc8/h40/lr-0.014-b1-0.9-b2-0.99/s42/request.json"",""environment.json"":""shared/environment-9c9585c534fd880089a76c50772fc7283abd1b2d5b9bc07c53ad4ae1ba6f6a44.json""}"
awc8-cosine-h40--0.014--0.9--0.99--s43,awc8,40,1535411.3292073496,1409383.2664965147,1305400.55758909,101.62215948000085,727.5377074499847,42.29233980178833,2580857,2026-09-17,"{""metrics.jsonl"":""logs/cosine/awc8/h40/lr-0.014-b1-0.9-b2-0.99/s43/metrics.jsonl"",""result.json"":""logs/cosine/awc8/h40/lr-0.014-b1-0.9-b2-0.99/s43/result.json"",""resolved.yaml"":""logs/cosine/awc8/h40/lr-0.014-b1-0.9-b2-0.99/s43/resolved.yaml"",""receipt.json"":""logs/cosine/awc8/h40/lr-0.014-b1-0.9-b2-0.99/s43/receipt.json"",""request.json"":""logs/cosine/awc8/h40/lr-0.014-b1-0.9-b2-0.99/s43/request.json"",""environment.json"":""shared/environment-96e635c7bbe504a8e507ea87d2c6ed13f009bdd4dc9311642bbe94ba52806105.json""}"
awc8-cosine-h40--0.014--0.9--0.99--s44,awc8,40,1522720.3112783886,1398753.8062558717,1298260.4609277255,101.5676747400139,730.9296696450037,42.29233980178833,2580858,2026-09-17,"{""metrics.jsonl"":""logs/cosine/awc8/h40/lr-0.014-b1-0.9-b2-0.99/s44/metrics.jsonl"",""result.json"":""logs/cosine/awc8/h40/lr-0.014-b1-0.9-b2-0.99/s44/result.json"",""resolved.yaml"":""logs/cosine/awc8/h40/lr-0.014-b1-0.9-b2-0.99/s44/resolved.yaml"",""receipt.json"":""logs/cosine/awc8/h40/lr-0.014-b1-0.9-b2-0.99/s44/receipt.json"",""request.json"":""logs/cosine/awc8/h40/lr-0.014-b1-0.9-b2-0.99/s44/request.json"",""environment.json"":""shared/environment-e0dfc0dcf3cc288a4004f29e2ffba66e54663eeab6052474055cbf77c3c29870.json""}"
awc8-cosine-h40--0.014--0.9--0.999--s42,awc8,40,1497070.136984612,1377030.689776657,1280371.7464837367,99.67213991598692,737.5601414770063,42.29233980178833,2580862,2026-09-17,"{""metrics.jsonl"":""logs/cosine/awc8/h40/lr-0.014-b1-0.9-b2-0.999/s42/metrics.jsonl"",""result.json"":""logs/cosine/awc8/h40/lr-0.014-b1-0.9-b2-0.999/s42/result.json"",""resolved.yaml"":""logs/cosine/awc8/h40/lr-0.014-b1-0.9-b2-0.999/s42/resolved.yaml"",""receipt.json"":""logs/cosine/awc8/h40/lr-0.014-b1-0.9-b2-0.999/s42/receipt.json"",""request.json"":""logs/cosine/awc8/h40/lr-0.014-b1-0.9-b2-0.999/s42/request.json"",""environment.json"":""shared/environment-65c299ca2e1052170592d3c196cf5e4b8932f28fdf2ca838fca3f0230f1e2639.json""}"
awc8-cosine-h40--0.014--0.9--0.999--s43,awc8,40,1543928.5923684891,1416471.1722663695,1313773.8509973008,101.0489702729974,722.751826310996,42.29233980178833,2580863,2026-09-17,"{""metrics.jsonl"":""logs/cosine/awc8/h40/lr-0.014-b1-0.9-b2-0.999/s43/metrics.jsonl"",""result.json"":""logs/cosine/awc8/h40/lr-0.014-b1-0.9-b2-0.999/s43/result.json"",""resolved.yaml"":""logs/cosine/awc8/h40/lr-0.014-b1-0.9-b2-0.999/s43/resolved.yaml"",""receipt.json"":""logs/cosine/awc8/h40/lr-0.014-b1-0.9-b2-0.999/s43/receipt.json"",""request.json"":""logs/cosine/awc8/h40/lr-0.014-b1-0.9-b2-0.999/s43/request.json"",""environment.json"":""shared/environment-925fdf89f8c1e64319652474253dcf4209138a365d3c686f67e71a612f0d3a11.json""}"
awc8-cosine-h40--0.014--0.9--0.999--s44,awc8,40,1492149.7318907669,1373158.8623403574,1276694.4038908698,101.1921877200075,741.1952460769971,42.29233980178833,2580864,2026-09-17,"{""metrics.jsonl"":""logs/cosine/awc8/h40/lr-0.014-b1-0.9-b2-0.999/s44/metrics.jsonl"",""result.json"":""logs/cosine/awc8/h40/lr-0.014-b1-0.9-b2-0.999/s44/result.json"",""resolved.yaml"":""logs/cosine/awc8/h40/lr-0.014-b1-0.9-b2-0.999/s44/resolved.yaml"",""receipt.json"":""logs/cosine/awc8/h40/lr-0.014-b1-0.9-b2-0.999/s44/receipt.json"",""request.json"":""logs/cosine/awc8/h40/lr-0.014-b1-0.9-b2-0.999/s44/request.json"",""environment.json"":""shared/environment-8a948641c72ed52c6a1d337c7d2259e4f605bb2d95e9cd124b3ac50970d780fa.json""}"
awc8-cosine-h40--0.014--0.95--0.99--s42,awc8,40,1483200.8115653645,1366178.4238150811,1271421.9168007025,100.23162173499986,742.637093559,42.29233980178833,2581258,2026-09-17,"{""metrics.jsonl"":""logs/cosine/awc8/h40/lr-0.014-b1-0.95-b2-0.99/s42/metrics.jsonl"",""result.json"":""logs/cosine/awc8/h40/lr-0.014-b1-0.95-b2-0.99/s42/result.json"",""resolved.yaml"":""logs/cosine/awc8/h40/lr-0.014-b1-0.95-b2-0.99/s42/resolved.yaml"",""receipt.json"":""logs/cosine/awc8/h40/lr-0.014-b1-0.95-b2-0.99/s42/receipt.json"",""request.json"":""logs/cosine/awc8/h40/lr-0.014-b1-0.95-b2-0.99/s42/request.json"",""environment.json"":""shared/environment-a6eb42b4cb2e5034353c69927742a64f45ac318e3d4df1ce12d5c3d0b3c09f35.json""}"
awc8-cosine-h40--0.014--0.95--0.99--s43,awc8,40,1524392.0180395287,1401286.4638500293,1301105.0966865132,101.40991130299972,729.1829417499998,42.29233980178833,2581259,2026-09-17,"{""metrics.jsonl"":""logs/cosine/awc8/h40/lr-0.014-b1-0.95-b2-0.99/s43/metrics.jsonl"",""result.json"":""logs/cosine/awc8/h40/lr-0.014-b1-0.95-b2-0.99/s43/result.json"",""resolved.yaml"":""logs/cosine/awc8/h40/lr-0.014-b1-0.95-b2-0.99/s43/resolved.yaml"",""receipt.json"":""logs/cosine/awc8/h40/lr-0.014-b1-0.95-b2-0.99/s43/receipt.json"",""request.json"":""logs/cosine/awc8/h40/lr-0.014-b1-0.95-b2-0.99/s43/request.json"",""environment.json"":""shared/environment-2e240af9fe91fd78e5cf503361330a762ee3b4e6b7f9ea2616e4186a9d302e10.json""}"
awc8-cosine-h40--0.014--0.95--0.99--s44,awc8,40,1538242.9314563004,1413168.158826812,1312041.847372207,100.12880201299959,722.6715682760005,42.29233980178833,2581261,2026-09-17,"{""metrics.jsonl"":""logs/cosine/awc8/h40/lr-0.014-b1-0.95-b2-0.99/s44/metrics.jsonl"",""result.json"":""logs/cosine/awc8/h40/lr-0.014-b1-0.95-b2-0.99/s44/result.json"",""resolved.yaml"":""logs/cosine/awc8/h40/lr-0.014-b1-0.95-b2-0.99/s44/resolved.yaml"",""receipt.json"":""logs/cosine/awc8/h40/lr-0.014-b1-0.95-b2-0.99/s44/receipt.json"",""request.json"":""logs/cosine/awc8/h40/lr-0.014-b1-0.95-b2-0.99/s44/request.json"",""environment.json"":""shared/environment-c0cd2f705b0e13b71a03268baf1545a980f547312adecf2c77ec5f1378567f8b.json""}"
awc8-cosine-h40--0.014--0.95--0.999--s42,awc8,40,1476720.646016576,1361272.8722078437,1265330.7526108816,103.32252474298002,748.917225895013,42.29233980178833,2581266,2026-09-17,"{""metrics.jsonl"":""logs/cosine/awc8/h40/lr-0.014-b1-0.95-b2-0.999/s42/metrics.jsonl"",""result.json"":""logs/cosine/awc8/h40/lr-0.014-b1-0.95-b2-0.999/s42/result.json"",""resolved.yaml"":""logs/cosine/awc8/h40/lr-0.014-b1-0.95-b2-0.999/s42/resolved.yaml"",""receipt.json"":""logs/cosine/awc8/h40/lr-0.014-b1-0.95-b2-0.999/s42/receipt.json"",""request.json"":""logs/cosine/awc8/h40/lr-0.014-b1-0.95-b2-0.999/s42/request.json"",""environment.json"":""shared/environment-47aea8b39e53f4f0900dae4cd089993a9d2b33b9ed3c52d49bc236f77e6821a2.json""}"
awc8-cosine-h40--0.014--0.95--0.999--s43,awc8,40,1496005.4492748524,1376872.821009493,1279923.2767345582,100.88532268497511,739.0317458419886,42.29233980178833,2581269,2026-09-17,"{""metrics.jsonl"":""logs/cosine/awc8/h40/lr-0.014-b1-0.95-b2-0.999/s43/metrics.jsonl"",""result.json"":""logs/cosine/awc8/h40/lr-0.014-b1-0.95-b2-0.999/s43/result.json"",""resolved.yaml"":""logs/cosine/awc8/h40/lr-0.014-b1-0.95-b2-0.999/s43/resolved.yaml"",""receipt.json"":""logs/cosine/awc8/h40/lr-0.014-b1-0.95-b2-0.999/s43/receipt.json"",""request.json"":""logs/cosine/awc8/h40/lr-0.014-b1-0.95-b2-0.999/s43/request.json"",""environment.json"":""shared/environment-08264d20d5edca574b00675cc706d006c7c89a715d363f29d9acf28d147d9368.json""}"
awc8-cosine-h40--0.014--0.95--0.999--s44,awc8,40,1518755.4656735454,1471839.751360952,1361338.0609540315,99.41685855700052,699.0218803260068,42.29233980178833,2581270,2026-09-17,"{""metrics.jsonl"":""logs/cosine/awc8/h40/lr-0.014-b1-0.95-b2-0.999/s44/metrics.jsonl"",""result.json"":""logs/cosine/awc8/h40/lr-0.014-b1-0.95-b2-0.999/s44/result.json"",""resolved.yaml"":""logs/cosine/awc8/h40/lr-0.014-b1-0.95-b2-0.999/s44/resolved.yaml"",""receipt.json"":""logs/cosine/awc8/h40/lr-0.014-b1-0.95-b2-0.999/s44/receipt.json"",""request.json"":""logs/cosine/awc8/h40/lr-0.014-b1-0.95-b2-0.999/s44/request.json"",""environment.json"":""shared/environment-d9627c5d90d985f84fc425cb44a49060919aece8703bffbdd8dbe5ef1945bdff.json""}"
awc8-cosine-h40--0.014--0.974--0.99--s42,awc8,40,1541773.027560926,1466547.1190428254,1356661.2469503204,100.35942198899284,702.240134540014,42.29233980178833,2581295,2026-09-17,"{""metrics.jsonl"":""logs/cosine/awc8/h40/lr-0.014-b1-0.974-b2-0.99/s42/metrics.jsonl"",""result.json"":""logs/cosine/awc8/h40/lr-0.014-b1-0.974-b2-0.99/s42/result.json"",""resolved.yaml"":""logs/cosine/awc8/h40/lr-0.014-b1-0.974-b2-0.99/s42/resolved.yaml"",""receipt.json"":""logs/cosine/awc8/h40/lr-0.014-b1-0.974-b2-0.99/s42/receipt.json"",""request.json"":""logs/cosine/awc8/h40/lr-0.014-b1-0.974-b2-0.99/s42/request.json"",""environment.json"":""shared/environment-70932f2fca8e65dc6b7b9db69ebfcbba568228f02f797d2a04db71120aae08df.json""}"
awc8-cosine-h40--0.014--0.974--0.99--s43,awc8,40,1532590.1637397741,1460008.1227307941,1351692.2942384114,101.49962967500323,705.8951117410033,42.29233980178833,2581296,2026-09-17,"{""metrics.jsonl"":""logs/cosine/awc8/h40/lr-0.014-b1-0.974-b2-0.99/s43/metrics.jsonl"",""result.json"":""logs/cosine/awc8/h40/lr-0.014-b1-0.974-b2-0.99/s43/result.json"",""resolved.yaml"":""logs/cosine/awc8/h40/lr-0.014-b1-0.974-b2-0.99/s43/resolved.yaml"",""receipt.json"":""logs/cosine/awc8/h40/lr-0.014-b1-0.974-b2-0.99/s43/receipt.json"",""request.json"":""logs/cosine/awc8/h40/lr-0.014-b1-0.974-b2-0.99/s43/request.json"",""environment.json"":""shared/environment-55d3f0dddac87074cefd542f2c19e6cf5682dfb4aeeb648056aec52c87e46a20.json""}"
awc8-cosine-h40--0.014--0.974--0.99--s44,awc8,40,1509779.6231246064,1456912.0744558978,1350329.5318467976,99.5695158219969,704.0674278430015,42.29233980178833,2581297,2026-09-17,"{""metrics.jsonl"":""logs/cosine/awc8/h40/lr-0.014-b1-0.974-b2-0.99/s44/metrics.jsonl"",""result.json"":""logs/cosine/awc8/h40/lr-0.014-b1-0.974-b2-0.99/s44/result.json"",""resolved.yaml"":""logs/cosine/awc8/h40/lr-0.014-b1-0.974-b2-0.99/s44/resolved.yaml"",""receipt.json"":""logs/cosine/awc8/h40/lr-0.014-b1-0.974-b2-0.99/s44/receipt.json"",""request.json"":""logs/cosine/awc8/h40/lr-0.014-b1-0.974-b2-0.99/s44/request.json"",""environment.json"":""shared/environment-9bb760997f17f1e4c3969e5081961c521d23ab9e8fa492448f9c0de25d70ee43.json""}"
awc8-cosine-h40--0.014--0.974--0.999--s42,awc8,40,1546786.0563663028,1473612.8967453958,1364001.875661397,101.13888138301263,700.1053455939982,42.29233980178833,2581316,2026-09-17,"{""metrics.jsonl"":""logs/cosine/awc8/h40/lr-0.014-b1-0.974-b2-0.999/s42/metrics.jsonl"",""result.json"":""logs/cosine/awc8/h40/lr-0.014-b1-0.974-b2-0.999/s42/result.json"",""resolved.yaml"":""logs/cosine/awc8/h40/lr-0.014-b1-0.974-b2-0.999/s42/resolved.yaml"",""receipt.json"":""logs/cosine/awc8/h40/lr-0.014-b1-0.974-b2-0.999/s42/receipt.json"",""request.json"":""logs/cosine/awc8/h40/lr-0.014-b1-0.974-b2-0.999/s42/request.json"",""environment.json"":""shared/environment-225fda6d2cff00ba8d2028932b322d7a76f75962cb057eb61168ed6945245161.json""}"
awc8-cosine-h40--0.014--0.974--0.999--s43,awc8,40,1497811.158830028,1429182.0457273817,1325965.6365567783,100.15768376499182,716.2971162689792,42.29233980178833,2581317,2026-09-17,"{""metrics.jsonl"":""logs/cosine/awc8/h40/lr-0.014-b1-0.974-b2-0.999/s43/metrics.jsonl"",""result.json"":""logs/cosine/awc8/h40/lr-0.014-b1-0.974-b2-0.999/s43/result.json"",""resolved.yaml"":""logs/cosine/awc8/h40/lr-0.014-b1-0.974-b2-0.999/s43/resolved.yaml"",""receipt.json"":""logs/cosine/awc8/h40/lr-0.014-b1-0.974-b2-0.999/s43/receipt.json"",""request.json"":""logs/cosine/awc8/h40/lr-0.014-b1-0.974-b2-0.999/s43/request.json"",""environment.json"":""shared/environment-15e3ed82ee45e64c4ca40d38ddd4601fcfab7f958518101b546a19c9d8344eee.json""}"
awc8-cosine-h40--0.014--0.974--0.999--s44,awc8,40,1508373.6286236169,1437958.567752804,1331457.9620667906,103.19475739399786,716.7942071300058,42.29233980178833,2581318,2026-09-17,"{""metrics.jsonl"":""logs/cosine/awc8/h40/lr-0.014-b1-0.974-b2-0.999/s44/metrics.jsonl"",""result.json"":""logs/cosine/awc8/h40/lr-0.014-b1-0.974-b2-0.999/s44/result.json"",""resolved.yaml"":""logs/cosine/awc8/h40/lr-0.014-b1-0.974-b2-0.999/s44/resolved.yaml"",""receipt.json"":""logs/cosine/awc8/h40/lr-0.014-b1-0.974-b2-0.999/s44/receipt.json"",""request.json"":""logs/cosine/awc8/h40/lr-0.014-b1-0.974-b2-0.999/s44/request.json"",""environment.json"":""shared/environment-d1d26a49fc48af796ebaf1cb1b3d17798803a5e79162bd2cd695a242142dc518.json""}"
sync-cosine-h40--0.004--0.9--0.98--s42,sync,40,1745450.1280025146,1678614.0372925403,1533431.5345131995,101.06195148600091,633.387231910001,39.47825336456299,2548202,2026-09-16,"{""metrics.jsonl"":""logs/cosine/sync/h40/lr-0.004-b1-0.9-b2-0.98/s42/metrics.jsonl"",""result.json"":""logs/cosine/sync/h40/lr-0.004-b1-0.9-b2-0.98/s42/result.json"",""resolved.yaml"":""logs/cosine/sync/h40/lr-0.004-b1-0.9-b2-0.98/s42/resolved.yaml"",""receipt.json"":""logs/cosine/sync/h40/lr-0.004-b1-0.9-b2-0.98/s42/receipt.json"",""request.json"":""logs/cosine/sync/h40/lr-0.004-b1-0.9-b2-0.98/s42/request.json"",""environment.json"":""shared/environment-a2c1f3ac1fec4d7d1bdeee1efe75eae8d68124e84e4f7a73e7386f4c954bdd28.json""}"
sync-cosine-h40--0.004--0.9--0.98--s43,sync,40,1775547.2688243669,1701108.991417354,1556319.3479329352,100.16602838299877,624.6528323099992,39.47825336456299,2548206,2026-09-16,"{""metrics.jsonl"":""logs/cosine/sync/h40/lr-0.004-b1-0.9-b2-0.98/s43/metrics.jsonl"",""result.json"":""logs/cosine/sync/h40/lr-0.004-b1-0.9-b2-0.98/s43/result.json"",""resolved.yaml"":""logs/cosine/sync/h40/lr-0.004-b1-0.9-b2-0.98/s43/resolved.yaml"",""receipt.json"":""logs/cosine/sync/h40/lr-0.004-b1-0.9-b2-0.98/s43/receipt.json"",""request.json"":""logs/cosine/sync/h40/lr-0.004-b1-0.9-b2-0.98/s43/request.json"",""environment.json"":""shared/environment-80716a28cfdb4fc8e57a8c30d7048054202736a2a619e876345ff1875e934834.json""}"
sync-cosine-h40--0.004--0.9--0.98--s44,sync,40,1766702.2972461458,1699424.7554900695,1554025.2728151737,99.90075701099704,625.1643719870044,39.47825336456299,2548210,2026-09-16,"{""metrics.jsonl"":""logs/cosine/sync/h40/lr-0.004-b1-0.9-b2-0.98/s44/metrics.jsonl"",""result.json"":""logs/cosine/sync/h40/lr-0.004-b1-0.9-b2-0.98/s44/result.json"",""resolved.yaml"":""logs/cosine/sync/h40/lr-0.004-b1-0.9-b2-0.98/s44/resolved.yaml"",""receipt.json"":""logs/cosine/sync/h40/lr-0.004-b1-0.9-b2-0.98/s44/receipt.json"",""request.json"":""logs/cosine/sync/h40/lr-0.004-b1-0.9-b2-0.98/s44/request.json"",""environment.json"":""shared/environment-cb3e8a580ed07a7fd25bbde517f72f86b01a83c70dc4b13df51170d5cf738a3c.json""}"
sync-cosine-h40--0.004--0.9--0.99--s42,sync,40,1758261.7752683864,1695105.6197647608,1551493.3242438505,99.83626136900057,625.9519863040005,39.47825336456299,2550221,2026-09-16,"{""metrics.jsonl"":""logs/cosine/sync/h40/lr-0.004-b1-0.9-b2-0.99/s42/metrics.jsonl"",""result.json"":""logs/cosine/sync/h40/lr-0.004-b1-0.9-b2-0.99/s42/result.json"",""resolved.yaml"":""logs/cosine/sync/h40/lr-0.004-b1-0.9-b2-0.99/s42/resolved.yaml"",""receipt.json"":""logs/cosine/sync/h40/lr-0.004-b1-0.9-b2-0.99/s42/receipt.json"",""request.json"":""logs/cosine/sync/h40/lr-0.004-b1-0.9-b2-0.99/s42/request.json"",""environment.json"":""shared/environment-3a5cea9ff0ac95e0c01f3f65e9687d9b5c2948f28c51fd301e22ef5d9f461e95.json""}"
sync-cosine-h40--0.004--0.9--0.99--s43,sync,40,1741798.372468777,1564247.6537585938,1439466.7306202354,101.45614228900013,669.0770331330023,39.47825336456299,2550222,2026-09-16,"{""metrics.jsonl"":""logs/cosine/sync/h40/lr-0.004-b1-0.9-b2-0.99/s43/metrics.jsonl"",""result.json"":""logs/cosine/sync/h40/lr-0.004-b1-0.9-b2-0.99/s43/result.json"",""resolved.yaml"":""logs/cosine/sync/h40/lr-0.004-b1-0.9-b2-0.99/s43/resolved.yaml"",""receipt.json"":""logs/cosine/sync/h40/lr-0.004-b1-0.9-b2-0.99/s43/receipt.json"",""request.json"":""logs/cosine/sync/h40/lr-0.004-b1-0.9-b2-0.99/s43/request.json"",""environment.json"":""shared/environment-2980965b77673f6e3c8575cdcf859c34b026ec276b7f6f55fc440ce29a15ec86.json""}"
sync-cosine-h40--0.004--0.9--0.99--s44,sync,40,1781725.6671189358,1596361.95107657,1467477.8668624617,99.57385021400114,656.329219421008,39.47825336456299,2550223,2026-09-16,"{""metrics.jsonl"":""logs/cosine/sync/h40/lr-0.004-b1-0.9-b2-0.99/s44/metrics.jsonl"",""result.json"":""logs/cosine/sync/h40/lr-0.004-b1-0.9-b2-0.99/s44/result.json"",""resolved.yaml"":""logs/cosine/sync/h40/lr-0.004-b1-0.9-b2-0.99/s44/resolved.yaml"",""receipt.json"":""logs/cosine/sync/h40/lr-0.004-b1-0.9-b2-0.99/s44/receipt.json"",""request.json"":""logs/cosine/sync/h40/lr-0.004-b1-0.9-b2-0.99/s44/request.json"",""environment.json"":""shared/environment-7c0b75ce1b3d0f015f0c337955b47f53d15ce208ccf66852243e8922fb9f5876.json""}"
sync-cosine-h40--0.004--0.9--0.999--s42,sync,40,1721912.27941858,1553250.0100705877,1428962.8444372714,101.83338029200968,673.6877455089998,39.47825336456299,2550311,2026-09-16,"{""metrics.jsonl"":""logs/cosine/sync/h40/lr-0.004-b1-0.9-b2-0.999/s42/metrics.jsonl"",""result.json"":""logs/cosine/sync/h40/lr-0.004-b1-0.9-b2-0.999/s42/result.json"",""resolved.yaml"":""logs/cosine/sync/h40/lr-0.004-b1-0.9-b2-0.999/s42/resolved.yaml"",""receipt.json"":""logs/cosine/sync/h40/lr-0.004-b1-0.9-b2-0.999/s42/receipt.json"",""request.json"":""logs/cosine/sync/h40/lr-0.004-b1-0.9-b2-0.999/s42/request.json"",""environment.json"":""shared/environment-4387ced843b4027a6d0baa3ea83e4ec16d71523927e408f958104ef7fc44d683.json""}"
sync-cosine-h40--0.004--0.9--0.999--s43,sync,40,1741678.4345128231,1678673.4114143054,1510364.5943405947,101.58712838700012,642.0477597630015,39.47825336456299,2550312,2026-09-16,"{""metrics.jsonl"":""logs/cosine/sync/h40/lr-0.004-b1-0.9-b2-0.999/s43/metrics.jsonl"",""result.json"":""logs/cosine/sync/h40/lr-0.004-b1-0.9-b2-0.999/s43/result.json"",""resolved.yaml"":""logs/cosine/sync/h40/lr-0.004-b1-0.9-b2-0.999/s43/resolved.yaml"",""receipt.json"":""logs/cosine/sync/h40/lr-0.004-b1-0.9-b2-0.999/s43/receipt.json"",""request.json"":""logs/cosine/sync/h40/lr-0.004-b1-0.9-b2-0.999/s43/request.json"",""environment.json"":""shared/environment-3488b993933975b2bac5bcae003765ca33e68bb18aec3f8900d1c5721bf2d8c8.json""}"
sync-cosine-h40--0.004--0.9--0.999--s44,sync,40,1754456.5367572978,1595027.9086017597,1466113.29169962,100.69591950000904,657.8821767899935,39.47825336456299,2550313,2026-09-16,"{""metrics.jsonl"":""logs/cosine/sync/h40/lr-0.004-b1-0.9-b2-0.999/s44/metrics.jsonl"",""result.json"":""logs/cosine/sync/h40/lr-0.004-b1-0.9-b2-0.999/s44/result.json"",""resolved.yaml"":""logs/cosine/sync/h40/lr-0.004-b1-0.9-b2-0.999/s44/resolved.yaml"",""receipt.json"":""logs/cosine/sync/h40/lr-0.004-b1-0.9-b2-0.999/s44/receipt.json"",""request.json"":""logs/cosine/sync/h40/lr-0.004-b1-0.9-b2-0.999/s44/request.json"",""environment.json"":""shared/environment-5810ad6ceb1da3eefb83141525ee959a9fbd9a5d6279bc940cfd93324f006ce7.json""}"
sync-cosine-h40--0.005--0.9--0.98--s42,sync,40,1763781.4052449034,1695498.4400903743,1542235.3679300572,100.52463598299073,629.8058757809922,39.47825336456299,2548938,2026-09-16,"{""metrics.jsonl"":""logs/cosine/sync/h40/lr-0.005-b1-0.9-b2-0.98/s42/metrics.jsonl"",""result.json"":""logs/cosine/sync/h40/lr-0.005-b1-0.9-b2-0.98/s42/result.json"",""resolved.yaml"":""logs/cosine/sync/h40/lr-0.005-b1-0.9-b2-0.98/s42/resolved.yaml"",""receipt.json"":""logs/cosine/sync/h40/lr-0.005-b1-0.9-b2-0.98/s42/receipt.json"",""request.json"":""logs/cosine/sync/h40/lr-0.005-b1-0.9-b2-0.98/s42/request.json"",""environment.json"":""shared/environment-b27c381ae17fbdd38c99752572ac6c1b2b97a3f4ef430048d3f84f97d529b3c2.json""}"
sync-cosine-h40--0.005--0.9--0.98--s43,sync,40,1749766.1715348759,1684809.5139372055,1541369.3210070138,101.30900513000233,630.8881039440021,39.47825336456299,2548939,2026-09-16,"{""metrics.jsonl"":""logs/cosine/sync/h40/lr-0.005-b1-0.9-b2-0.98/s43/metrics.jsonl"",""result.json"":""logs/cosine/sync/h40/lr-0.005-b1-0.9-b2-0.98/s43/result.json"",""resolved.yaml"":""logs/cosine/sync/h40/lr-0.005-b1-0.9-b2-0.98/s43/resolved.yaml"",""receipt.json"":""logs/cosine/sync/h40/lr-0.005-b1-0.9-b2-0.98/s43/receipt.json"",""request.json"":""logs/cosine/sync/h40/lr-0.005-b1-0.9-b2-0.98/s43/request.json"",""environment.json"":""shared/environment-1db687b545f62d06ae75fb3294021f0651da83f244991f69588938e12e17040d.json""}"
sync-cosine-h40--0.005--0.9--0.98--s44,sync,40,1747784.2157563642,1585068.2976059318,1456554.370658116,101.7733349379996,662.6562371230102,39.47825336456299,2548940,2026-09-16,"{""metrics.jsonl"":""logs/cosine/sync/h40/lr-0.005-b1-0.9-b2-0.98/s44/metrics.jsonl"",""result.json"":""logs/cosine/sync/h40/lr-0.005-b1-0.9-b2-0.98/s44/result.json"",""resolved.yaml"":""logs/cosine/sync/h40/lr-0.005-b1-0.9-b2-0.98/s44/resolved.yaml"",""receipt.json"":""logs/cosine/sync/h40/lr-0.005-b1-0.9-b2-0.98/s44/receipt.json"",""request.json"":""logs/cosine/sync/h40/lr-0.005-b1-0.9-b2-0.98/s44/request.json"",""environment.json"":""shared/environment-83f92525464d778e97d734a570d08975c86e9b680a7796180eb244825568c9fc.json""}"
sync-cosine-h40--0.005--0.9--0.99--s42,sync,40,1774406.9358014993,1708734.878690836,1562024.5130009663,100.01252773299348,622.6162907260004,39.47825336456299,2550224,2026-09-16,"{""metrics.jsonl"":""logs/cosine/sync/h40/lr-0.005-b1-0.9-b2-0.99/s42/metrics.jsonl"",""result.json"":""logs/cosine/sync/h40/lr-0.005-b1-0.9-b2-0.99/s42/result.json"",""resolved.yaml"":""logs/cosine/sync/h40/lr-0.005-b1-0.9-b2-0.99/s42/resolved.yaml"",""receipt.json"":""logs/cosine/sync/h40/lr-0.005-b1-0.9-b2-0.99/s42/receipt.json"",""request.json"":""logs/cosine/sync/h40/lr-0.005-b1-0.9-b2-0.99/s42/request.json"",""environment.json"":""shared/environment-327f8c2eed0e760f3e8ebfcafb446425e86bbc839c9367a977d708c5fa208671.json""}"
sync-cosine-h40--0.005--0.9--0.99--s43,sync,40,1745783.5770441757,1567581.9625536234,1439865.7875211656,101.24929247199907,668.700423399001,39.47825336456299,2550225,2026-09-16,"{""metrics.jsonl"":""logs/cosine/sync/h40/lr-0.005-b1-0.9-b2-0.99/s43/metrics.jsonl"",""result.json"":""logs/cosine/sync/h40/lr-0.005-b1-0.9-b2-0.99/s43/result.json"",""resolved.yaml"":""logs/cosine/sync/h40/lr-0.005-b1-0.9-b2-0.99/s43/resolved.yaml"",""receipt.json"":""logs/cosine/sync/h40/lr-0.005-b1-0.9-b2-0.99/s43/receipt.json"",""request.json"":""logs/cosine/sync/h40/lr-0.005-b1-0.9-b2-0.99/s43/request.json"",""environment.json"":""shared/environment-a68675e4052af988b1076786c1768b70eb55deb42931abbef64d5eeda192cad7.json""}"
sync-cosine-h40--0.005--0.9--0.99--s44,sync,40,1769472.0466862747,1704860.639913224,1559079.2030650682,100.22283441900072,623.7788817039982,39.47825336456299,2550226,2026-09-16,"{""metrics.jsonl"":""logs/cosine/sync/h40/lr-0.005-b1-0.9-b2-0.99/s44/metrics.jsonl"",""result.json"":""logs/cosine/sync/h40/lr-0.005-b1-0.9-b2-0.99/s44/result.json"",""resolved.yaml"":""logs/cosine/sync/h40/lr-0.005-b1-0.9-b2-0.99/s44/resolved.yaml"",""receipt.json"":""logs/cosine/sync/h40/lr-0.005-b1-0.9-b2-0.99/s44/receipt.json"",""request.json"":""logs/cosine/sync/h40/lr-0.005-b1-0.9-b2-0.99/s44/request.json"",""environment.json"":""shared/environment-76a5d862c2712980703d89e75331c856d71b4dca30b1df7a240ec90837645ea5.json""}"
sync-cosine-h40--0.005--0.9--0.999--s42,sync,40,1764762.9335790693,1586502.2597020047,1458530.6351266424,100.82570888499322,660.9658781430044,39.47825336456299,2550314,2026-09-16,"{""metrics.jsonl"":""logs/cosine/sync/h40/lr-0.005-b1-0.9-b2-0.999/s42/metrics.jsonl"",""result.json"":""logs/cosine/sync/h40/lr-0.005-b1-0.9-b2-0.999/s42/result.json"",""resolved.yaml"":""logs/cosine/sync/h40/lr-0.005-b1-0.9-b2-0.999/s42/resolved.yaml"",""receipt.json"":""logs/cosine/sync/h40/lr-0.005-b1-0.9-b2-0.999/s42/receipt.json"",""request.json"":""logs/cosine/sync/h40/lr-0.005-b1-0.9-b2-0.999/s42/request.json"",""environment.json"":""shared/environment-a88226d14b96f1f7941a12f6f48f1e1648866d0c1578a47b8cfad87141b1379b.json""}"
sync-cosine-h40--0.005--0.9--0.999--s43,sync,40,1764668.963544921,1586346.5290530152,1458555.8900810543,100.51933461800218,660.659422458004,39.47825336456299,2550315,2026-09-16,"{""metrics.jsonl"":""logs/cosine/sync/h40/lr-0.005-b1-0.9-b2-0.999/s43/metrics.jsonl"",""result.json"":""logs/cosine/sync/h40/lr-0.005-b1-0.9-b2-0.999/s43/result.json"",""resolved.yaml"":""logs/cosine/sync/h40/lr-0.005-b1-0.9-b2-0.999/s43/resolved.yaml"",""receipt.json"":""logs/cosine/sync/h40/lr-0.005-b1-0.9-b2-0.999/s43/receipt.json"",""request.json"":""logs/cosine/sync/h40/lr-0.005-b1-0.9-b2-0.999/s43/request.json"",""environment.json"":""shared/environment-963741a34343dafa950d3fe93b9f8740cc3008c04565aaa5b40b9229e41c73de.json""}"
sync-cosine-h40--0.005--0.9--0.999--s44,sync,40,1747333.457636409,1678669.8265988026,1534727.1418267766,100.5021735190021,632.3782313150004,39.47825336456299,2550437,2026-09-16,"{""metrics.jsonl"":""logs/cosine/sync/h40/lr-0.005-b1-0.9-b2-0.999/s44/metrics.jsonl"",""result.json"":""logs/cosine/sync/h40/lr-0.005-b1-0.9-b2-0.999/s44/result.json"",""resolved.yaml"":""logs/cosine/sync/h40/lr-0.005-b1-0.9-b2-0.999/s44/resolved.yaml"",""receipt.json"":""logs/cosine/sync/h40/lr-0.005-b1-0.9-b2-0.999/s44/receipt.json"",""request.json"":""logs/cosine/sync/h40/lr-0.005-b1-0.9-b2-0.999/s44/request.json"",""environment.json"":""shared/environment-265fb26bf2e03dba49c7a060733abb41bc047f963de52efdc68b41ebe4432231.json""}"
sync-cosine-h40--0.006--0.9--0.98--s42,sync,40,1736243.6383543536,1669442.2727824918,1514774.8592392232,101.44587097699696,640.3311352870078,39.47825336456299,2548941,2026-09-16,"{""metrics.jsonl"":""logs/cosine/sync/h40/lr-0.006-b1-0.9-b2-0.98/s42/metrics.jsonl"",""result.json"":""logs/cosine/sync/h40/lr-0.006-b1-0.9-b2-0.98/s42/result.json"",""resolved.yaml"":""logs/cosine/sync/h40/lr-0.006-b1-0.9-b2-0.98/s42/resolved.yaml"",""receipt.json"":""logs/cosine/sync/h40/lr-0.006-b1-0.9-b2-0.98/s42/receipt.json"",""request.json"":""logs/cosine/sync/h40/lr-0.006-b1-0.9-b2-0.98/s42/request.json"",""environment.json"":""shared/environment-827d7836c139d6ccfe72023de94bd944c4a0630a31d514742d2c51bc98659f2f.json""}"
sync-cosine-h40--0.006--0.9--0.98--s43,sync,40,1783747.620974896,1718406.2812295018,1571341.009285303,99.5085855530051,619.0079027940083,39.47825336456299,2548999,2026-09-16,"{""metrics.jsonl"":""logs/cosine/sync/h40/lr-0.006-b1-0.9-b2-0.98/s43/metrics.jsonl"",""result.json"":""logs/cosine/sync/h40/lr-0.006-b1-0.9-b2-0.98/s43/result.json"",""resolved.yaml"":""logs/cosine/sync/h40/lr-0.006-b1-0.9-b2-0.98/s43/resolved.yaml"",""receipt.json"":""logs/cosine/sync/h40/lr-0.006-b1-0.9-b2-0.98/s43/receipt.json"",""request.json"":""logs/cosine/sync/h40/lr-0.006-b1-0.9-b2-0.98/s43/request.json"",""environment.json"":""shared/environment-5cb02b7a018bcfbe0b8ebf1eae1ce3a58b989eff00b1f492d38b7961deaf1faa.json""}"
sync-cosine-h40--0.006--0.9--0.98--s44,sync,40,1756299.4553240363,1573697.6416048435,1447038.3287066196,100.98772459800239,665.5708309799957,39.47825336456299,2549000,2026-09-16,"{""metrics.jsonl"":""logs/cosine/sync/h40/lr-0.006-b1-0.9-b2-0.98/s44/metrics.jsonl"",""result.json"":""logs/cosine/sync/h40/lr-0.006-b1-0.9-b2-0.98/s44/result.json"",""resolved.yaml"":""logs/cosine/sync/h40/lr-0.006-b1-0.9-b2-0.98/s44/resolved.yaml"",""receipt.json"":""logs/cosine/sync/h40/lr-0.006-b1-0.9-b2-0.98/s44/receipt.json"",""request.json"":""logs/cosine/sync/h40/lr-0.006-b1-0.9-b2-0.98/s44/request.json"",""environment.json"":""shared/environment-9ea7c6a38b0f799ebbacc79a75c8efcecc99e70a6efed7737175fbd7e0b299ad.json""}"
sync-cosine-h40--0.006--0.9--0.99--s42,sync,40,1741857.211826117,1614457.694483598,1480744.2667686606,101.42052735599282,653.1269538929919,39.47825336456299,2545671,2026-09-16,"{""metrics.jsonl"":""logs/cosine/sync/h40/lr-0.006-b1-0.9-b2-0.99/s42/metrics.jsonl"",""result.json"":""logs/cosine/sync/h40/lr-0.006-b1-0.9-b2-0.99/s42/result.json"",""resolved.yaml"":""logs/cosine/sync/h40/lr-0.006-b1-0.9-b2-0.99/s42/resolved.yaml"",""receipt.json"":""logs/cosine/sync/h40/lr-0.006-b1-0.9-b2-0.99/s42/receipt.json"",""request.json"":""logs/cosine/sync/h40/lr-0.006-b1-0.9-b2-0.99/s42/request.json"",""environment.json"":""shared/environment-1e820c841995a372dc4a9b13f8cd6062cfe4c47685d51f2a42a3af73b75a6bba.json""}"
sync-cosine-h40--0.006--0.9--0.99--s43,sync,40,1765057.424301604,1697814.255916752,1553669.350538427,99.42193739399954,624.8062059020012,39.47825336456299,2550227,2026-09-16,"{""metrics.jsonl"":""logs/cosine/sync/h40/lr-0.006-b1-0.9-b2-0.99/s43/metrics.jsonl"",""result.json"":""logs/cosine/sync/h40/lr-0.006-b1-0.9-b2-0.99/s43/result.json"",""resolved.yaml"":""logs/cosine/sync/h40/lr-0.006-b1-0.9-b2-0.99/s43/resolved.yaml"",""receipt.json"":""logs/cosine/sync/h40/lr-0.006-b1-0.9-b2-0.99/s43/receipt.json"",""request.json"":""logs/cosine/sync/h40/lr-0.006-b1-0.9-b2-0.99/s43/request.json"",""environment.json"":""shared/environment-a3c4ebd8ebe745af6826628fae66f7d429d5b4392ea9ce9d0f9fd873d1e2ceca.json""}"
sync-cosine-h40--0.006--0.9--0.99--s44,sync,40,1714699.2442550356,1646904.1337983,1509820.8259870738,101.28410698899825,641.9353386229923,39.47825336456299,2550228,2026-09-16,"{""metrics.jsonl"":""logs/cosine/sync/h40/lr-0.006-b1-0.9-b2-0.99/s44/metrics.jsonl"",""result.json"":""logs/cosine/sync/h40/lr-0.006-b1-0.9-b2-0.99/s44/result.json"",""resolved.yaml"":""logs/cosine/sync/h40/lr-0.006-b1-0.9-b2-0.99/s44/resolved.yaml"",""receipt.json"":""logs/cosine/sync/h40/lr-0.006-b1-0.9-b2-0.99/s44/receipt.json"",""request.json"":""logs/cosine/sync/h40/lr-0.006-b1-0.9-b2-0.99/s44/request.json"",""environment.json"":""shared/environment-8eda17e0284ac4cdafa88100287afcdf2f46e0bfe8cc5526f9c470d147a29053.json""}"
sync-cosine-h40--0.006--0.9--0.999--s42,sync,40,1773533.4891242268,1700870.8381465522,1556491.4681826506,99.54984737199993,623.9796361810004,39.47825336456299,2550585,2026-09-16,"{""metrics.jsonl"":""logs/cosine/sync/h40/lr-0.006-b1-0.9-b2-0.999/s42/metrics.jsonl"",""result.json"":""logs/cosine/sync/h40/lr-0.006-b1-0.9-b2-0.999/s42/result.json"",""resolved.yaml"":""logs/cosine/sync/h40/lr-0.006-b1-0.9-b2-0.999/s42/resolved.yaml"",""receipt.json"":""logs/cosine/sync/h40/lr-0.006-b1-0.9-b2-0.999/s42/receipt.json"",""request.json"":""logs/cosine/sync/h40/lr-0.006-b1-0.9-b2-0.999/s42/request.json"",""environment.json"":""shared/environment-69f4867635ffd513774b855f9bd97b6029c5bc94390a8e7f9befe9bfbf2fd9bd.json""}"
sync-cosine-h40--0.006--0.9--0.999--s43,sync,40,1755546.923685827,1689394.8337537118,1539035.5747668191,101.61910700899898,632.0028936659946,39.47825336456299,2550586,2026-09-16,"{""metrics.jsonl"":""logs/cosine/sync/h40/lr-0.006-b1-0.9-b2-0.999/s43/metrics.jsonl"",""result.json"":""logs/cosine/sync/h40/lr-0.006-b1-0.9-b2-0.999/s43/result.json"",""resolved.yaml"":""logs/cosine/sync/h40/lr-0.006-b1-0.9-b2-0.999/s43/resolved.yaml"",""receipt.json"":""logs/cosine/sync/h40/lr-0.006-b1-0.9-b2-0.999/s43/receipt.json"",""request.json"":""logs/cosine/sync/h40/lr-0.006-b1-0.9-b2-0.999/s43/request.json"",""environment.json"":""shared/environment-f93460ef0a31e5347a8fff381d64e6e3432309b4676ed67b99510106bd2f2692.json""}"
sync-cosine-h40--0.006--0.9--0.999--s44,sync,40,1761408.3327504857,1691182.4058056439,1547168.6301896726,100.49487100999977,628.0879533749976,39.47825336456299,2550587,2026-09-16,"{""metrics.jsonl"":""logs/cosine/sync/h40/lr-0.006-b1-0.9-b2-0.999/s44/metrics.jsonl"",""result.json"":""logs/cosine/sync/h40/lr-0.006-b1-0.9-b2-0.999/s44/result.json"",""resolved.yaml"":""logs/cosine/sync/h40/lr-0.006-b1-0.9-b2-0.999/s44/resolved.yaml"",""receipt.json"":""logs/cosine/sync/h40/lr-0.006-b1-0.9-b2-0.999/s44/receipt.json"",""request.json"":""logs/cosine/sync/h40/lr-0.006-b1-0.9-b2-0.999/s44/request.json"",""environment.json"":""shared/environment-dc27479927ddff3bb97872c702859f73bcf7692326942a94fc82b85dd37849ca.json""}"
sync-cosine-h40--0.007--0.9--0.98--s42,sync,40,1725903.0898621432,1659226.6862684945,1520371.918286283,101.69648646000132,638.6662679030123,39.47825336456299,2549001,2026-09-16,"{""metrics.jsonl"":""logs/cosine/sync/h40/lr-0.007-b1-0.9-b2-0.98/s42/metrics.jsonl"",""result.json"":""logs/cosine/sync/h40/lr-0.007-b1-0.9-b2-0.98/s42/result.json"",""resolved.yaml"":""logs/cosine/sync/h40/lr-0.007-b1-0.9-b2-0.98/s42/resolved.yaml"",""receipt.json"":""logs/cosine/sync/h40/lr-0.007-b1-0.9-b2-0.98/s42/receipt.json"",""request.json"":""logs/cosine/sync/h40/lr-0.007-b1-0.9-b2-0.98/s42/request.json"",""environment.json"":""shared/environment-061cdbc7477a12dc8b5bfdf349f6e344de16b1879f2a3fed07e13fd3a01db3ea.json""}"
sync-cosine-h40--0.007--0.9--0.98--s43,sync,40,1740341.4985885418,1671331.8196420418,1530371.9724995631,101.5268237220007,634.9502310280077,39.47825336456299,2549002,2026-09-16,"{""metrics.jsonl"":""logs/cosine/sync/h40/lr-0.007-b1-0.9-b2-0.98/s43/metrics.jsonl"",""result.json"":""logs/cosine/sync/h40/lr-0.007-b1-0.9-b2-0.98/s43/result.json"",""resolved.yaml"":""logs/cosine/sync/h40/lr-0.007-b1-0.9-b2-0.98/s43/resolved.yaml"",""receipt.json"":""logs/cosine/sync/h40/lr-0.007-b1-0.9-b2-0.98/s43/receipt.json"",""request.json"":""logs/cosine/sync/h40/lr-0.007-b1-0.9-b2-0.98/s43/request.json"",""environment.json"":""shared/environment-d61401ebb1796767debdb47f00f77d958b2c19a2f9102c46c7940428889b5b26.json""}"
sync-cosine-h40--0.007--0.9--0.98--s44,sync,40,1729038.185890061,1558649.4416815538,1433463.5862338294,101.56025397700432,671.5627802850067,39.47825336456299,2550197,2026-09-16,"{""metrics.jsonl"":""logs/cosine/sync/h40/lr-0.007-b1-0.9-b2-0.98/s44/metrics.jsonl"",""result.json"":""logs/cosine/sync/h40/lr-0.007-b1-0.9-b2-0.98/s44/result.json"",""resolved.yaml"":""logs/cosine/sync/h40/lr-0.007-b1-0.9-b2-0.98/s44/resolved.yaml"",""receipt.json"":""logs/cosine/sync/h40/lr-0.007-b1-0.9-b2-0.98/s44/receipt.json"",""request.json"":""logs/cosine/sync/h40/lr-0.007-b1-0.9-b2-0.98/s44/request.json"",""environment.json"":""shared/environment-a8fea2c8aac27eb81d094a0ee852e3165ad6bd150b87f0cf904677d17a2a9b40.json""}"
sync-cosine-h40--0.007--0.9--0.99--s42,sync,40,1736095.156517962,1577765.3034746132,1450844.572769681,101.2331878469995,664.3105552640045,39.47825336456299,2550229,2026-09-16,"{""metrics.jsonl"":""logs/cosine/sync/h40/lr-0.007-b1-0.9-b2-0.99/s42/metrics.jsonl"",""result.json"":""logs/cosine/sync/h40/lr-0.007-b1-0.9-b2-0.99/s42/result.json"",""resolved.yaml"":""logs/cosine/sync/h40/lr-0.007-b1-0.9-b2-0.99/s42/resolved.yaml"",""receipt.json"":""logs/cosine/sync/h40/lr-0.007-b1-0.9-b2-0.99/s42/receipt.json"",""request.json"":""logs/cosine/sync/h40/lr-0.007-b1-0.9-b2-0.99/s42/request.json"",""environment.json"":""shared/environment-9774f4b4b38a6431c2783af725b919ee22ed766670dd4845a7f2b79b9a21be4e.json""}"
sync-cosine-h40--0.007--0.9--0.99--s43,sync,40,1782523.644680162,1714694.1571125186,1568435.2864716637,99.34577092601103,619.7989128699992,39.47825336456299,2550230,2026-09-16,"{""metrics.jsonl"":""logs/cosine/sync/h40/lr-0.007-b1-0.9-b2-0.99/s43/metrics.jsonl"",""result.json"":""logs/cosine/sync/h40/lr-0.007-b1-0.9-b2-0.99/s43/result.json"",""resolved.yaml"":""logs/cosine/sync/h40/lr-0.007-b1-0.9-b2-0.99/s43/resolved.yaml"",""receipt.json"":""logs/cosine/sync/h40/lr-0.007-b1-0.9-b2-0.99/s43/receipt.json"",""request.json"":""logs/cosine/sync/h40/lr-0.007-b1-0.9-b2-0.99/s43/request.json"",""environment.json"":""shared/environment-1ea2924825c6ef9ff8fea57f7190b4d4fef3ceb9b611d4c45ceef3b4e04e8192.json""}"
sync-cosine-h40--0.007--0.9--0.99--s44,sync,40,1749933.1483362294,1685434.245388231,1541719.539529299,101.15658573398832,630.6125010460091,39.47825336456299,2550231,2026-09-16,"{""metrics.jsonl"":""logs/cosine/sync/h40/lr-0.007-b1-0.9-b2-0.99/s44/metrics.jsonl"",""result.json"":""logs/cosine/sync/h40/lr-0.007-b1-0.9-b2-0.99/s44/result.json"",""resolved.yaml"":""logs/cosine/sync/h40/lr-0.007-b1-0.9-b2-0.99/s44/resolved.yaml"",""receipt.json"":""logs/cosine/sync/h40/lr-0.007-b1-0.9-b2-0.99/s44/receipt.json"",""request.json"":""logs/cosine/sync/h40/lr-0.007-b1-0.9-b2-0.99/s44/request.json"",""environment.json"":""shared/environment-e967524388fd44ebe1fd8b0716d9820c70be82ac4c982648bcbf53efd7259f97.json""}"
sync-cosine-h40--0.007--0.9--0.999--s42,sync,40,1748894.1722674372,1684111.6197092521,1541074.0654767132,100.96614226699603,630.6466308129966,39.47825336456299,2550588,2026-09-16,"{""metrics.jsonl"":""logs/cosine/sync/h40/lr-0.007-b1-0.9-b2-0.999/s42/metrics.jsonl"",""result.json"":""logs/cosine/sync/h40/lr-0.007-b1-0.9-b2-0.999/s42/result.json"",""resolved.yaml"":""logs/cosine/sync/h40/lr-0.007-b1-0.9-b2-0.999/s42/resolved.yaml"",""receipt.json"":""logs/cosine/sync/h40/lr-0.007-b1-0.9-b2-0.999/s42/receipt.json"",""request.json"":""logs/cosine/sync/h40/lr-0.007-b1-0.9-b2-0.999/s42/request.json"",""environment.json"":""shared/environment-91fc4ce4b67800f011083d1ea1ed190d90d2d0598656f88283391c5d42324e96.json""}"
sync-cosine-h40--0.007--0.9--0.999--s43,sync,40,1780462.6946744348,1712800.0030794658,1566667.244333669,99.78891477698926,620.8333692529995,39.47825336456299,2550590,2026-09-16,"{""metrics.jsonl"":""logs/cosine/sync/h40/lr-0.007-b1-0.9-b2-0.999/s43/metrics.jsonl"",""result.json"":""logs/cosine/sync/h40/lr-0.007-b1-0.9-b2-0.999/s43/result.json"",""resolved.yaml"":""logs/cosine/sync/h40/lr-0.007-b1-0.9-b2-0.999/s43/resolved.yaml"",""receipt.json"":""logs/cosine/sync/h40/lr-0.007-b1-0.9-b2-0.999/s43/receipt.json"",""request.json"":""logs/cosine/sync/h40/lr-0.007-b1-0.9-b2-0.999/s43/request.json"",""environment.json"":""shared/environment-2269b821ae2413a09873f5256ea66845aba267421ab0381b22f6609d369ec1ae.json""}"
sync-cosine-h40--0.007--0.9--0.999--s44,sync,40,1739435.2551347676,1675920.361109749,1526206.7600204644,101.68686536099995,636.6135892939928,39.47825336456299,2550622,2026-09-16,"{""metrics.jsonl"":""logs/cosine/sync/h40/lr-0.007-b1-0.9-b2-0.999/s44/metrics.jsonl"",""result.json"":""logs/cosine/sync/h40/lr-0.007-b1-0.9-b2-0.999/s44/result.json"",""resolved.yaml"":""logs/cosine/sync/h40/lr-0.007-b1-0.9-b2-0.999/s44/resolved.yaml"",""receipt.json"":""logs/cosine/sync/h40/lr-0.007-b1-0.9-b2-0.999/s44/receipt.json"",""request.json"":""logs/cosine/sync/h40/lr-0.007-b1-0.9-b2-0.999/s44/request.json"",""environment.json"":""shared/environment-8064bb5698d4f2bfe1c6e3bd9e87286177f97f0cc72e8506901136330b2e8dc4.json""}"
sync-cosine-h40--0.008--0.9--0.98--s42,sync,40,1691740.3955748111,1527915.6711850276,1405632.0047476138,103.74311322299764,685.044304185998,39.47825336456299,2550198,2026-09-16,"{""metrics.jsonl"":""logs/cosine/sync/h40/lr-0.008-b1-0.9-b2-0.98/s42/metrics.jsonl"",""result.json"":""logs/cosine/sync/h40/lr-0.008-b1-0.9-b2-0.98/s42/result.json"",""resolved.yaml"":""logs/cosine/sync/h40/lr-0.008-b1-0.9-b2-0.98/s42/resolved.yaml"",""receipt.json"":""logs/cosine/sync/h40/lr-0.008-b1-0.9-b2-0.98/s42/receipt.json"",""request.json"":""logs/cosine/sync/h40/lr-0.008-b1-0.9-b2-0.98/s42/request.json"",""environment.json"":""shared/environment-78b05de255816f5a102a8d9d30bcb019a37cd193f74fb39d911f2279ef76229c.json""}"
sync-cosine-h40--0.008--0.9--0.98--s43,sync,40,1750887.408710268,1683194.2281008663,1540186.6977713772,100.37915383400104,630.3944477319892,39.47825336456299,2550201,2026-09-16,"{""metrics.jsonl"":""logs/cosine/sync/h40/lr-0.008-b1-0.9-b2-0.98/s43/metrics.jsonl"",""result.json"":""logs/cosine/sync/h40/lr-0.008-b1-0.9-b2-0.98/s43/result.json"",""resolved.yaml"":""logs/cosine/sync/h40/lr-0.008-b1-0.9-b2-0.98/s43/resolved.yaml"",""receipt.json"":""logs/cosine/sync/h40/lr-0.008-b1-0.9-b2-0.98/s43/receipt.json"",""request.json"":""logs/cosine/sync/h40/lr-0.008-b1-0.9-b2-0.98/s43/request.json"",""environment.json"":""shared/environment-0230280b90755856ada888afe65901a793f54ab3fc7cd4e162239e14a0beb0fe.json""}"
sync-cosine-h40--0.008--0.9--0.98--s44,sync,40,1745519.1923936505,1586529.7982889328,1458561.9606526778,100.88439815799939,661.0209440469916,39.47825336456299,2550207,2026-09-16,"{""metrics.jsonl"":""logs/cosine/sync/h40/lr-0.008-b1-0.9-b2-0.98/s44/metrics.jsonl"",""result.json"":""logs/cosine/sync/h40/lr-0.008-b1-0.9-b2-0.98/s44/result.json"",""resolved.yaml"":""logs/cosine/sync/h40/lr-0.008-b1-0.9-b2-0.98/s44/resolved.yaml"",""receipt.json"":""logs/cosine/sync/h40/lr-0.008-b1-0.9-b2-0.98/s44/receipt.json"",""request.json"":""logs/cosine/sync/h40/lr-0.008-b1-0.9-b2-0.98/s44/request.json"",""environment.json"":""shared/environment-7ba431a8f3c2c97e4d3141b12b0030fc3c28935cfc0fd5f40240cd19435567c9.json""}"
sync-cosine-h40--0.008--0.9--0.99--s42,sync,40,1717498.4876244806,1656228.961795119,1514816.5284691867,102.8400189189997,641.6877018009982,39.47825336456299,2550232,2026-09-16,"{""metrics.jsonl"":""logs/cosine/sync/h40/lr-0.008-b1-0.9-b2-0.99/s42/metrics.jsonl"",""result.json"":""logs/cosine/sync/h40/lr-0.008-b1-0.9-b2-0.99/s42/result.json"",""resolved.yaml"":""logs/cosine/sync/h40/lr-0.008-b1-0.9-b2-0.99/s42/resolved.yaml"",""receipt.json"":""logs/cosine/sync/h40/lr-0.008-b1-0.9-b2-0.99/s42/receipt.json"",""request.json"":""logs/cosine/sync/h40/lr-0.008-b1-0.9-b2-0.99/s42/request.json"",""environment.json"":""shared/environment-523a4dfb804855e150c5e1f3654aed8507d827beca61d6f1af611d837e31cafc.json""}"
sync-cosine-h40--0.008--0.9--0.99--s43,sync,40,1737118.0696537748,1662032.9993897094,1521513.0426803692,102.23723196200444,638.7243022340117,39.47825336456299,2550252,2026-09-16,"{""metrics.jsonl"":""logs/cosine/sync/h40/lr-0.008-b1-0.9-b2-0.99/s43/metrics.jsonl"",""result.json"":""logs/cosine/sync/h40/lr-0.008-b1-0.9-b2-0.99/s43/result.json"",""resolved.yaml"":""logs/cosine/sync/h40/lr-0.008-b1-0.9-b2-0.99/s43/resolved.yaml"",""receipt.json"":""logs/cosine/sync/h40/lr-0.008-b1-0.9-b2-0.99/s43/receipt.json"",""request.json"":""logs/cosine/sync/h40/lr-0.008-b1-0.9-b2-0.99/s43/request.json"",""environment.json"":""shared/environment-74937bf64260427e12360e34aba12b3e52bde7d5e96b39ace3e4c76cf82ee659.json""}"
sync-cosine-h40--0.008--0.9--0.99--s44,sync,40,1754296.0220433325,1579262.8388335716,1451996.606477233,100.64201379899168,663.4602648989967,39.47825336456299,2550267,2026-09-16,"{""metrics.jsonl"":""logs/cosine/sync/h40/lr-0.008-b1-0.9-b2-0.99/s44/metrics.jsonl"",""result.json"":""logs/cosine/sync/h40/lr-0.008-b1-0.9-b2-0.99/s44/result.json"",""resolved.yaml"":""logs/cosine/sync/h40/lr-0.008-b1-0.9-b2-0.99/s44/resolved.yaml"",""receipt.json"":""logs/cosine/sync/h40/lr-0.008-b1-0.9-b2-0.99/s44/receipt.json"",""request.json"":""logs/cosine/sync/h40/lr-0.008-b1-0.9-b2-0.99/s44/request.json"",""environment.json"":""shared/environment-f12389efdda68dbf3191caf025ea6f1991e3f582968426208dd82b4c3a124401.json""}"
sync-cosine-h40--0.008--0.9--0.999--s42,sync,40,1745507.1626373744,1680707.9823028382,1537012.6903263603,101.69944810299785,632.7788979239995,39.47825336456299,2550623,2026-09-16,"{""metrics.jsonl"":""logs/cosine/sync/h40/lr-0.008-b1-0.9-b2-0.999/s42/metrics.jsonl"",""result.json"":""logs/cosine/sync/h40/lr-0.008-b1-0.9-b2-0.999/s42/result.json"",""resolved.yaml"":""logs/cosine/sync/h40/lr-0.008-b1-0.9-b2-0.999/s42/resolved.yaml"",""receipt.json"":""logs/cosine/sync/h40/lr-0.008-b1-0.9-b2-0.999/s42/receipt.json"",""request.json"":""logs/cosine/sync/h40/lr-0.008-b1-0.9-b2-0.999/s42/request.json"",""environment.json"":""shared/environment-52d66af678233fdc1e1e41ad99bdd2cf74fb1c9cb23d0540645d091ac75862a6.json""}"
sync-cosine-h40--0.008--0.9--0.999--s43,sync,40,1747056.6577432358,1569724.430356872,1442558.9814216765,102.0151698050031,668.407195836,39.47825336456299,2550624,2026-09-16,"{""metrics.jsonl"":""logs/cosine/sync/h40/lr-0.008-b1-0.9-b2-0.999/s43/metrics.jsonl"",""result.json"":""logs/cosine/sync/h40/lr-0.008-b1-0.9-b2-0.999/s43/result.json"",""resolved.yaml"":""logs/cosine/sync/h40/lr-0.008-b1-0.9-b2-0.999/s43/resolved.yaml"",""receipt.json"":""logs/cosine/sync/h40/lr-0.008-b1-0.9-b2-0.999/s43/receipt.json"",""request.json"":""logs/cosine/sync/h40/lr-0.008-b1-0.9-b2-0.999/s43/request.json"",""environment.json"":""shared/environment-0070b94727da4ec35ca4535ae48873f99db94418b403e55a312a92891af8f982.json""}"
sync-cosine-h40--0.008--0.9--0.999--s44,sync,40,1719211.2068777701,1546944.206123886,1422158.4852420539,102.42516103200614,676.9018406729883,39.47825336456299,2550625,2026-09-16,"{""metrics.jsonl"":""logs/cosine/sync/h40/lr-0.008-b1-0.9-b2-0.999/s44/metrics.jsonl"",""result.json"":""logs/cosine/sync/h40/lr-0.008-b1-0.9-b2-0.999/s44/result.json"",""resolved.yaml"":""logs/cosine/sync/h40/lr-0.008-b1-0.9-b2-0.999/s44/resolved.yaml"",""receipt.json"":""logs/cosine/sync/h40/lr-0.008-b1-0.9-b2-0.999/s44/receipt.json"",""request.json"":""logs/cosine/sync/h40/lr-0.008-b1-0.9-b2-0.999/s44/request.json"",""environment.json"":""shared/environment-96ecc56393daa073bcfb5379db835d37e2c5ce5b83eabc5c75693f570ff4691a.json""}"
sync-cosine-h40--0.009--0.9--0.98--s42,sync,40,1740328.666800189,1568797.9838903968,1443104.611990316,101.07014579400129,667.1847913859965,39.47825336456299,2565627,2026-09-16,"{""metrics.jsonl"":""logs/cosine/sync/h40/lr-0.009-b1-0.9-b2-0.98/s42/metrics.jsonl"",""result.json"":""logs/cosine/sync/h40/lr-0.009-b1-0.9-b2-0.98/s42/result.json"",""resolved.yaml"":""logs/cosine/sync/h40/lr-0.009-b1-0.9-b2-0.98/s42/resolved.yaml"",""receipt.json"":""logs/cosine/sync/h40/lr-0.009-b1-0.9-b2-0.98/s42/receipt.json"",""request.json"":""logs/cosine/sync/h40/lr-0.009-b1-0.9-b2-0.98/s42/request.json"",""environment.json"":""shared/environment-fdbdfb2716830c7e0fb6410c6afca0efa03f12dd8de6e663a76218a2078de20a.json""}"
sync-cosine-h40--0.009--0.9--0.98--s43,sync,40,1736414.5779999157,1565858.471671928,1440685.1215685834,102.25543396000285,669.3210182980038,39.47825336456299,2565628,2026-09-16,"{""metrics.jsonl"":""logs/cosine/sync/h40/lr-0.009-b1-0.9-b2-0.98/s43/metrics.jsonl"",""result.json"":""logs/cosine/sync/h40/lr-0.009-b1-0.9-b2-0.98/s43/result.json"",""resolved.yaml"":""logs/cosine/sync/h40/lr-0.009-b1-0.9-b2-0.98/s43/resolved.yaml"",""receipt.json"":""logs/cosine/sync/h40/lr-0.009-b1-0.9-b2-0.98/s43/receipt.json"",""request.json"":""logs/cosine/sync/h40/lr-0.009-b1-0.9-b2-0.98/s43/request.json"",""environment.json"":""shared/environment-3cd8bdcb7c2f99a18a6e98156e365744bf65268268ffbe9920fc1a84bb65c350.json""}"
sync-cosine-h40--0.009--0.9--0.98--s44,sync,40,1729337.3452412568,1559456.5511424898,1434500.8254459559,101.51564881800732,671.1440166700049,39.47825336456299,2565629,2026-09-16,"{""metrics.jsonl"":""logs/cosine/sync/h40/lr-0.009-b1-0.9-b2-0.98/s44/metrics.jsonl"",""result.json"":""logs/cosine/sync/h40/lr-0.009-b1-0.9-b2-0.98/s44/result.json"",""resolved.yaml"":""logs/cosine/sync/h40/lr-0.009-b1-0.9-b2-0.98/s44/resolved.yaml"",""receipt.json"":""logs/cosine/sync/h40/lr-0.009-b1-0.9-b2-0.98/s44/receipt.json"",""request.json"":""logs/cosine/sync/h40/lr-0.009-b1-0.9-b2-0.98/s44/request.json"",""environment.json"":""shared/environment-61b4cfe42bd5ff981543616b8ca6e19c11805f6930d7da08bcb2ed391f4dfbc9.json""}"
sync-cosine-h40--0.009--0.9--0.99--s42,sync,40,1779120.1607832466,1604093.9103697373,1474584.0343717337,99.8624065650074,653.9074734260066,39.47825336456299,2565633,2026-09-16,"{""metrics.jsonl"":""logs/cosine/sync/h40/lr-0.009-b1-0.9-b2-0.99/s42/metrics.jsonl"",""result.json"":""logs/cosine/sync/h40/lr-0.009-b1-0.9-b2-0.99/s42/result.json"",""resolved.yaml"":""logs/cosine/sync/h40/lr-0.009-b1-0.9-b2-0.99/s42/resolved.yaml"",""receipt.json"":""logs/cosine/sync/h40/lr-0.009-b1-0.9-b2-0.99/s42/receipt.json"",""request.json"":""logs/cosine/sync/h40/lr-0.009-b1-0.9-b2-0.99/s42/request.json"",""environment.json"":""shared/environment-8f53fd1ed7554091a9af994b4d8918863f91b720225c46d610cf39b89b12b45d.json""}"
sync-cosine-h40--0.009--0.9--0.99--s43,sync,40,1745628.7487570846,1677054.450487866,1535434.3837694293,100.85893873299938,632.4820291270007,39.47825336456299,2565634,2026-09-16,"{""metrics.jsonl"":""logs/cosine/sync/h40/lr-0.009-b1-0.9-b2-0.99/s43/metrics.jsonl"",""result.json"":""logs/cosine/sync/h40/lr-0.009-b1-0.9-b2-0.99/s43/result.json"",""resolved.yaml"":""logs/cosine/sync/h40/lr-0.009-b1-0.9-b2-0.99/s43/resolved.yaml"",""receipt.json"":""logs/cosine/sync/h40/lr-0.009-b1-0.9-b2-0.99/s43/receipt.json"",""request.json"":""logs/cosine/sync/h40/lr-0.009-b1-0.9-b2-0.99/s43/request.json"",""environment.json"":""shared/environment-929f1c08ce44e309358a73dfc62e556d6e274217ec0e766d12d9a3f1e073fb3e.json""}"
sync-cosine-h40--0.009--0.9--0.99--s44,sync,40,1724280.7954397532,1559495.184162022,1434198.828809035,102.43658191499708,672.0540548559948,39.47825336456299,2565635,2026-09-16,"{""metrics.jsonl"":""logs/cosine/sync/h40/lr-0.009-b1-0.9-b2-0.99/s44/metrics.jsonl"",""result.json"":""logs/cosine/sync/h40/lr-0.009-b1-0.9-b2-0.99/s44/result.json"",""resolved.yaml"":""logs/cosine/sync/h40/lr-0.009-b1-0.9-b2-0.99/s44/resolved.yaml"",""receipt.json"":""logs/cosine/sync/h40/lr-0.009-b1-0.9-b2-0.99/s44/receipt.json"",""request.json"":""logs/cosine/sync/h40/lr-0.009-b1-0.9-b2-0.99/s44/request.json"",""environment.json"":""shared/environment-7e5e6d5a8de80d787758a4ae9db0b56c651e778bad9df130bc37e2baf91cda77.json""}"
sync-cosine-h40--0.009--0.9--0.999--s42,sync,40,1759787.2198218375,1584478.5860181523,1457205.0829567423,101.42048308200901,662.1560948760016,39.47825336456299,2565639,2026-09-16,"{""metrics.jsonl"":""logs/cosine/sync/h40/lr-0.009-b1-0.9-b2-0.999/s42/metrics.jsonl"",""result.json"":""logs/cosine/sync/h40/lr-0.009-b1-0.9-b2-0.999/s42/result.json"",""resolved.yaml"":""logs/cosine/sync/h40/lr-0.009-b1-0.9-b2-0.999/s42/resolved.yaml"",""receipt.json"":""logs/cosine/sync/h40/lr-0.009-b1-0.9-b2-0.999/s42/receipt.json"",""request.json"":""logs/cosine/sync/h40/lr-0.009-b1-0.9-b2-0.999/s42/request.json"",""environment.json"":""shared/environment-02ff5156e7a3548aad5a04e9a96344fb029724ccede30d21e1246d663048c5b3.json""}"
sync-cosine-h40--0.009--0.9--0.999--s43,sync,40,1758405.7100300477,1583491.9704456364,1455744.0523341976,101.24986666899349,662.539285314997,39.47825336456299,2565640,2026-09-16,"{""metrics.jsonl"":""logs/cosine/sync/h40/lr-0.009-b1-0.9-b2-0.999/s43/metrics.jsonl"",""result.json"":""logs/cosine/sync/h40/lr-0.009-b1-0.9-b2-0.999/s43/result.json"",""resolved.yaml"":""logs/cosine/sync/h40/lr-0.009-b1-0.9-b2-0.999/s43/resolved.yaml"",""receipt.json"":""logs/cosine/sync/h40/lr-0.009-b1-0.9-b2-0.999/s43/receipt.json"",""request.json"":""logs/cosine/sync/h40/lr-0.009-b1-0.9-b2-0.999/s43/request.json"",""environment.json"":""shared/environment-da628999d308345b6cb140489b5463bae96f88f2e35a66c93eafd2d750dd34ed.json""}"
sync-cosine-h40--0.009--0.9--0.999--s44,sync,40,1733530.6153412072,1668868.9816630485,1526044.7349966497,103.16731637500925,638.09005015,39.47825336456299,2565641,2026-09-16,"{""metrics.jsonl"":""logs/cosine/sync/h40/lr-0.009-b1-0.9-b2-0.999/s44/metrics.jsonl"",""result.json"":""logs/cosine/sync/h40/lr-0.009-b1-0.9-b2-0.999/s44/result.json"",""resolved.yaml"":""logs/cosine/sync/h40/lr-0.009-b1-0.9-b2-0.999/s44/resolved.yaml"",""receipt.json"":""logs/cosine/sync/h40/lr-0.009-b1-0.9-b2-0.999/s44/receipt.json"",""request.json"":""logs/cosine/sync/h40/lr-0.009-b1-0.9-b2-0.999/s44/request.json"",""environment.json"":""shared/environment-d4bd6ddb9b5009514e02d0557507beb3305946e83a90c42c41d7203a2c72347d.json""}"
sync-cosine-h40--0.01--0.9--0.98--s42,sync,40,1759895.9066025477,1584403.42576213,1450528.311674876,101.12134859799698,664.4593450289976,39.47825336456299,2565630,2026-09-16,"{""metrics.jsonl"":""logs/cosine/sync/h40/lr-0.01-b1-0.9-b2-0.98/s42/metrics.jsonl"",""result.json"":""logs/cosine/sync/h40/lr-0.01-b1-0.9-b2-0.98/s42/result.json"",""resolved.yaml"":""logs/cosine/sync/h40/lr-0.01-b1-0.9-b2-0.98/s42/resolved.yaml"",""receipt.json"":""logs/cosine/sync/h40/lr-0.01-b1-0.9-b2-0.98/s42/receipt.json"",""request.json"":""logs/cosine/sync/h40/lr-0.01-b1-0.9-b2-0.98/s42/request.json"",""environment.json"":""shared/environment-4fd491717993e91a7f563fc46745ea260a4e8a632a515434e1b84b6051f8694e.json""}"
sync-cosine-h40--0.01--0.9--0.98--s43,sync,40,1751153.6834649674,1578541.5212117983,1450872.594494441,101.22595941499458,664.3556195200072,39.47825336456299,2565631,2026-09-16,"{""metrics.jsonl"":""logs/cosine/sync/h40/lr-0.01-b1-0.9-b2-0.98/s43/metrics.jsonl"",""result.json"":""logs/cosine/sync/h40/lr-0.01-b1-0.9-b2-0.98/s43/result.json"",""resolved.yaml"":""logs/cosine/sync/h40/lr-0.01-b1-0.9-b2-0.98/s43/resolved.yaml"",""receipt.json"":""logs/cosine/sync/h40/lr-0.01-b1-0.9-b2-0.98/s43/receipt.json"",""request.json"":""logs/cosine/sync/h40/lr-0.01-b1-0.9-b2-0.98/s43/request.json"",""environment.json"":""shared/environment-9634e0d7041c7572ba5002eb21d09bb75db805c0397d4f566c367d84964d9a41.json""}"
sync-cosine-h40--0.01--0.9--0.98--s44,sync,40,1744627.486712737,1573101.5157962514,1444607.1123933156,100.88044228599756,666.444063264993,39.47825336456299,2565632,2026-09-16,"{""metrics.jsonl"":""logs/cosine/sync/h40/lr-0.01-b1-0.9-b2-0.98/s44/metrics.jsonl"",""result.json"":""logs/cosine/sync/h40/lr-0.01-b1-0.9-b2-0.98/s44/result.json"",""resolved.yaml"":""logs/cosine/sync/h40/lr-0.01-b1-0.9-b2-0.98/s44/resolved.yaml"",""receipt.json"":""logs/cosine/sync/h40/lr-0.01-b1-0.9-b2-0.98/s44/receipt.json"",""request.json"":""logs/cosine/sync/h40/lr-0.01-b1-0.9-b2-0.98/s44/request.json"",""environment.json"":""shared/environment-cecbe219c41c17f399792277c43e3a2146baa9ad7bad6762699dad836a496897.json""}"
sync-cosine-h40--0.01--0.9--0.99--s42,sync,40,1774459.79469288,1702139.273912128,1556247.956240174,100.48586635600077,625.003937357993,39.47825336456299,2565636,2026-09-16,"{""metrics.jsonl"":""logs/cosine/sync/h40/lr-0.01-b1-0.9-b2-0.99/s42/metrics.jsonl"",""result.json"":""logs/cosine/sync/h40/lr-0.01-b1-0.9-b2-0.99/s42/result.json"",""resolved.yaml"":""logs/cosine/sync/h40/lr-0.01-b1-0.9-b2-0.99/s42/resolved.yaml"",""receipt.json"":""logs/cosine/sync/h40/lr-0.01-b1-0.9-b2-0.99/s42/receipt.json"",""request.json"":""logs/cosine/sync/h40/lr-0.01-b1-0.9-b2-0.99/s42/request.json"",""environment.json"":""shared/environment-31a9bb14d8a6cbbfa99cad662435d69dd499412f225c076851269bce135d13eb.json""}"
sync-cosine-h40--0.01--0.9--0.99--s43,sync,40,1777352.0321689562,1625846.0266805063,1493151.7241752748,99.9415045939968,647.0109669579979,39.47825336456299,2565637,2026-09-16,"{""metrics.jsonl"":""logs/cosine/sync/h40/lr-0.01-b1-0.9-b2-0.99/s43/metrics.jsonl"",""result.json"":""logs/cosine/sync/h40/lr-0.01-b1-0.9-b2-0.99/s43/result.json"",""resolved.yaml"":""logs/cosine/sync/h40/lr-0.01-b1-0.9-b2-0.99/s43/resolved.yaml"",""receipt.json"":""logs/cosine/sync/h40/lr-0.01-b1-0.9-b2-0.99/s43/receipt.json"",""request.json"":""logs/cosine/sync/h40/lr-0.01-b1-0.9-b2-0.99/s43/request.json"",""environment.json"":""shared/environment-57f34188913d1dab98a1403c1af835a1e1c102e170ab3916e73c09ba754171f2.json""}"
sync-cosine-h40--0.01--0.9--0.99--s44,sync,40,1751574.4643409972,1688056.6357057581,1544096.7249122735,101.67308699400746,630.323210735005,39.47825336456299,2565638,2026-09-16,"{""metrics.jsonl"":""logs/cosine/sync/h40/lr-0.01-b1-0.9-b2-0.99/s44/metrics.jsonl"",""result.json"":""logs/cosine/sync/h40/lr-0.01-b1-0.9-b2-0.99/s44/result.json"",""resolved.yaml"":""logs/cosine/sync/h40/lr-0.01-b1-0.9-b2-0.99/s44/resolved.yaml"",""receipt.json"":""logs/cosine/sync/h40/lr-0.01-b1-0.9-b2-0.99/s44/receipt.json"",""request.json"":""logs/cosine/sync/h40/lr-0.01-b1-0.9-b2-0.99/s44/request.json"",""environment.json"":""shared/environment-73382b1044224d50bd19f378da704257280cbc6a3e4a9e0cdc9875c21b284ed1.json""}"
sync-cosine-h40--0.01--0.9--0.999--s42,sync,40,1782812.2912630336,1602751.47153569,1473912.9008034524,100.09010467100597,654.4711227640073,39.47825336456299,2565642,2026-09-16,"{""metrics.jsonl"":""logs/cosine/sync/h40/lr-0.01-b1-0.9-b2-0.999/s42/metrics.jsonl"",""result.json"":""logs/cosine/sync/h40/lr-0.01-b1-0.9-b2-0.999/s42/result.json"",""resolved.yaml"":""logs/cosine/sync/h40/lr-0.01-b1-0.9-b2-0.999/s42/resolved.yaml"",""receipt.json"":""logs/cosine/sync/h40/lr-0.01-b1-0.9-b2-0.999/s42/receipt.json"",""request.json"":""logs/cosine/sync/h40/lr-0.01-b1-0.9-b2-0.999/s42/request.json"",""environment.json"":""shared/environment-1a7a1335b9ea724a36204f6b1a461c77bb471e2a2d2b84cc8b8a0440dedd15fd.json""}"
sync-cosine-h40--0.01--0.9--0.999--s43,sync,40,1741036.3422767653,1580588.3150767605,1446854.6541173505,101.51187382400167,666.1825477780003,39.47825336456299,2565643,2026-09-16,"{""metrics.jsonl"":""logs/cosine/sync/h40/lr-0.01-b1-0.9-b2-0.999/s43/metrics.jsonl"",""result.json"":""logs/cosine/sync/h40/lr-0.01-b1-0.9-b2-0.999/s43/result.json"",""resolved.yaml"":""logs/cosine/sync/h40/lr-0.01-b1-0.9-b2-0.999/s43/resolved.yaml"",""receipt.json"":""logs/cosine/sync/h40/lr-0.01-b1-0.9-b2-0.999/s43/receipt.json"",""request.json"":""logs/cosine/sync/h40/lr-0.01-b1-0.9-b2-0.999/s43/request.json"",""environment.json"":""shared/environment-28057798e48c7ef252e954c7469b562c6ceb6f2b5b9e5eee89708c98236eae71.json""}"
sync-cosine-h40--0.01--0.9--0.999--s44,sync,40,1748838.4124602254,1586530.8788949142,1459502.4797353786,101.20342418200016,660.9736547249995,39.47825336456299,2565644,2026-09-16,"{""metrics.jsonl"":""logs/cosine/sync/h40/lr-0.01-b1-0.9-b2-0.999/s44/metrics.jsonl"",""result.json"":""logs/cosine/sync/h40/lr-0.01-b1-0.9-b2-0.999/s44/result.json"",""resolved.yaml"":""logs/cosine/sync/h40/lr-0.01-b1-0.9-b2-0.999/s44/resolved.yaml"",""receipt.json"":""logs/cosine/sync/h40/lr-0.01-b1-0.9-b2-0.999/s44/receipt.json"",""request.json"":""logs/cosine/sync/h40/lr-0.01-b1-0.9-b2-0.999/s44/request.json"",""environment.json"":""shared/environment-00dc47dfdd94f1254c0bedc37ed4b4846635bb797653feb3cf9ad7c4502c8b1b.json""}"
sync-cosine-h40--0.011--0.9--0.98--s42,sync,40,1722855.3094512264,1607781.940726515,1476407.6268923043,102.46377456499977,655.9694125719998,39.47825336456299,2578205,2026-09-17,"{""metrics.jsonl"":""logs/cosine/sync/h40/lr-0.011-b1-0.9-b2-0.98/s42/metrics.jsonl"",""result.json"":""logs/cosine/sync/h40/lr-0.011-b1-0.9-b2-0.98/s42/result.json"",""resolved.yaml"":""logs/cosine/sync/h40/lr-0.011-b1-0.9-b2-0.98/s42/resolved.yaml"",""receipt.json"":""logs/cosine/sync/h40/lr-0.011-b1-0.9-b2-0.98/s42/receipt.json"",""request.json"":""logs/cosine/sync/h40/lr-0.011-b1-0.9-b2-0.98/s42/request.json"",""environment.json"":""shared/environment-9644d6356a3feb0c85155f37e331d459ecdf5accd89575e0d669de9a3036deb4.json""}"
sync-cosine-h40--0.011--0.9--0.98--s43,sync,40,1765935.3865858903,1695171.5913434895,1551450.7337027981,101.05605607799953,627.1876352520048,39.47825336456299,2578206,2026-09-17,"{""metrics.jsonl"":""logs/cosine/sync/h40/lr-0.011-b1-0.9-b2-0.98/s43/metrics.jsonl"",""result.json"":""logs/cosine/sync/h40/lr-0.011-b1-0.9-b2-0.98/s43/result.json"",""resolved.yaml"":""logs/cosine/sync/h40/lr-0.011-b1-0.9-b2-0.98/s43/resolved.yaml"",""receipt.json"":""logs/cosine/sync/h40/lr-0.011-b1-0.9-b2-0.98/s43/receipt.json"",""request.json"":""logs/cosine/sync/h40/lr-0.011-b1-0.9-b2-0.98/s43/request.json"",""environment.json"":""shared/environment-054496427da50870a4605f998653d15933fa96d1d6119b2d5306d0cbc1415b33.json""}"
sync-cosine-h40--0.011--0.9--0.98--s44,sync,40,1719317.5986691867,1613102.5613363096,1481039.9145110229,102.4457845200086,654.2410312599968,39.47825336456299,2578207,2026-09-17,"{""metrics.jsonl"":""logs/cosine/sync/h40/lr-0.011-b1-0.9-b2-0.98/s44/metrics.jsonl"",""result.json"":""logs/cosine/sync/h40/lr-0.011-b1-0.9-b2-0.98/s44/result.json"",""resolved.yaml"":""logs/cosine/sync/h40/lr-0.011-b1-0.9-b2-0.98/s44/resolved.yaml"",""receipt.json"":""logs/cosine/sync/h40/lr-0.011-b1-0.9-b2-0.98/s44/receipt.json"",""request.json"":""logs/cosine/sync/h40/lr-0.011-b1-0.9-b2-0.98/s44/request.json"",""environment.json"":""shared/environment-a320188dd995e58be36d16f3158c06a0c753249ff70eee82a311a130fd321a8d.json""}"
sync-cosine-h40--0.011--0.9--0.99--s42,sync,40,1765000.8844028842,1699553.1690087083,1555969.3687538623,100.9427902289899,625.5407960659941,39.47825336456299,2578208,2026-09-17,"{""metrics.jsonl"":""logs/cosine/sync/h40/lr-0.011-b1-0.9-b2-0.99/s42/metrics.jsonl"",""result.json"":""logs/cosine/sync/h40/lr-0.011-b1-0.9-b2-0.99/s42/result.json"",""resolved.yaml"":""logs/cosine/sync/h40/lr-0.011-b1-0.9-b2-0.99/s42/resolved.yaml"",""receipt.json"":""logs/cosine/sync/h40/lr-0.011-b1-0.9-b2-0.99/s42/receipt.json"",""request.json"":""logs/cosine/sync/h40/lr-0.011-b1-0.9-b2-0.99/s42/request.json"",""environment.json"":""shared/environment-dee6b13ecfbb34ce80e5d2ea3a449e67d347f21ca1b33258be8868f1469c8d2d.json""}"
sync-cosine-h40--0.011--0.9--0.99--s43,sync,40,1721739.4316729733,1555236.9236195243,1431297.613461566,102.08356895000907,672.9863547699933,39.47825336456299,2578209,2026-09-17,"{""metrics.jsonl"":""logs/cosine/sync/h40/lr-0.011-b1-0.9-b2-0.99/s43/metrics.jsonl"",""result.json"":""logs/cosine/sync/h40/lr-0.011-b1-0.9-b2-0.99/s43/result.json"",""resolved.yaml"":""logs/cosine/sync/h40/lr-0.011-b1-0.9-b2-0.99/s43/resolved.yaml"",""receipt.json"":""logs/cosine/sync/h40/lr-0.011-b1-0.9-b2-0.99/s43/receipt.json"",""request.json"":""logs/cosine/sync/h40/lr-0.011-b1-0.9-b2-0.99/s43/request.json"",""environment.json"":""shared/environment-0c1b43a1b9339b1ed774661505c2c1355a41c805a0b45791ec124417bbd4caf5.json""}"
sync-cosine-h40--0.011--0.9--0.99--s44,sync,40,1774001.4961529863,1597879.6577503183,1469863.6061879287,100.05280691399821,656.0187913660047,39.47825336456299,2578210,2026-09-17,"{""metrics.jsonl"":""logs/cosine/sync/h40/lr-0.011-b1-0.9-b2-0.99/s44/metrics.jsonl"",""result.json"":""logs/cosine/sync/h40/lr-0.011-b1-0.9-b2-0.99/s44/result.json"",""resolved.yaml"":""logs/cosine/sync/h40/lr-0.011-b1-0.9-b2-0.99/s44/resolved.yaml"",""receipt.json"":""logs/cosine/sync/h40/lr-0.011-b1-0.9-b2-0.99/s44/receipt.json"",""request.json"":""logs/cosine/sync/h40/lr-0.011-b1-0.9-b2-0.99/s44/request.json"",""environment.json"":""shared/environment-92469c01705c56315fdd3f152e981e326419767b7f774332d1febe5cae1b61d3.json""}"
sync-cosine-h40--0.011--0.9--0.999--s42,sync,40,1752430.4566325475,1579877.921360511,1453336.8564371527,102.43516425300004,664.6991385500005,39.47825336456299,2578211,2026-09-17,"{""metrics.jsonl"":""logs/cosine/sync/h40/lr-0.011-b1-0.9-b2-0.999/s42/metrics.jsonl"",""result.json"":""logs/cosine/sync/h40/lr-0.011-b1-0.9-b2-0.999/s42/result.json"",""resolved.yaml"":""logs/cosine/sync/h40/lr-0.011-b1-0.9-b2-0.999/s42/resolved.yaml"",""receipt.json"":""logs/cosine/sync/h40/lr-0.011-b1-0.9-b2-0.999/s42/receipt.json"",""request.json"":""logs/cosine/sync/h40/lr-0.011-b1-0.9-b2-0.999/s42/request.json"",""environment.json"":""shared/environment-966555af5c1a5879b4b8c4e4aaa94a77e6ba32cfda8bd9bab50a3d2c95a22787.json""}"
sync-cosine-h40--0.011--0.9--0.999--s43,sync,40,1744939.1621193278,1573871.2372348164,1448275.060567342,101.02026215201477,665.2741813799948,39.47825336456299,2578215,2026-09-17,"{""metrics.jsonl"":""logs/cosine/sync/h40/lr-0.011-b1-0.9-b2-0.999/s43/metrics.jsonl"",""result.json"":""logs/cosine/sync/h40/lr-0.011-b1-0.9-b2-0.999/s43/result.json"",""resolved.yaml"":""logs/cosine/sync/h40/lr-0.011-b1-0.9-b2-0.999/s43/resolved.yaml"",""receipt.json"":""logs/cosine/sync/h40/lr-0.011-b1-0.9-b2-0.999/s43/receipt.json"",""request.json"":""logs/cosine/sync/h40/lr-0.011-b1-0.9-b2-0.999/s43/request.json"",""environment.json"":""shared/environment-165b9fe86c23f16af4a369ba16b9c1968bf6530d15961959479b3992a17228cb.json""}"
sync-cosine-h40--0.011--0.9--0.999--s44,sync,40,1738450.273255841,1568408.1619703667,1444225.5737391575,102.11648290499579,667.9226706119953,39.47825336456299,2578216,2026-09-17,"{""metrics.jsonl"":""logs/cosine/sync/h40/lr-0.011-b1-0.9-b2-0.999/s44/metrics.jsonl"",""result.json"":""logs/cosine/sync/h40/lr-0.011-b1-0.9-b2-0.999/s44/result.json"",""resolved.yaml"":""logs/cosine/sync/h40/lr-0.011-b1-0.9-b2-0.999/s44/resolved.yaml"",""receipt.json"":""logs/cosine/sync/h40/lr-0.011-b1-0.9-b2-0.999/s44/receipt.json"",""request.json"":""logs/cosine/sync/h40/lr-0.011-b1-0.9-b2-0.999/s44/request.json"",""environment.json"":""shared/environment-ba6d3b8e072384101828c277c217b3d88757f6d298c84e8701d82817b31744a4.json""}"
awc4-cosine-h80--0.005--0.9--0.99--s42,awc4,80,1617965.0692561131,1587237.8170107997,1461563.8312510122,99.16529033599363,1215.9989133920026,40.78472375869751,2558619,2026-09-16,"{""metrics.jsonl"":""logs/cosine/awc4/h80/lr-0.005-b1-0.9-b2-0.99/s42/metrics.jsonl"",""result.json"":""logs/cosine/awc4/h80/lr-0.005-b1-0.9-b2-0.99/s42/result.json"",""resolved.yaml"":""logs/cosine/awc4/h80/lr-0.005-b1-0.9-b2-0.99/s42/resolved.yaml"",""receipt.json"":""logs/cosine/awc4/h80/lr-0.005-b1-0.9-b2-0.99/s42/receipt.json"",""request.json"":""logs/cosine/awc4/h80/lr-0.005-b1-0.9-b2-0.99/s42/request.json"",""environment.json"":""shared/environment-6f3852507c40735bb90345138f59561582048f8cdce81b482d45a81e29e5f602.json""}"
awc4-cosine-h80--0.005--0.9--0.99--s43,awc4,80,1585788.3497482922,1559047.1581537046,1434804.9417095464,102.90883536000183,1240.5690500459968,40.78472375869751,2558620,2026-09-16,"{""metrics.jsonl"":""logs/cosine/awc4/h80/lr-0.005-b1-0.9-b2-0.99/s43/metrics.jsonl"",""result.json"":""logs/cosine/awc4/h80/lr-0.005-b1-0.9-b2-0.99/s43/result.json"",""resolved.yaml"":""logs/cosine/awc4/h80/lr-0.005-b1-0.9-b2-0.99/s43/resolved.yaml"",""receipt.json"":""logs/cosine/awc4/h80/lr-0.005-b1-0.9-b2-0.99/s43/receipt.json"",""request.json"":""logs/cosine/awc4/h80/lr-0.005-b1-0.9-b2-0.99/s43/request.json"",""environment.json"":""shared/environment-ea36c279b4b9ce6d8a2de254ab3c9909038e06b27ba9668af5de3db5de4bc070.json""}"
awc4-cosine-h80--0.005--0.9--0.99--s44,awc4,80,1602489.9747943731,1573139.2576931429,1448487.0111472486,100.26897783900131,1227.2353763379979,40.78472375869751,2558621,2026-09-16,"{""metrics.jsonl"":""logs/cosine/awc4/h80/lr-0.005-b1-0.9-b2-0.99/s44/metrics.jsonl"",""result.json"":""logs/cosine/awc4/h80/lr-0.005-b1-0.9-b2-0.99/s44/result.json"",""resolved.yaml"":""logs/cosine/awc4/h80/lr-0.005-b1-0.9-b2-0.99/s44/resolved.yaml"",""receipt.json"":""logs/cosine/awc4/h80/lr-0.005-b1-0.9-b2-0.99/s44/receipt.json"",""request.json"":""logs/cosine/awc4/h80/lr-0.005-b1-0.9-b2-0.99/s44/request.json"",""environment.json"":""shared/environment-ad5ffee9c1fa1292269e0445042f061e5e9d407ba0212b370455cb0a6c95ef8b.json""}"
awc4-cosine-h80--0.005--0.9--0.999--s42,awc4,80,1579534.6651181227,1552187.5611492186,1427177.267490824,102.88742530500167,1246.6262217920012,40.78472375869751,2558634,2026-09-16,"{""metrics.jsonl"":""logs/cosine/awc4/h80/lr-0.005-b1-0.9-b2-0.999/s42/metrics.jsonl"",""result.json"":""logs/cosine/awc4/h80/lr-0.005-b1-0.9-b2-0.999/s42/result.json"",""resolved.yaml"":""logs/cosine/awc4/h80/lr-0.005-b1-0.9-b2-0.999/s42/resolved.yaml"",""receipt.json"":""logs/cosine/awc4/h80/lr-0.005-b1-0.9-b2-0.999/s42/receipt.json"",""request.json"":""logs/cosine/awc4/h80/lr-0.005-b1-0.9-b2-0.999/s42/request.json"",""environment.json"":""shared/environment-cf7d0be5218da9fe72e20aa3c83f9dfdd56a5e895656d1a175cb7e07163ec5fe.json""}"
awc4-cosine-h80--0.005--0.9--0.999--s43,awc4,80,1600973.412526066,1572820.304250622,1447153.992451444,101.48675402200024,1229.4409646639979,40.78472375869751,2558635,2026-09-16,"{""metrics.jsonl"":""logs/cosine/awc4/h80/lr-0.005-b1-0.9-b2-0.999/s43/metrics.jsonl"",""result.json"":""logs/cosine/awc4/h80/lr-0.005-b1-0.9-b2-0.999/s43/result.json"",""resolved.yaml"":""logs/cosine/awc4/h80/lr-0.005-b1-0.9-b2-0.999/s43/resolved.yaml"",""receipt.json"":""logs/cosine/awc4/h80/lr-0.005-b1-0.9-b2-0.999/s43/receipt.json"",""request.json"":""logs/cosine/awc4/h80/lr-0.005-b1-0.9-b2-0.999/s43/request.json"",""environment.json"":""shared/environment-24ced0239f6f88ffadf9f282d31e72f18ddcaebc386daf673b7709a8217a94cc.json""}"
awc4-cosine-h80--0.005--0.9--0.999--s44,awc4,80,1597169.8513587653,1569970.1005583594,1443607.1828971046,103.08291124300013,1233.8490977469992,40.78472375869751,2558636,2026-09-16,"{""metrics.jsonl"":""logs/cosine/awc4/h80/lr-0.005-b1-0.9-b2-0.999/s44/metrics.jsonl"",""result.json"":""logs/cosine/awc4/h80/lr-0.005-b1-0.9-b2-0.999/s44/result.json"",""resolved.yaml"":""logs/cosine/awc4/h80/lr-0.005-b1-0.9-b2-0.999/s44/resolved.yaml"",""receipt.json"":""logs/cosine/awc4/h80/lr-0.005-b1-0.9-b2-0.999/s44/receipt.json"",""request.json"":""logs/cosine/awc4/h80/lr-0.005-b1-0.9-b2-0.999/s44/request.json"",""environment.json"":""shared/environment-96bc36057da6c20a3995cad2885c00e2b27a4af31d0dddb734c7efc33237e7de.json""}"
awc4-cosine-h80--0.005--0.95--0.99--s42,awc4,80,1613099.4830531075,1585181.4392754035,1458689.3483729751,100.52159682101046,1219.578552802006,40.78472375869751,2558649,2026-09-16,"{""metrics.jsonl"":""logs/cosine/awc4/h80/lr-0.005-b1-0.95-b2-0.99/s42/metrics.jsonl"",""result.json"":""logs/cosine/awc4/h80/lr-0.005-b1-0.95-b2-0.99/s42/result.json"",""resolved.yaml"":""logs/cosine/awc4/h80/lr-0.005-b1-0.95-b2-0.99/s42/resolved.yaml"",""receipt.json"":""logs/cosine/awc4/h80/lr-0.005-b1-0.95-b2-0.99/s42/receipt.json"",""request.json"":""logs/cosine/awc4/h80/lr-0.005-b1-0.95-b2-0.99/s42/request.json"",""environment.json"":""shared/environment-ae1332423ed0f06cecf4d6634a4ba21d4168991c368cb4992935e3b60657a609.json""}"
awc4-cosine-h80--0.005--0.95--0.99--s43,awc4,80,1620109.389266,1589879.6315294767,1461790.0089621842,99.855343807998,1216.5224307769968,40.78472375869751,2558650,2026-09-16,"{""metrics.jsonl"":""logs/cosine/awc4/h80/lr-0.005-b1-0.95-b2-0.99/s43/metrics.jsonl"",""result.json"":""logs/cosine/awc4/h80/lr-0.005-b1-0.95-b2-0.99/s43/result.json"",""resolved.yaml"":""logs/cosine/awc4/h80/lr-0.005-b1-0.95-b2-0.99/s43/resolved.yaml"",""receipt.json"":""logs/cosine/awc4/h80/lr-0.005-b1-0.95-b2-0.99/s43/receipt.json"",""request.json"":""logs/cosine/awc4/h80/lr-0.005-b1-0.95-b2-0.99/s43/request.json"",""environment.json"":""shared/environment-ba148a63d3eb8c5a8d9a148b2a1bec9765c603f598c7be61585bb2581f84c975.json""}"
awc4-cosine-h80--0.005--0.95--0.99--s44,awc4,80,1605838.6050891618,1579303.6724799722,1454029.2846400517,101.35966138899676,1223.9988914659916,40.78472375869751,2558651,2026-09-16,"{""metrics.jsonl"":""logs/cosine/awc4/h80/lr-0.005-b1-0.95-b2-0.99/s44/metrics.jsonl"",""result.json"":""logs/cosine/awc4/h80/lr-0.005-b1-0.95-b2-0.99/s44/result.json"",""resolved.yaml"":""logs/cosine/awc4/h80/lr-0.005-b1-0.95-b2-0.99/s44/resolved.yaml"",""receipt.json"":""logs/cosine/awc4/h80/lr-0.005-b1-0.95-b2-0.99/s44/receipt.json"",""request.json"":""logs/cosine/awc4/h80/lr-0.005-b1-0.95-b2-0.99/s44/request.json"",""environment.json"":""shared/environment-6afa1ec27553e0a0a6b06598b6dcf196b3703719ae6486ba47a3df72fc901f39.json""}"
awc4-cosine-h80--0.005--0.95--0.999--s42,awc4,80,1611556.374964117,1583191.283071347,1457571.8688104488,99.90562226400652,1219.8029510929919,40.78472375869751,2558663,2026-09-16,"{""metrics.jsonl"":""logs/cosine/awc4/h80/lr-0.005-b1-0.95-b2-0.999/s42/metrics.jsonl"",""result.json"":""logs/cosine/awc4/h80/lr-0.005-b1-0.95-b2-0.999/s42/result.json"",""resolved.yaml"":""logs/cosine/awc4/h80/lr-0.005-b1-0.95-b2-0.999/s42/resolved.yaml"",""receipt.json"":""logs/cosine/awc4/h80/lr-0.005-b1-0.95-b2-0.999/s42/receipt.json"",""request.json"":""logs/cosine/awc4/h80/lr-0.005-b1-0.95-b2-0.999/s42/request.json"",""environment.json"":""shared/environment-56872e66f57bcc1b52473fc00b2871f756c66b92c9df9ad544e7724f87dabb28.json""}"
awc4-cosine-h80--0.005--0.95--0.999--s43,awc4,80,1610115.233873235,1581559.9478907865,1456118.089117299,99.22099322499707,1220.2291118930007,40.78472375869751,2558664,2026-09-16,"{""metrics.jsonl"":""logs/cosine/awc4/h80/lr-0.005-b1-0.95-b2-0.999/s43/metrics.jsonl"",""result.json"":""logs/cosine/awc4/h80/lr-0.005-b1-0.95-b2-0.999/s43/result.json"",""resolved.yaml"":""logs/cosine/awc4/h80/lr-0.005-b1-0.95-b2-0.999/s43/resolved.yaml"",""receipt.json"":""logs/cosine/awc4/h80/lr-0.005-b1-0.95-b2-0.999/s43/receipt.json"",""request.json"":""logs/cosine/awc4/h80/lr-0.005-b1-0.95-b2-0.999/s43/request.json"",""environment.json"":""shared/environment-68d9ad143a6e29dd0b2af8d7a55112749a3a9917097c4c01ba932e0f68690d66.json""}"
awc4-cosine-h80--0.005--0.95--0.999--s44,awc4,80,1603508.9929419549,1575396.4031218477,1450170.9162119871,101.66898523799318,1227.2707471309986,40.78472375869751,2558665,2026-09-16,"{""metrics.jsonl"":""logs/cosine/awc4/h80/lr-0.005-b1-0.95-b2-0.999/s44/metrics.jsonl"",""result.json"":""logs/cosine/awc4/h80/lr-0.005-b1-0.95-b2-0.999/s44/result.json"",""resolved.yaml"":""logs/cosine/awc4/h80/lr-0.005-b1-0.95-b2-0.999/s44/resolved.yaml"",""receipt.json"":""logs/cosine/awc4/h80/lr-0.005-b1-0.95-b2-0.999/s44/receipt.json"",""request.json"":""logs/cosine/awc4/h80/lr-0.005-b1-0.95-b2-0.999/s44/request.json"",""environment.json"":""shared/environment-f2a6e7f526e99784568f96aec131bd7b92834951b60ff8cccd6f36dd9db54c7f.json""}"
awc4-cosine-h80--0.005--0.974--0.99--s42,awc4,80,1621876.8784234466,1548331.7349908582,1427175.173696597,100.53978385099617,1244.8307774740097,40.78472375869751,2561038,2026-09-16,"{""metrics.jsonl"":""logs/cosine/awc4/h80/lr-0.005-b1-0.974-b2-0.99/s42/metrics.jsonl"",""result.json"":""logs/cosine/awc4/h80/lr-0.005-b1-0.974-b2-0.99/s42/result.json"",""resolved.yaml"":""logs/cosine/awc4/h80/lr-0.005-b1-0.974-b2-0.99/s42/resolved.yaml"",""receipt.json"":""logs/cosine/awc4/h80/lr-0.005-b1-0.974-b2-0.99/s42/receipt.json"",""request.json"":""logs/cosine/awc4/h80/lr-0.005-b1-0.974-b2-0.99/s42/request.json"",""environment.json"":""shared/environment-828d3d549d870dedcfc7a39e07200a32d153243fc2db1726dc85fcc9a3a4d612.json""}"
awc4-cosine-h80--0.005--0.974--0.99--s43,awc4,80,1587091.0082332208,1561514.9205594573,1438359.4806198997,100.80061339400709,1235.7225458019966,40.78472375869751,2561039,2026-09-16,"{""metrics.jsonl"":""logs/cosine/awc4/h80/lr-0.005-b1-0.974-b2-0.99/s43/metrics.jsonl"",""result.json"":""logs/cosine/awc4/h80/lr-0.005-b1-0.974-b2-0.99/s43/result.json"",""resolved.yaml"":""logs/cosine/awc4/h80/lr-0.005-b1-0.974-b2-0.99/s43/resolved.yaml"",""receipt.json"":""logs/cosine/awc4/h80/lr-0.005-b1-0.974-b2-0.99/s43/receipt.json"",""request.json"":""logs/cosine/awc4/h80/lr-0.005-b1-0.974-b2-0.99/s43/request.json"",""environment.json"":""shared/environment-04e4f0547a08fd810ae1b8a5528274ba910d02756211cd58ad35e272da0142c8.json""}"
awc4-cosine-h80--0.005--0.974--0.99--s44,awc4,80,1601889.1441782247,1574206.5418577867,1449162.7625620272,100.89121042798797,1227.3187763129972,40.78472375869751,2561040,2026-09-16,"{""metrics.jsonl"":""logs/cosine/awc4/h80/lr-0.005-b1-0.974-b2-0.99/s44/metrics.jsonl"",""result.json"":""logs/cosine/awc4/h80/lr-0.005-b1-0.974-b2-0.99/s44/result.json"",""resolved.yaml"":""logs/cosine/awc4/h80/lr-0.005-b1-0.974-b2-0.99/s44/resolved.yaml"",""receipt.json"":""logs/cosine/awc4/h80/lr-0.005-b1-0.974-b2-0.99/s44/receipt.json"",""request.json"":""logs/cosine/awc4/h80/lr-0.005-b1-0.974-b2-0.99/s44/request.json"",""environment.json"":""shared/environment-b7767fa4a1074df2d9535053858b50d296d373ff2f113374ea4aa82d928587a9.json""}"
awc4-cosine-h80--0.005--0.974--0.999--s42,awc4,80,1590168.1958872573,1518674.3150898064,1400521.06506597,101.99378328499733,1268.193928690991,40.78472375869751,2561487,2026-09-16,"{""metrics.jsonl"":""logs/cosine/awc4/h80/lr-0.005-b1-0.974-b2-0.999/s42/metrics.jsonl"",""result.json"":""logs/cosine/awc4/h80/lr-0.005-b1-0.974-b2-0.999/s42/result.json"",""resolved.yaml"":""logs/cosine/awc4/h80/lr-0.005-b1-0.974-b2-0.999/s42/resolved.yaml"",""receipt.json"":""logs/cosine/awc4/h80/lr-0.005-b1-0.974-b2-0.999/s42/receipt.json"",""request.json"":""logs/cosine/awc4/h80/lr-0.005-b1-0.974-b2-0.999/s42/request.json"",""environment.json"":""shared/environment-6fb654d69709e747b0a06b7e2f17ef4cdd6297eb0bb0584d083c1ec92a91f957.json""}"
awc4-cosine-h80--0.005--0.974--0.999--s43,awc4,80,1592872.1215770347,1521050.4130155025,1403080.9245091423,101.72223815499456,1265.8593648910028,40.78472375869751,2561526,2026-09-16,"{""metrics.jsonl"":""logs/cosine/awc4/h80/lr-0.005-b1-0.974-b2-0.999/s43/metrics.jsonl"",""result.json"":""logs/cosine/awc4/h80/lr-0.005-b1-0.974-b2-0.999/s43/result.json"",""resolved.yaml"":""logs/cosine/awc4/h80/lr-0.005-b1-0.974-b2-0.999/s43/resolved.yaml"",""receipt.json"":""logs/cosine/awc4/h80/lr-0.005-b1-0.974-b2-0.999/s43/receipt.json"",""request.json"":""logs/cosine/awc4/h80/lr-0.005-b1-0.974-b2-0.999/s43/request.json"",""environment.json"":""shared/environment-950d92664683b565f3b7188b10334eed55a8f691bef32f6c65d020d1d532bf14.json""}"
awc4-cosine-h80--0.005--0.974--0.999--s44,awc4,80,1568032.2577361409,1541902.7237946251,1419983.1874111139,102.45400782000797,1252.0953397809935,40.78472375869751,2561548,2026-09-16,"{""metrics.jsonl"":""logs/cosine/awc4/h80/lr-0.005-b1-0.974-b2-0.999/s44/metrics.jsonl"",""result.json"":""logs/cosine/awc4/h80/lr-0.005-b1-0.974-b2-0.999/s44/result.json"",""resolved.yaml"":""logs/cosine/awc4/h80/lr-0.005-b1-0.974-b2-0.999/s44/resolved.yaml"",""receipt.json"":""logs/cosine/awc4/h80/lr-0.005-b1-0.974-b2-0.999/s44/receipt.json"",""request.json"":""logs/cosine/awc4/h80/lr-0.005-b1-0.974-b2-0.999/s44/request.json"",""environment.json"":""shared/environment-8b730215674cfb170e08ea33226cce09bc3de30613b98e0138392a2e8073d881.json""}"
awc4-cosine-h80--0.006--0.9--0.99--s42,awc4,80,1559510.4078136173,1532915.6368583005,1412077.4046756662,103.20223393700144,1259.2120522149999,40.78472375869751,2558622,2026-09-16,"{""metrics.jsonl"":""logs/cosine/awc4/h80/lr-0.006-b1-0.9-b2-0.99/s42/metrics.jsonl"",""result.json"":""logs/cosine/awc4/h80/lr-0.006-b1-0.9-b2-0.99/s42/result.json"",""resolved.yaml"":""logs/cosine/awc4/h80/lr-0.006-b1-0.9-b2-0.99/s42/resolved.yaml"",""receipt.json"":""logs/cosine/awc4/h80/lr-0.006-b1-0.9-b2-0.99/s42/receipt.json"",""request.json"":""logs/cosine/awc4/h80/lr-0.006-b1-0.9-b2-0.99/s42/request.json"",""environment.json"":""shared/environment-6a6ace8f3715dc0a07249c9d376902452eeecdac5423ac914492e661e47e8b77.json""}"
awc4-cosine-h80--0.006--0.9--0.99--s43,awc4,80,1597684.297807471,1529616.4197345898,1410110.4596557945,102.05953346099705,1260.1355525959953,40.78472375869751,2558623,2026-09-16,"{""metrics.jsonl"":""logs/cosine/awc4/h80/lr-0.006-b1-0.9-b2-0.99/s43/metrics.jsonl"",""result.json"":""logs/cosine/awc4/h80/lr-0.006-b1-0.9-b2-0.99/s43/result.json"",""resolved.yaml"":""logs/cosine/awc4/h80/lr-0.006-b1-0.9-b2-0.99/s43/resolved.yaml"",""receipt.json"":""logs/cosine/awc4/h80/lr-0.006-b1-0.9-b2-0.99/s43/receipt.json"",""request.json"":""logs/cosine/awc4/h80/lr-0.006-b1-0.9-b2-0.99/s43/request.json"",""environment.json"":""shared/environment-880adf8c8bbb391ace91b5e15419a65262c53d5088ba9d4f5eb9960912fc13d6.json""}"
awc4-cosine-h80--0.006--0.9--0.99--s44,awc4,80,1569584.7684051774,1543529.8450007432,1421690.2825643753,103.68269821500871,1251.887511175999,40.78472375869751,2558624,2026-09-16,"{""metrics.jsonl"":""logs/cosine/awc4/h80/lr-0.006-b1-0.9-b2-0.99/s44/metrics.jsonl"",""result.json"":""logs/cosine/awc4/h80/lr-0.006-b1-0.9-b2-0.99/s44/result.json"",""resolved.yaml"":""logs/cosine/awc4/h80/lr-0.006-b1-0.9-b2-0.99/s44/resolved.yaml"",""receipt.json"":""logs/cosine/awc4/h80/lr-0.006-b1-0.9-b2-0.99/s44/receipt.json"",""request.json"":""logs/cosine/awc4/h80/lr-0.006-b1-0.9-b2-0.99/s44/request.json"",""environment.json"":""shared/environment-811ff887339a4ca4ff26f12c926a9a4c158288737f0a3277c6f639cd6051d057.json""}"
awc4-cosine-h80--0.006--0.9--0.999--s42,awc4,80,1615210.4565225393,1538027.2277074705,1418695.203609423,99.73284345900174,1250.8674103540034,40.78472375869751,2558637,2026-09-16,"{""metrics.jsonl"":""logs/cosine/awc4/h80/lr-0.006-b1-0.9-b2-0.999/s42/metrics.jsonl"",""result.json"":""logs/cosine/awc4/h80/lr-0.006-b1-0.9-b2-0.999/s42/result.json"",""resolved.yaml"":""logs/cosine/awc4/h80/lr-0.006-b1-0.9-b2-0.999/s42/resolved.yaml"",""receipt.json"":""logs/cosine/awc4/h80/lr-0.006-b1-0.9-b2-0.999/s42/receipt.json"",""request.json"":""logs/cosine/awc4/h80/lr-0.006-b1-0.9-b2-0.999/s42/request.json"",""environment.json"":""shared/environment-ea432d099d260ef6d925f9e975a395452fc9e7f6feb4cad075082cd9a2b23950.json""}"
awc4-cosine-h80--0.006--0.9--0.999--s43,awc4,80,1604024.4566744494,1527785.7197967728,1409009.7415517475,101.64984016299422,1260.6864598469983,40.78472375869751,2558638,2026-09-16,"{""metrics.jsonl"":""logs/cosine/awc4/h80/lr-0.006-b1-0.9-b2-0.999/s43/metrics.jsonl"",""result.json"":""logs/cosine/awc4/h80/lr-0.006-b1-0.9-b2-0.999/s43/result.json"",""resolved.yaml"":""logs/cosine/awc4/h80/lr-0.006-b1-0.9-b2-0.999/s43/resolved.yaml"",""receipt.json"":""logs/cosine/awc4/h80/lr-0.006-b1-0.9-b2-0.999/s43/receipt.json"",""request.json"":""logs/cosine/awc4/h80/lr-0.006-b1-0.9-b2-0.999/s43/request.json"",""environment.json"":""shared/environment-6aecbe4602bc344976164e22456eadb5415bede5ba5310f70c6be39c956293f4.json""}"
awc4-cosine-h80--0.006--0.9--0.999--s44,awc4,80,1591864.2592712669,1565639.6167048472,1441036.3774370302,100.7491768309992,1233.5667802980024,40.78472375869751,2558639,2026-09-16,"{""metrics.jsonl"":""logs/cosine/awc4/h80/lr-0.006-b1-0.9-b2-0.999/s44/metrics.jsonl"",""result.json"":""logs/cosine/awc4/h80/lr-0.006-b1-0.9-b2-0.999/s44/result.json"",""resolved.yaml"":""logs/cosine/awc4/h80/lr-0.006-b1-0.9-b2-0.999/s44/resolved.yaml"",""receipt.json"":""logs/cosine/awc4/h80/lr-0.006-b1-0.9-b2-0.999/s44/receipt.json"",""request.json"":""logs/cosine/awc4/h80/lr-0.006-b1-0.9-b2-0.999/s44/request.json"",""environment.json"":""shared/environment-9af8af5a7a722896f249ff9708cd1b8eecca82259d1a75347f463b75c1557d48.json""}"
awc4-cosine-h80--0.006--0.95--0.99--s42,awc4,80,1595208.6615676202,1565743.7198411885,1440620.852284855,101.37286028600647,1234.4625480440009,40.78472375869751,2558652,2026-09-16,"{""metrics.jsonl"":""logs/cosine/awc4/h80/lr-0.006-b1-0.95-b2-0.99/s42/metrics.jsonl"",""result.json"":""logs/cosine/awc4/h80/lr-0.006-b1-0.95-b2-0.99/s42/result.json"",""resolved.yaml"":""logs/cosine/awc4/h80/lr-0.006-b1-0.95-b2-0.99/s42/resolved.yaml"",""receipt.json"":""logs/cosine/awc4/h80/lr-0.006-b1-0.95-b2-0.99/s42/receipt.json"",""request.json"":""logs/cosine/awc4/h80/lr-0.006-b1-0.95-b2-0.99/s42/request.json"",""environment.json"":""shared/environment-9e92e43c8e4287c1504ed376a3db0f15d27a583f69b3215c4080eba7957d9f7f.json""}"
awc4-cosine-h80--0.006--0.95--0.99--s43,awc4,80,1607281.1812987432,1578876.3223470869,1454408.9792027534,99.31230401500943,1221.6799654740025,40.78472375869751,2558653,2026-09-16,"{""metrics.jsonl"":""logs/cosine/awc4/h80/lr-0.006-b1-0.95-b2-0.99/s43/metrics.jsonl"",""result.json"":""logs/cosine/awc4/h80/lr-0.006-b1-0.95-b2-0.99/s43/result.json"",""resolved.yaml"":""logs/cosine/awc4/h80/lr-0.006-b1-0.95-b2-0.99/s43/resolved.yaml"",""receipt.json"":""logs/cosine/awc4/h80/lr-0.006-b1-0.95-b2-0.99/s43/receipt.json"",""request.json"":""logs/cosine/awc4/h80/lr-0.006-b1-0.95-b2-0.99/s43/request.json"",""environment.json"":""shared/environment-4c3e0354653b3eccb0fb4c256af2c4d80cea3881a9a974dc6abab0ee6bfc671f.json""}"
awc4-cosine-h80--0.006--0.95--0.99--s44,awc4,80,1601557.5200754127,1573300.4910863389,1446124.0588197696,100.94607387899305,1229.742114296998,40.78472375869751,2558654,2026-09-16,"{""metrics.jsonl"":""logs/cosine/awc4/h80/lr-0.006-b1-0.95-b2-0.99/s44/metrics.jsonl"",""result.json"":""logs/cosine/awc4/h80/lr-0.006-b1-0.95-b2-0.99/s44/result.json"",""resolved.yaml"":""logs/cosine/awc4/h80/lr-0.006-b1-0.95-b2-0.99/s44/resolved.yaml"",""receipt.json"":""logs/cosine/awc4/h80/lr-0.006-b1-0.95-b2-0.99/s44/receipt.json"",""request.json"":""logs/cosine/awc4/h80/lr-0.006-b1-0.95-b2-0.99/s44/request.json"",""environment.json"":""shared/environment-19b3d2c0808f33f251bf2d868938305c313b03a73e2d84156766d04b6f2f67b9.json""}"
awc4-cosine-h80--0.006--0.95--0.999--s42,awc4,80,1562530.534162599,1535556.3473894873,1414809.9083423102,102.46708674100228,1256.2036321409978,40.78472375869751,2558666,2026-09-16,"{""metrics.jsonl"":""logs/cosine/awc4/h80/lr-0.006-b1-0.95-b2-0.999/s42/metrics.jsonl"",""result.json"":""logs/cosine/awc4/h80/lr-0.006-b1-0.95-b2-0.999/s42/result.json"",""resolved.yaml"":""logs/cosine/awc4/h80/lr-0.006-b1-0.95-b2-0.999/s42/resolved.yaml"",""receipt.json"":""logs/cosine/awc4/h80/lr-0.006-b1-0.95-b2-0.999/s42/receipt.json"",""request.json"":""logs/cosine/awc4/h80/lr-0.006-b1-0.95-b2-0.999/s42/request.json"",""environment.json"":""shared/environment-24ff54040993f8381b989de483abf6260b218c3ef00f70a6e1b9dc99bba5c8c3.json""}"
awc4-cosine-h80--0.006--0.95--0.999--s43,awc4,80,1596178.1459183462,1569557.6328046862,1445275.2065307144,101.39601310400758,1230.8711412609991,40.78472375869751,2560854,2026-09-16,"{""metrics.jsonl"":""logs/cosine/awc4/h80/lr-0.006-b1-0.95-b2-0.999/s43/metrics.jsonl"",""result.json"":""logs/cosine/awc4/h80/lr-0.006-b1-0.95-b2-0.999/s43/result.json"",""resolved.yaml"":""logs/cosine/awc4/h80/lr-0.006-b1-0.95-b2-0.999/s43/resolved.yaml"",""receipt.json"":""logs/cosine/awc4/h80/lr-0.006-b1-0.95-b2-0.999/s43/receipt.json"",""request.json"":""logs/cosine/awc4/h80/lr-0.006-b1-0.95-b2-0.999/s43/request.json"",""environment.json"":""shared/environment-1b1412d8d37691253bcd544b3d4b864366ccbc71c2dd7b16cefdb9459eb7f509.json""}"
awc4-cosine-h80--0.006--0.95--0.999--s44,awc4,80,1606908.5760558408,1574671.6131044603,1448857.1230099797,101.38368022099894,1228.0205302149989,40.78472375869751,2560902,2026-09-16,"{""metrics.jsonl"":""logs/cosine/awc4/h80/lr-0.006-b1-0.95-b2-0.999/s44/metrics.jsonl"",""result.json"":""logs/cosine/awc4/h80/lr-0.006-b1-0.95-b2-0.999/s44/result.json"",""resolved.yaml"":""logs/cosine/awc4/h80/lr-0.006-b1-0.95-b2-0.999/s44/resolved.yaml"",""receipt.json"":""logs/cosine/awc4/h80/lr-0.006-b1-0.95-b2-0.999/s44/receipt.json"",""request.json"":""logs/cosine/awc4/h80/lr-0.006-b1-0.95-b2-0.999/s44/request.json"",""environment.json"":""shared/environment-0be381a145bb909443d9729aa1d711b1420e47251e7e5a8fd57d011ae9f65a4d.json""}"
awc4-cosine-h80--0.006--0.974--0.99--s42,awc4,80,1617550.288966782,1544383.198347118,1423872.7890875197,100.24423261798802,1247.2603473780036,40.78472375869751,2561041,2026-09-16,"{""metrics.jsonl"":""logs/cosine/awc4/h80/lr-0.006-b1-0.974-b2-0.99/s42/metrics.jsonl"",""result.json"":""logs/cosine/awc4/h80/lr-0.006-b1-0.974-b2-0.99/s42/result.json"",""resolved.yaml"":""logs/cosine/awc4/h80/lr-0.006-b1-0.974-b2-0.99/s42/resolved.yaml"",""receipt.json"":""logs/cosine/awc4/h80/lr-0.006-b1-0.974-b2-0.99/s42/receipt.json"",""request.json"":""logs/cosine/awc4/h80/lr-0.006-b1-0.974-b2-0.99/s42/request.json"",""environment.json"":""shared/environment-bb3068e12496390a27cce19dd690c8a95d57dbfb74bbe42dffc8345049973ca4.json""}"
awc4-cosine-h80--0.006--0.974--0.99--s43,awc4,80,1608992.5160644532,1536517.5435246483,1417049.366411999,100.60865447900142,1253.144293655001,40.78472375869751,2561042,2026-09-16,"{""metrics.jsonl"":""logs/cosine/awc4/h80/lr-0.006-b1-0.974-b2-0.99/s43/metrics.jsonl"",""result.json"":""logs/cosine/awc4/h80/lr-0.006-b1-0.974-b2-0.99/s43/result.json"",""resolved.yaml"":""logs/cosine/awc4/h80/lr-0.006-b1-0.974-b2-0.99/s43/resolved.yaml"",""receipt.json"":""logs/cosine/awc4/h80/lr-0.006-b1-0.974-b2-0.99/s43/receipt.json"",""request.json"":""logs/cosine/awc4/h80/lr-0.006-b1-0.974-b2-0.99/s43/request.json"",""environment.json"":""shared/environment-256322e50d344172133dc72a49d3367170a1389549133c284a366e182b8fedd6.json""}"
awc4-cosine-h80--0.006--0.974--0.99--s44,awc4,80,1587685.0624511065,1557690.9765627575,1434250.8368934023,100.8397805239947,1239.1088872149994,40.78472375869751,2561064,2026-09-16,"{""metrics.jsonl"":""logs/cosine/awc4/h80/lr-0.006-b1-0.974-b2-0.99/s44/metrics.jsonl"",""result.json"":""logs/cosine/awc4/h80/lr-0.006-b1-0.974-b2-0.99/s44/result.json"",""resolved.yaml"":""logs/cosine/awc4/h80/lr-0.006-b1-0.974-b2-0.99/s44/resolved.yaml"",""receipt.json"":""logs/cosine/awc4/h80/lr-0.006-b1-0.974-b2-0.99/s44/receipt.json"",""request.json"":""logs/cosine/awc4/h80/lr-0.006-b1-0.974-b2-0.99/s44/request.json"",""environment.json"":""shared/environment-8444d73e6b9701e359ac29262a8ee431eb368212bdfa04ce7b154e99631d8ab2.json""}"
awc4-cosine-h80--0.006--0.974--0.999--s42,awc4,80,1587145.609032807,1560889.605439214,1438308.2757813924,101.34054668698809,1236.250434710004,40.78472375869751,2561549,2026-09-16,"{""metrics.jsonl"":""logs/cosine/awc4/h80/lr-0.006-b1-0.974-b2-0.999/s42/metrics.jsonl"",""result.json"":""logs/cosine/awc4/h80/lr-0.006-b1-0.974-b2-0.999/s42/result.json"",""resolved.yaml"":""logs/cosine/awc4/h80/lr-0.006-b1-0.974-b2-0.999/s42/resolved.yaml"",""receipt.json"":""logs/cosine/awc4/h80/lr-0.006-b1-0.974-b2-0.999/s42/receipt.json"",""request.json"":""logs/cosine/awc4/h80/lr-0.006-b1-0.974-b2-0.999/s42/request.json"",""environment.json"":""shared/environment-fa4f2ae238d1fb641c050d9a5c936bc4bda840061a45fe2824ec634d5a05201f.json""}"
awc4-cosine-h80--0.006--0.974--0.999--s43,awc4,80,1629328.7562797614,1601904.5032356079,1462117.5633969514,100.09444652100501,1216.511640176992,40.78472375869751,2561558,2026-09-16,"{""metrics.jsonl"":""logs/cosine/awc4/h80/lr-0.006-b1-0.974-b2-0.999/s43/metrics.jsonl"",""result.json"":""logs/cosine/awc4/h80/lr-0.006-b1-0.974-b2-0.999/s43/result.json"",""resolved.yaml"":""logs/cosine/awc4/h80/lr-0.006-b1-0.974-b2-0.999/s43/resolved.yaml"",""receipt.json"":""logs/cosine/awc4/h80/lr-0.006-b1-0.974-b2-0.999/s43/receipt.json"",""request.json"":""logs/cosine/awc4/h80/lr-0.006-b1-0.974-b2-0.999/s43/request.json"",""environment.json"":""shared/environment-67ac3379c49c9c7bfa60d37b8e053861330efdd926058a2016dff8298df5dbba.json""}"
awc4-cosine-h80--0.006--0.974--0.999--s44,awc4,80,1581856.7479611714,1555437.4714598584,1423061.9577315277,103.07791711299797,1250.1771421390004,40.78472375869751,2561559,2026-09-16,"{""metrics.jsonl"":""logs/cosine/awc4/h80/lr-0.006-b1-0.974-b2-0.999/s44/metrics.jsonl"",""result.json"":""logs/cosine/awc4/h80/lr-0.006-b1-0.974-b2-0.999/s44/result.json"",""resolved.yaml"":""logs/cosine/awc4/h80/lr-0.006-b1-0.974-b2-0.999/s44/resolved.yaml"",""receipt.json"":""logs/cosine/awc4/h80/lr-0.006-b1-0.974-b2-0.999/s44/receipt.json"",""request.json"":""logs/cosine/awc4/h80/lr-0.006-b1-0.974-b2-0.999/s44/request.json"",""environment.json"":""shared/environment-7602ad102279acb90b9ebd49cf0c8c1a5888d7fc9ceff3b0c2354596af750545.json""}"
awc4-cosine-h80--0.007--0.9--0.99--s42,awc4,80,1594977.9872503728,1567945.343680887,1443302.5133774816,101.89650869300385,1232.8806934750028,40.78472375869751,2558625,2026-09-16,"{""metrics.jsonl"":""logs/cosine/awc4/h80/lr-0.007-b1-0.9-b2-0.99/s42/metrics.jsonl"",""result.json"":""logs/cosine/awc4/h80/lr-0.007-b1-0.9-b2-0.99/s42/result.json"",""resolved.yaml"":""logs/cosine/awc4/h80/lr-0.007-b1-0.9-b2-0.99/s42/resolved.yaml"",""receipt.json"":""logs/cosine/awc4/h80/lr-0.007-b1-0.9-b2-0.99/s42/receipt.json"",""request.json"":""logs/cosine/awc4/h80/lr-0.007-b1-0.9-b2-0.99/s42/request.json"",""environment.json"":""shared/environment-f1f71bbcbac967225af46579c96308051d71faafa3f6ea24bd0209aa0f2c077c.json""}"
awc4-cosine-h80--0.007--0.9--0.99--s43,awc4,80,1590740.5454079353,1561140.5768296751,1438035.5129459312,100.50494289200287,1235.630138987006,40.78472375869751,2558626,2026-09-16,"{""metrics.jsonl"":""logs/cosine/awc4/h80/lr-0.007-b1-0.9-b2-0.99/s43/metrics.jsonl"",""result.json"":""logs/cosine/awc4/h80/lr-0.007-b1-0.9-b2-0.99/s43/result.json"",""resolved.yaml"":""logs/cosine/awc4/h80/lr-0.007-b1-0.9-b2-0.99/s43/resolved.yaml"",""receipt.json"":""logs/cosine/awc4/h80/lr-0.007-b1-0.9-b2-0.99/s43/receipt.json"",""request.json"":""logs/cosine/awc4/h80/lr-0.007-b1-0.9-b2-0.99/s43/request.json"",""environment.json"":""shared/environment-cba1ea306742cd20441f328ac943cfd1287521ba3fad0e189934e272dacec96a.json""}"
awc4-cosine-h80--0.007--0.9--0.99--s44,awc4,80,1578524.7096073474,1550566.0646350887,1428003.7418834341,102.1446934560081,1245.2278423499956,40.78472375869751,2558627,2026-09-16,"{""metrics.jsonl"":""logs/cosine/awc4/h80/lr-0.007-b1-0.9-b2-0.99/s44/metrics.jsonl"",""result.json"":""logs/cosine/awc4/h80/lr-0.007-b1-0.9-b2-0.99/s44/result.json"",""resolved.yaml"":""logs/cosine/awc4/h80/lr-0.007-b1-0.9-b2-0.99/s44/resolved.yaml"",""receipt.json"":""logs/cosine/awc4/h80/lr-0.007-b1-0.9-b2-0.99/s44/receipt.json"",""request.json"":""logs/cosine/awc4/h80/lr-0.007-b1-0.9-b2-0.99/s44/request.json"",""environment.json"":""shared/environment-988974c21fcfdd6188ec8038c214801da53f72fb089b95dfa1d15d4725835d1f.json""}"
awc4-cosine-h80--0.007--0.9--0.999--s42,awc4,80,1604863.0527675012,1577106.9222966854,1448823.879873246,102.20102539299114,1228.8727848639974,40.78472375869751,2558640,2026-09-16,"{""metrics.jsonl"":""logs/cosine/awc4/h80/lr-0.007-b1-0.9-b2-0.999/s42/metrics.jsonl"",""result.json"":""logs/cosine/awc4/h80/lr-0.007-b1-0.9-b2-0.999/s42/result.json"",""resolved.yaml"":""logs/cosine/awc4/h80/lr-0.007-b1-0.9-b2-0.999/s42/resolved.yaml"",""receipt.json"":""logs/cosine/awc4/h80/lr-0.007-b1-0.9-b2-0.999/s42/receipt.json"",""request.json"":""logs/cosine/awc4/h80/lr-0.007-b1-0.9-b2-0.999/s42/request.json"",""environment.json"":""shared/environment-5ab76b5362ef8ebd32e45698bfc4fe10ff5c3ad84774dab4ee20ab770a0bded2.json""}"
awc4-cosine-h80--0.007--0.9--0.999--s43,awc4,80,1635957.0401766964,1608906.518009345,1478453.216461442,101.38612835000094,1205.479099956996,40.78472375869751,2558641,2026-09-16,"{""metrics.jsonl"":""logs/cosine/awc4/h80/lr-0.007-b1-0.9-b2-0.999/s43/metrics.jsonl"",""result.json"":""logs/cosine/awc4/h80/lr-0.007-b1-0.9-b2-0.999/s43/result.json"",""resolved.yaml"":""logs/cosine/awc4/h80/lr-0.007-b1-0.9-b2-0.999/s43/resolved.yaml"",""receipt.json"":""logs/cosine/awc4/h80/lr-0.007-b1-0.9-b2-0.999/s43/receipt.json"",""request.json"":""logs/cosine/awc4/h80/lr-0.007-b1-0.9-b2-0.999/s43/request.json"",""environment.json"":""shared/environment-aab67507ea8d436a0fb8567eb33977db7d894a331da5a1240950caec327e965e.json""}"
awc4-cosine-h80--0.007--0.9--0.999--s44,awc4,80,1585355.071011414,1558142.5229676461,1435109.1104633536,101.15015434600355,1238.5692623649957,40.78472375869751,2558642,2026-09-16,"{""metrics.jsonl"":""logs/cosine/awc4/h80/lr-0.007-b1-0.9-b2-0.999/s44/metrics.jsonl"",""result.json"":""logs/cosine/awc4/h80/lr-0.007-b1-0.9-b2-0.999/s44/result.json"",""resolved.yaml"":""logs/cosine/awc4/h80/lr-0.007-b1-0.9-b2-0.999/s44/resolved.yaml"",""receipt.json"":""logs/cosine/awc4/h80/lr-0.007-b1-0.9-b2-0.999/s44/receipt.json"",""request.json"":""logs/cosine/awc4/h80/lr-0.007-b1-0.9-b2-0.999/s44/request.json"",""environment.json"":""shared/environment-df74d64bb22c458f274f62d977aa072e9234c15570a41813bc79dc2c5b1044db.json""}"
awc4-cosine-h80--0.007--0.95--0.99--s42,awc4,80,1585178.0951652576,1532224.0567856866,1411392.5822957582,102.28606675600167,1259.299315709999,40.78472375869751,2557118,2026-09-16,"{""metrics.jsonl"":""logs/cosine/awc4/h80/lr-0.007-b1-0.95-b2-0.99/s42/metrics.jsonl"",""result.json"":""logs/cosine/awc4/h80/lr-0.007-b1-0.95-b2-0.99/s42/result.json"",""resolved.yaml"":""logs/cosine/awc4/h80/lr-0.007-b1-0.95-b2-0.99/s42/resolved.yaml"",""receipt.json"":""logs/cosine/awc4/h80/lr-0.007-b1-0.95-b2-0.99/s42/receipt.json"",""request.json"":""logs/cosine/awc4/h80/lr-0.007-b1-0.95-b2-0.99/s42/request.json"",""environment.json"":""shared/environment-5bf800bbee59ebf84fa4e5fa5874e4f814c0f5f7ce330f2b4ad5a12dd53e4c7c.json""}"
awc4-cosine-h80--0.007--0.95--0.99--s43,awc4,80,1633529.8540294517,1604082.5225791244,1476532.4987304031,98.60876812900824,1204.1576351880067,40.78472375869751,2558655,2026-09-16,"{""metrics.jsonl"":""logs/cosine/awc4/h80/lr-0.007-b1-0.95-b2-0.99/s43/metrics.jsonl"",""result.json"":""logs/cosine/awc4/h80/lr-0.007-b1-0.95-b2-0.99/s43/result.json"",""resolved.yaml"":""logs/cosine/awc4/h80/lr-0.007-b1-0.95-b2-0.99/s43/resolved.yaml"",""receipt.json"":""logs/cosine/awc4/h80/lr-0.007-b1-0.95-b2-0.99/s43/receipt.json"",""request.json"":""logs/cosine/awc4/h80/lr-0.007-b1-0.95-b2-0.99/s43/request.json"",""environment.json"":""shared/environment-e0219f9472dbc2ac17939d5d0aa7899b1c7b73bd4f2216d420ed5f5aaf42520a.json""}"
awc4-cosine-h80--0.007--0.95--0.99--s44,awc4,80,1589171.5587798518,1560362.4334004016,1437287.5591098857,100.93347906299459,1236.6608586929942,40.78472375869751,2558656,2026-09-16,"{""metrics.jsonl"":""logs/cosine/awc4/h80/lr-0.007-b1-0.95-b2-0.99/s44/metrics.jsonl"",""result.json"":""logs/cosine/awc4/h80/lr-0.007-b1-0.95-b2-0.99/s44/result.json"",""resolved.yaml"":""logs/cosine/awc4/h80/lr-0.007-b1-0.95-b2-0.99/s44/resolved.yaml"",""receipt.json"":""logs/cosine/awc4/h80/lr-0.007-b1-0.95-b2-0.99/s44/receipt.json"",""request.json"":""logs/cosine/awc4/h80/lr-0.007-b1-0.95-b2-0.99/s44/request.json"",""environment.json"":""shared/environment-92b4b512528a58fdb8c0f249380ea6d641b14a8bdf1a16a6b91b9b8a21bf04bc.json""}"
awc4-cosine-h80--0.007--0.95--0.999--s42,awc4,80,1597147.2127340187,1571261.2609575929,1445643.7899652943,102.13150224699348,1231.3368330329977,40.78472375869751,2560923,2026-09-16,"{""metrics.jsonl"":""logs/cosine/awc4/h80/lr-0.007-b1-0.95-b2-0.999/s42/metrics.jsonl"",""result.json"":""logs/cosine/awc4/h80/lr-0.007-b1-0.95-b2-0.999/s42/result.json"",""resolved.yaml"":""logs/cosine/awc4/h80/lr-0.007-b1-0.95-b2-0.999/s42/resolved.yaml"",""receipt.json"":""logs/cosine/awc4/h80/lr-0.007-b1-0.95-b2-0.999/s42/receipt.json"",""request.json"":""logs/cosine/awc4/h80/lr-0.007-b1-0.95-b2-0.999/s42/request.json"",""environment.json"":""shared/environment-86ebb36f295d675e207dedd9112ec2e65909fe83fe333b126d1b5db3c3f5647e.json""}"
awc4-cosine-h80--0.007--0.95--0.999--s43,awc4,80,1624077.4401114394,1597225.345085635,1469432.2114758021,100.49400968699774,1211.3782358840108,40.78472375869751,2560924,2026-09-16,"{""metrics.jsonl"":""logs/cosine/awc4/h80/lr-0.007-b1-0.95-b2-0.999/s43/metrics.jsonl"",""result.json"":""logs/cosine/awc4/h80/lr-0.007-b1-0.95-b2-0.999/s43/result.json"",""resolved.yaml"":""logs/cosine/awc4/h80/lr-0.007-b1-0.95-b2-0.999/s43/resolved.yaml"",""receipt.json"":""logs/cosine/awc4/h80/lr-0.007-b1-0.95-b2-0.999/s43/receipt.json"",""request.json"":""logs/cosine/awc4/h80/lr-0.007-b1-0.95-b2-0.999/s43/request.json"",""environment.json"":""shared/environment-9909887f33412f89947480f6344147e5696d27cf70c8dea4e0757d6ae19e5efb.json""}"
awc4-cosine-h80--0.007--0.95--0.999--s44,awc4,80,1568934.376702026,1543925.4973353401,1422222.14339002,102.19359325901314,1250.0241528159968,40.78472375869751,2560925,2026-09-16,"{""metrics.jsonl"":""logs/cosine/awc4/h80/lr-0.007-b1-0.95-b2-0.999/s44/metrics.jsonl"",""result.json"":""logs/cosine/awc4/h80/lr-0.007-b1-0.95-b2-0.999/s44/result.json"",""resolved.yaml"":""logs/cosine/awc4/h80/lr-0.007-b1-0.95-b2-0.999/s44/resolved.yaml"",""receipt.json"":""logs/cosine/awc4/h80/lr-0.007-b1-0.95-b2-0.999/s44/receipt.json"",""request.json"":""logs/cosine/awc4/h80/lr-0.007-b1-0.95-b2-0.999/s44/request.json"",""environment.json"":""shared/environment-ae20afd4f8197a13b61f9eb984666bd8a2d29ac2174cae56a9365c2fd6074440.json""}"
awc4-cosine-h80--0.007--0.974--0.99--s42,awc4,80,1590283.9446142071,1560255.9754370782,1435298.619821212,102.16633953100245,1239.5961712370045,40.78472375869751,2561085,2026-09-16,"{""metrics.jsonl"":""logs/cosine/awc4/h80/lr-0.007-b1-0.974-b2-0.99/s42/metrics.jsonl"",""result.json"":""logs/cosine/awc4/h80/lr-0.007-b1-0.974-b2-0.99/s42/result.json"",""resolved.yaml"":""logs/cosine/awc4/h80/lr-0.007-b1-0.974-b2-0.99/s42/resolved.yaml"",""receipt.json"":""logs/cosine/awc4/h80/lr-0.007-b1-0.974-b2-0.99/s42/receipt.json"",""request.json"":""logs/cosine/awc4/h80/lr-0.007-b1-0.974-b2-0.99/s42/request.json"",""environment.json"":""shared/environment-dc7c6dbed574e9e63af0eb58b071ca5a54f5c547a25d77fd1a9bd293343dc0a2.json""}"
awc4-cosine-h80--0.007--0.974--0.99--s43,awc4,80,1609366.794768992,1578693.5930105166,1449580.3350875813,101.5083195210027,1227.7302301190066,40.78472375869751,2561097,2026-09-16,"{""metrics.jsonl"":""logs/cosine/awc4/h80/lr-0.007-b1-0.974-b2-0.99/s43/metrics.jsonl"",""result.json"":""logs/cosine/awc4/h80/lr-0.007-b1-0.974-b2-0.99/s43/result.json"",""resolved.yaml"":""logs/cosine/awc4/h80/lr-0.007-b1-0.974-b2-0.99/s43/resolved.yaml"",""receipt.json"":""logs/cosine/awc4/h80/lr-0.007-b1-0.974-b2-0.99/s43/receipt.json"",""request.json"":""logs/cosine/awc4/h80/lr-0.007-b1-0.974-b2-0.99/s43/request.json"",""environment.json"":""shared/environment-3c8260875389289a7a7c7c9877d4ba3d54b643847b99a4961a64943fa948f219.json""}"
awc4-cosine-h80--0.007--0.974--0.99--s44,awc4,80,1623642.4931204221,1596521.4935038835,1469738.6281362465,99.78047864699329,1210.431713265003,40.78472375869751,2561099,2026-09-16,"{""metrics.jsonl"":""logs/cosine/awc4/h80/lr-0.007-b1-0.974-b2-0.99/s44/metrics.jsonl"",""result.json"":""logs/cosine/awc4/h80/lr-0.007-b1-0.974-b2-0.99/s44/result.json"",""resolved.yaml"":""logs/cosine/awc4/h80/lr-0.007-b1-0.974-b2-0.99/s44/resolved.yaml"",""receipt.json"":""logs/cosine/awc4/h80/lr-0.007-b1-0.974-b2-0.99/s44/receipt.json"",""request.json"":""logs/cosine/awc4/h80/lr-0.007-b1-0.974-b2-0.99/s44/request.json"",""environment.json"":""shared/environment-a2614f2867469c250c02236fa1797910cb99534d42aabc091e6f1b2a80932760.json""}"
awc4-cosine-h80--0.007--0.974--0.999--s42,awc4,80,1628332.5164669864,1599354.4768334804,1471314.205044119,100.52172396999958,1210.0005787410046,40.78472375869751,2561582,2026-09-16,"{""metrics.jsonl"":""logs/cosine/awc4/h80/lr-0.007-b1-0.974-b2-0.999/s42/metrics.jsonl"",""result.json"":""logs/cosine/awc4/h80/lr-0.007-b1-0.974-b2-0.999/s42/result.json"",""resolved.yaml"":""logs/cosine/awc4/h80/lr-0.007-b1-0.974-b2-0.999/s42/resolved.yaml"",""receipt.json"":""logs/cosine/awc4/h80/lr-0.007-b1-0.974-b2-0.999/s42/receipt.json"",""request.json"":""logs/cosine/awc4/h80/lr-0.007-b1-0.974-b2-0.999/s42/request.json"",""environment.json"":""shared/environment-79985efb8017c54789830bd715fec8bbb438fb0007b14a071275a09cfa0f604c.json""}"
awc4-cosine-h80--0.007--0.974--0.999--s43,awc4,80,1619206.3789644327,1537199.4592797952,1418105.9657169427,100.78933673100255,1252.3794196819945,40.78472375869751,2561583,2026-09-16,"{""metrics.jsonl"":""logs/cosine/awc4/h80/lr-0.007-b1-0.974-b2-0.999/s43/metrics.jsonl"",""result.json"":""logs/cosine/awc4/h80/lr-0.007-b1-0.974-b2-0.999/s43/result.json"",""resolved.yaml"":""logs/cosine/awc4/h80/lr-0.007-b1-0.974-b2-0.999/s43/resolved.yaml"",""receipt.json"":""logs/cosine/awc4/h80/lr-0.007-b1-0.974-b2-0.999/s43/receipt.json"",""request.json"":""logs/cosine/awc4/h80/lr-0.007-b1-0.974-b2-0.999/s43/request.json"",""environment.json"":""shared/environment-d2381b0f993e45541753d5647adffa96baeee938faa55b8ee73ef1238d36a457.json""}"
awc4-cosine-h80--0.007--0.974--0.999--s44,awc4,80,1603318.3183689134,1523579.0159418872,1405640.2225527745,101.30358991899993,1263.645540040001,40.78472375869751,2561584,2026-09-16,"{""metrics.jsonl"":""logs/cosine/awc4/h80/lr-0.007-b1-0.974-b2-0.999/s44/metrics.jsonl"",""result.json"":""logs/cosine/awc4/h80/lr-0.007-b1-0.974-b2-0.999/s44/result.json"",""resolved.yaml"":""logs/cosine/awc4/h80/lr-0.007-b1-0.974-b2-0.999/s44/resolved.yaml"",""receipt.json"":""logs/cosine/awc4/h80/lr-0.007-b1-0.974-b2-0.999/s44/receipt.json"",""request.json"":""logs/cosine/awc4/h80/lr-0.007-b1-0.974-b2-0.999/s44/request.json"",""environment.json"":""shared/environment-b273fbb183b60439ca3e490eef729434553321e0a452ac1f70e2d05ab1996ec2.json""}"
awc4-cosine-h80--0.008--0.9--0.99--s42,awc4,80,1595982.2296127372,1566849.0944918236,1443376.1737336484,100.53810143101146,1231.463386242991,40.78472375869751,2558628,2026-09-16,"{""metrics.jsonl"":""logs/cosine/awc4/h80/lr-0.008-b1-0.9-b2-0.99/s42/metrics.jsonl"",""result.json"":""logs/cosine/awc4/h80/lr-0.008-b1-0.9-b2-0.99/s42/result.json"",""resolved.yaml"":""logs/cosine/awc4/h80/lr-0.008-b1-0.9-b2-0.99/s42/resolved.yaml"",""receipt.json"":""logs/cosine/awc4/h80/lr-0.008-b1-0.9-b2-0.99/s42/receipt.json"",""request.json"":""logs/cosine/awc4/h80/lr-0.008-b1-0.9-b2-0.99/s42/request.json"",""environment.json"":""shared/environment-8c47a8b82879dcfb166901293f5a57ec8e8a3e656e5e9f04fb3e0aa1cb9ecf28.json""}"
awc4-cosine-h80--0.008--0.9--0.99--s43,awc4,80,1580316.2833449445,1506143.9764164381,1387732.2465996756,101.26229771300859,1278.036571662,40.78472375869751,2558629,2026-09-16,"{""metrics.jsonl"":""logs/cosine/awc4/h80/lr-0.008-b1-0.9-b2-0.99/s43/metrics.jsonl"",""result.json"":""logs/cosine/awc4/h80/lr-0.008-b1-0.9-b2-0.99/s43/result.json"",""resolved.yaml"":""logs/cosine/awc4/h80/lr-0.008-b1-0.9-b2-0.99/s43/resolved.yaml"",""receipt.json"":""logs/cosine/awc4/h80/lr-0.008-b1-0.9-b2-0.99/s43/receipt.json"",""request.json"":""logs/cosine/awc4/h80/lr-0.008-b1-0.9-b2-0.99/s43/request.json"",""environment.json"":""shared/environment-df499eaceabd54b744ad439e8e04325fed99df6fa17523497f1dd3d1761d640e.json""}"
awc4-cosine-h80--0.008--0.9--0.99--s44,awc4,80,1607989.88140259,1531160.944540273,1411040.5751140327,100.54434063499502,1257.8905748359975,40.78472375869751,2558630,2026-09-16,"{""metrics.jsonl"":""logs/cosine/awc4/h80/lr-0.008-b1-0.9-b2-0.99/s44/metrics.jsonl"",""result.json"":""logs/cosine/awc4/h80/lr-0.008-b1-0.9-b2-0.99/s44/result.json"",""resolved.yaml"":""logs/cosine/awc4/h80/lr-0.008-b1-0.9-b2-0.99/s44/resolved.yaml"",""receipt.json"":""logs/cosine/awc4/h80/lr-0.008-b1-0.9-b2-0.99/s44/receipt.json"",""request.json"":""logs/cosine/awc4/h80/lr-0.008-b1-0.9-b2-0.99/s44/request.json"",""environment.json"":""shared/environment-be40d11be41bd05c0c964f286584f920e7b232014dad6244e03e2aed937ac084.json""}"
awc4-cosine-h80--0.008--0.9--0.999--s42,awc4,80,1623996.3621969644,1595647.9883795385,1468391.8913517634,100.0408187819994,1211.680266726995,40.78472375869751,2558643,2026-09-16,"{""metrics.jsonl"":""logs/cosine/awc4/h80/lr-0.008-b1-0.9-b2-0.999/s42/metrics.jsonl"",""result.json"":""logs/cosine/awc4/h80/lr-0.008-b1-0.9-b2-0.999/s42/result.json"",""resolved.yaml"":""logs/cosine/awc4/h80/lr-0.008-b1-0.9-b2-0.999/s42/resolved.yaml"",""receipt.json"":""logs/cosine/awc4/h80/lr-0.008-b1-0.9-b2-0.999/s42/receipt.json"",""request.json"":""logs/cosine/awc4/h80/lr-0.008-b1-0.9-b2-0.999/s42/request.json"",""environment.json"":""shared/environment-b78096193a6aac64722718fa669bcf106b8807dc2ef5ac47b76d90ebfb3f0f1e.json""}"
awc4-cosine-h80--0.008--0.9--0.999--s43,awc4,80,1602248.0918691712,1539094.481276445,1419325.110102988,101.2791542620107,1251.8750655280019,40.78472375869751,2558644,2026-09-16,"{""metrics.jsonl"":""logs/cosine/awc4/h80/lr-0.008-b1-0.9-b2-0.999/s43/metrics.jsonl"",""result.json"":""logs/cosine/awc4/h80/lr-0.008-b1-0.9-b2-0.999/s43/result.json"",""resolved.yaml"":""logs/cosine/awc4/h80/lr-0.008-b1-0.9-b2-0.999/s43/resolved.yaml"",""receipt.json"":""logs/cosine/awc4/h80/lr-0.008-b1-0.9-b2-0.999/s43/receipt.json"",""request.json"":""logs/cosine/awc4/h80/lr-0.008-b1-0.9-b2-0.999/s43/request.json"",""environment.json"":""shared/environment-be64576807d8acbb07ee9900efceb71daf4b1cde44c5296db11e9f8f4c0ab610.json""}"
awc4-cosine-h80--0.008--0.9--0.999--s44,awc4,80,1634852.5646082375,1605247.322548057,1475096.4044363054,100.01638197500142,1206.6418306810083,40.78472375869751,2558645,2026-09-16,"{""metrics.jsonl"":""logs/cosine/awc4/h80/lr-0.008-b1-0.9-b2-0.999/s44/metrics.jsonl"",""result.json"":""logs/cosine/awc4/h80/lr-0.008-b1-0.9-b2-0.999/s44/result.json"",""resolved.yaml"":""logs/cosine/awc4/h80/lr-0.008-b1-0.9-b2-0.999/s44/resolved.yaml"",""receipt.json"":""logs/cosine/awc4/h80/lr-0.008-b1-0.9-b2-0.999/s44/receipt.json"",""request.json"":""logs/cosine/awc4/h80/lr-0.008-b1-0.9-b2-0.999/s44/request.json"",""environment.json"":""shared/environment-9057f83f555b531d99ed676f65bab7ec2128744b26db0f625a3366cda08451dd.json""}"
awc4-cosine-h80--0.008--0.95--0.99--s42,awc4,80,1574260.0364488,1510033.8340784146,1394707.064611311,101.15692484100873,1272.1176021080028,40.78472375869751,2558657,2026-09-16,"{""metrics.jsonl"":""logs/cosine/awc4/h80/lr-0.008-b1-0.95-b2-0.99/s42/metrics.jsonl"",""result.json"":""logs/cosine/awc4/h80/lr-0.008-b1-0.95-b2-0.99/s42/result.json"",""resolved.yaml"":""logs/cosine/awc4/h80/lr-0.008-b1-0.95-b2-0.99/s42/resolved.yaml"",""receipt.json"":""logs/cosine/awc4/h80/lr-0.008-b1-0.95-b2-0.99/s42/receipt.json"",""request.json"":""logs/cosine/awc4/h80/lr-0.008-b1-0.95-b2-0.99/s42/request.json"",""environment.json"":""shared/environment-72b7f66d6ee9dc2088252b3456659c8bde8cceea46a06e8994a6a966f7db90b7.json""}"
awc4-cosine-h80--0.008--0.95--0.99--s43,awc4,80,1620384.7312836696,1552664.4679851136,1426554.8059993007,99.6667388240021,1244.4914796670055,40.78472375869751,2558658,2026-09-16,"{""metrics.jsonl"":""logs/cosine/awc4/h80/lr-0.008-b1-0.95-b2-0.99/s43/metrics.jsonl"",""result.json"":""logs/cosine/awc4/h80/lr-0.008-b1-0.95-b2-0.99/s43/result.json"",""resolved.yaml"":""logs/cosine/awc4/h80/lr-0.008-b1-0.95-b2-0.99/s43/resolved.yaml"",""receipt.json"":""logs/cosine/awc4/h80/lr-0.008-b1-0.95-b2-0.99/s43/receipt.json"",""request.json"":""logs/cosine/awc4/h80/lr-0.008-b1-0.95-b2-0.99/s43/request.json"",""environment.json"":""shared/environment-ee1c09c41066c91b374b3a6e6479a05a8a17e799174a8218b89221157c5ea57e.json""}"
awc4-cosine-h80--0.008--0.95--0.99--s44,awc4,80,1576325.7556733177,1549115.4392227707,1426442.5052648948,101.35627789799764,1245.6876142799956,40.78472375869751,2558659,2026-09-16,"{""metrics.jsonl"":""logs/cosine/awc4/h80/lr-0.008-b1-0.95-b2-0.99/s44/metrics.jsonl"",""result.json"":""logs/cosine/awc4/h80/lr-0.008-b1-0.95-b2-0.99/s44/result.json"",""resolved.yaml"":""logs/cosine/awc4/h80/lr-0.008-b1-0.95-b2-0.99/s44/resolved.yaml"",""receipt.json"":""logs/cosine/awc4/h80/lr-0.008-b1-0.95-b2-0.99/s44/receipt.json"",""request.json"":""logs/cosine/awc4/h80/lr-0.008-b1-0.95-b2-0.99/s44/request.json"",""environment.json"":""shared/environment-914f9066c6f95a4a2e97eafb0de5a25aa79bc66a02b36aae52f8ec41db9e82fc.json""}"
awc4-cosine-h80--0.008--0.95--0.999--s42,awc4,80,1588958.561023984,1562531.4735767154,1438902.8881794475,102.11668170199846,1236.5592054180015,40.78472375869751,2560939,2026-09-16,"{""metrics.jsonl"":""logs/cosine/awc4/h80/lr-0.008-b1-0.95-b2-0.999/s42/metrics.jsonl"",""result.json"":""logs/cosine/awc4/h80/lr-0.008-b1-0.95-b2-0.999/s42/result.json"",""resolved.yaml"":""logs/cosine/awc4/h80/lr-0.008-b1-0.95-b2-0.999/s42/resolved.yaml"",""receipt.json"":""logs/cosine/awc4/h80/lr-0.008-b1-0.95-b2-0.999/s42/receipt.json"",""request.json"":""logs/cosine/awc4/h80/lr-0.008-b1-0.95-b2-0.999/s42/request.json"",""environment.json"":""shared/environment-aeab37437674ffc1da9c6e86633417525ca95abcebed6af1957e5af2f7882d87.json""}"
awc4-cosine-h80--0.008--0.95--0.999--s43,awc4,80,1573284.9210623454,1545867.8526338188,1422919.755862265,103.42397605600127,1250.6431401260052,40.78472375869751,2560940,2026-09-16,"{""metrics.jsonl"":""logs/cosine/awc4/h80/lr-0.008-b1-0.95-b2-0.999/s43/metrics.jsonl"",""result.json"":""logs/cosine/awc4/h80/lr-0.008-b1-0.95-b2-0.999/s43/result.json"",""resolved.yaml"":""logs/cosine/awc4/h80/lr-0.008-b1-0.95-b2-0.999/s43/resolved.yaml"",""receipt.json"":""logs/cosine/awc4/h80/lr-0.008-b1-0.95-b2-0.999/s43/receipt.json"",""request.json"":""logs/cosine/awc4/h80/lr-0.008-b1-0.95-b2-0.999/s43/request.json"",""environment.json"":""shared/environment-f207628858f4680a77104dbcee43199e515d47c59e6beaf0d04bdb34a4f967a4.json""}"
awc4-cosine-h80--0.008--0.95--0.999--s44,awc4,80,1562484.003176856,1536070.9920201283,1409389.9962595804,103.4966161739867,1261.7286029219977,40.78472375869751,2560967,2026-09-16,"{""metrics.jsonl"":""logs/cosine/awc4/h80/lr-0.008-b1-0.95-b2-0.999/s44/metrics.jsonl"",""result.json"":""logs/cosine/awc4/h80/lr-0.008-b1-0.95-b2-0.999/s44/result.json"",""resolved.yaml"":""logs/cosine/awc4/h80/lr-0.008-b1-0.95-b2-0.999/s44/resolved.yaml"",""receipt.json"":""logs/cosine/awc4/h80/lr-0.008-b1-0.95-b2-0.999/s44/receipt.json"",""request.json"":""logs/cosine/awc4/h80/lr-0.008-b1-0.95-b2-0.999/s44/request.json"",""environment.json"":""shared/environment-cf2e767a7820d3be6ea689fd71251b0c79033e53cff900a62efda82f9484f0a5.json""}"
awc4-cosine-h80--0.008--0.974--0.99--s42,awc4,80,1601514.0392459617,1548224.9104437726,1426643.4960689733,100.64763203500479,1244.8386630589957,40.78472375869751,2561161,2026-09-16,"{""metrics.jsonl"":""logs/cosine/awc4/h80/lr-0.008-b1-0.974-b2-0.99/s42/metrics.jsonl"",""result.json"":""logs/cosine/awc4/h80/lr-0.008-b1-0.974-b2-0.99/s42/result.json"",""resolved.yaml"":""logs/cosine/awc4/h80/lr-0.008-b1-0.974-b2-0.99/s42/resolved.yaml"",""receipt.json"":""logs/cosine/awc4/h80/lr-0.008-b1-0.974-b2-0.99/s42/receipt.json"",""request.json"":""logs/cosine/awc4/h80/lr-0.008-b1-0.974-b2-0.99/s42/request.json"",""environment.json"":""shared/environment-78ed6b48439ee6092b5e68d423e573bb24e53c42c2e2184286e403a92994fd00.json""}"
awc4-cosine-h80--0.008--0.974--0.99--s43,awc4,80,1579739.0789007058,1527943.0291713444,1407937.1675529836,103.06541070099047,1262.4809857749933,40.78472375869751,2561224,2026-09-16,"{""metrics.jsonl"":""logs/cosine/awc4/h80/lr-0.008-b1-0.974-b2-0.99/s43/metrics.jsonl"",""result.json"":""logs/cosine/awc4/h80/lr-0.008-b1-0.974-b2-0.99/s43/result.json"",""resolved.yaml"":""logs/cosine/awc4/h80/lr-0.008-b1-0.974-b2-0.99/s43/resolved.yaml"",""receipt.json"":""logs/cosine/awc4/h80/lr-0.008-b1-0.974-b2-0.99/s43/receipt.json"",""request.json"":""logs/cosine/awc4/h80/lr-0.008-b1-0.974-b2-0.99/s43/request.json"",""environment.json"":""shared/environment-69661eda0489faf53982c4d668d9514296d5df883158f65c64ff7f24eba19624.json""}"
awc4-cosine-h80--0.008--0.974--0.99--s44,awc4,80,1595312.6838768655,1569791.7560192787,1438165.973186797,101.87664580599812,1236.9485028070048,40.78472375869751,2561252,2026-09-16,"{""metrics.jsonl"":""logs/cosine/awc4/h80/lr-0.008-b1-0.974-b2-0.99/s44/metrics.jsonl"",""result.json"":""logs/cosine/awc4/h80/lr-0.008-b1-0.974-b2-0.99/s44/result.json"",""resolved.yaml"":""logs/cosine/awc4/h80/lr-0.008-b1-0.974-b2-0.99/s44/resolved.yaml"",""receipt.json"":""logs/cosine/awc4/h80/lr-0.008-b1-0.974-b2-0.99/s44/receipt.json"",""request.json"":""logs/cosine/awc4/h80/lr-0.008-b1-0.974-b2-0.99/s44/request.json"",""environment.json"":""shared/environment-2b64db486f580ecbfa319d143abe6b0d8f0204e889dff1779cf9bb7a31e218cf.json""}"
awc4-cosine-h80--0.008--0.974--0.999--s42,awc4,80,1596487.394015242,1570489.3311594657,1445382.2735951128,101.98879730599583,1231.376089182013,40.78472375869751,2561585,2026-09-16,"{""metrics.jsonl"":""logs/cosine/awc4/h80/lr-0.008-b1-0.974-b2-0.999/s42/metrics.jsonl"",""result.json"":""logs/cosine/awc4/h80/lr-0.008-b1-0.974-b2-0.999/s42/result.json"",""resolved.yaml"":""logs/cosine/awc4/h80/lr-0.008-b1-0.974-b2-0.999/s42/resolved.yaml"",""receipt.json"":""logs/cosine/awc4/h80/lr-0.008-b1-0.974-b2-0.999/s42/receipt.json"",""request.json"":""logs/cosine/awc4/h80/lr-0.008-b1-0.974-b2-0.999/s42/request.json"",""environment.json"":""shared/environment-949c1c922d35b4aecf31cadfa4d6969672da0749d488e8db8839d0a75ae361f4.json""}"
awc4-cosine-h80--0.008--0.974--0.999--s43,awc4,80,1623213.9795090437,1596991.469364459,1465897.677436019,100.26606023200293,1213.7967414669984,40.78472375869751,2561586,2026-09-16,"{""metrics.jsonl"":""logs/cosine/awc4/h80/lr-0.008-b1-0.974-b2-0.999/s43/metrics.jsonl"",""result.json"":""logs/cosine/awc4/h80/lr-0.008-b1-0.974-b2-0.999/s43/result.json"",""resolved.yaml"":""logs/cosine/awc4/h80/lr-0.008-b1-0.974-b2-0.999/s43/resolved.yaml"",""receipt.json"":""logs/cosine/awc4/h80/lr-0.008-b1-0.974-b2-0.999/s43/receipt.json"",""request.json"":""logs/cosine/awc4/h80/lr-0.008-b1-0.974-b2-0.999/s43/request.json"",""environment.json"":""shared/environment-e4150d7a6eb9d7bf53771b0e2f435c6c96a7271d9806a52c10eda9cb7cd1a0b8.json""}"
awc4-cosine-h80--0.008--0.974--0.999--s44,awc4,80,1568574.7687560543,1541282.8037907495,1408727.2514260113,103.99253061698982,1262.7617433000123,40.78472375869751,2561587,2026-09-16,"{""metrics.jsonl"":""logs/cosine/awc4/h80/lr-0.008-b1-0.974-b2-0.999/s44/metrics.jsonl"",""result.json"":""logs/cosine/awc4/h80/lr-0.008-b1-0.974-b2-0.999/s44/result.json"",""resolved.yaml"":""logs/cosine/awc4/h80/lr-0.008-b1-0.974-b2-0.999/s44/resolved.yaml"",""receipt.json"":""logs/cosine/awc4/h80/lr-0.008-b1-0.974-b2-0.999/s44/receipt.json"",""request.json"":""logs/cosine/awc4/h80/lr-0.008-b1-0.974-b2-0.999/s44/request.json"",""environment.json"":""shared/environment-6927d05bec894f359301a94859eaa460f96488fea3a0c18af3e2edfe58a01b05.json""}"
awc4-cosine-h80--0.009--0.9--0.99--s42,awc4,80,1582460.9746465345,1552017.4423390827,1427739.3355922075,103.1006748380023,1246.4456686570047,40.78472375869751,2558631,2026-09-16,"{""metrics.jsonl"":""logs/cosine/awc4/h80/lr-0.009-b1-0.9-b2-0.99/s42/metrics.jsonl"",""result.json"":""logs/cosine/awc4/h80/lr-0.009-b1-0.9-b2-0.99/s42/result.json"",""resolved.yaml"":""logs/cosine/awc4/h80/lr-0.009-b1-0.9-b2-0.99/s42/resolved.yaml"",""receipt.json"":""logs/cosine/awc4/h80/lr-0.009-b1-0.9-b2-0.99/s42/receipt.json"",""request.json"":""logs/cosine/awc4/h80/lr-0.009-b1-0.9-b2-0.99/s42/request.json"",""environment.json"":""shared/environment-40c7f25ff3045e2d92cf10ee0bbf9876689155ce06c8059b5b36fd1e9b0c4d7d.json""}"
awc4-cosine-h80--0.009--0.9--0.99--s43,awc4,80,1565707.3763371035,1536770.316284855,1413981.6254110935,103.28189243099769,1257.7462090180052,40.78472375869751,2558632,2026-09-16,"{""metrics.jsonl"":""logs/cosine/awc4/h80/lr-0.009-b1-0.9-b2-0.99/s43/metrics.jsonl"",""result.json"":""logs/cosine/awc4/h80/lr-0.009-b1-0.9-b2-0.99/s43/result.json"",""resolved.yaml"":""logs/cosine/awc4/h80/lr-0.009-b1-0.9-b2-0.99/s43/resolved.yaml"",""receipt.json"":""logs/cosine/awc4/h80/lr-0.009-b1-0.9-b2-0.99/s43/receipt.json"",""request.json"":""logs/cosine/awc4/h80/lr-0.009-b1-0.9-b2-0.99/s43/request.json"",""environment.json"":""shared/environment-e603454fc6f353455da0eb281bd31b79bd9fb454e5aff22943d897324374baa6.json""}"
awc4-cosine-h80--0.009--0.9--0.99--s44,awc4,80,1622570.228074257,1593622.198623351,1466668.532890857,100.42669419999584,1213.3728951490048,40.78472375869751,2558633,2026-09-16,"{""metrics.jsonl"":""logs/cosine/awc4/h80/lr-0.009-b1-0.9-b2-0.99/s44/metrics.jsonl"",""result.json"":""logs/cosine/awc4/h80/lr-0.009-b1-0.9-b2-0.99/s44/result.json"",""resolved.yaml"":""logs/cosine/awc4/h80/lr-0.009-b1-0.9-b2-0.99/s44/resolved.yaml"",""receipt.json"":""logs/cosine/awc4/h80/lr-0.009-b1-0.9-b2-0.99/s44/receipt.json"",""request.json"":""logs/cosine/awc4/h80/lr-0.009-b1-0.9-b2-0.99/s44/request.json"",""environment.json"":""shared/environment-905f29165c6480a826dc3d66dcaf405da7d3e4061d94a47209bfff6d1a22e794.json""}"
awc4-cosine-h80--0.009--0.9--0.999--s42,awc4,80,1607866.7796099465,1579295.6018094576,1454112.7855993882,101.05593416999909,1223.6350945120066,40.78472375869751,2558646,2026-09-16,"{""metrics.jsonl"":""logs/cosine/awc4/h80/lr-0.009-b1-0.9-b2-0.999/s42/metrics.jsonl"",""result.json"":""logs/cosine/awc4/h80/lr-0.009-b1-0.9-b2-0.999/s42/result.json"",""resolved.yaml"":""logs/cosine/awc4/h80/lr-0.009-b1-0.9-b2-0.999/s42/resolved.yaml"",""receipt.json"":""logs/cosine/awc4/h80/lr-0.009-b1-0.9-b2-0.999/s42/receipt.json"",""request.json"":""logs/cosine/awc4/h80/lr-0.009-b1-0.9-b2-0.999/s42/request.json"",""environment.json"":""shared/environment-1031ff6dec8ad9efce37c05d330e6b868f81a89dbcc3874743611d41b57ff6c9.json""}"
awc4-cosine-h80--0.009--0.9--0.999--s43,awc4,80,1628476.5029553964,1599962.233310198,1466312.913895214,100.47685108700534,1213.6909582549997,40.78472375869751,2558647,2026-09-16,"{""metrics.jsonl"":""logs/cosine/awc4/h80/lr-0.009-b1-0.9-b2-0.999/s43/metrics.jsonl"",""result.json"":""logs/cosine/awc4/h80/lr-0.009-b1-0.9-b2-0.999/s43/result.json"",""resolved.yaml"":""logs/cosine/awc4/h80/lr-0.009-b1-0.9-b2-0.999/s43/resolved.yaml"",""receipt.json"":""logs/cosine/awc4/h80/lr-0.009-b1-0.9-b2-0.999/s43/receipt.json"",""request.json"":""logs/cosine/awc4/h80/lr-0.009-b1-0.9-b2-0.999/s43/request.json"",""environment.json"":""shared/environment-2cd8073be9bf6945b0924eab2515d837545bd6c3fde6d92c4928adc95b30af66.json""}"
awc4-cosine-h80--0.009--0.9--0.999--s44,awc4,80,1581339.0803398965,1553695.1279902135,1430403.954313306,102.82145456100989,1243.9827759900072,40.78472375869751,2558648,2026-09-16,"{""metrics.jsonl"":""logs/cosine/awc4/h80/lr-0.009-b1-0.9-b2-0.999/s44/metrics.jsonl"",""result.json"":""logs/cosine/awc4/h80/lr-0.009-b1-0.9-b2-0.999/s44/result.json"",""resolved.yaml"":""logs/cosine/awc4/h80/lr-0.009-b1-0.9-b2-0.999/s44/resolved.yaml"",""receipt.json"":""logs/cosine/awc4/h80/lr-0.009-b1-0.9-b2-0.999/s44/receipt.json"",""request.json"":""logs/cosine/awc4/h80/lr-0.009-b1-0.9-b2-0.999/s44/request.json"",""environment.json"":""shared/environment-02c4673c87dd16568ea42da510c788e7227854366aabf63c794ed6232b540a79.json""}"
awc4-cosine-h80--0.009--0.95--0.99--s42,awc4,80,1593727.1434767512,1564969.6432592366,1432768.901940548,101.10327921400312,1240.3769590169977,40.78472375869751,2558660,2026-09-16,"{""metrics.jsonl"":""logs/cosine/awc4/h80/lr-0.009-b1-0.95-b2-0.99/s42/metrics.jsonl"",""result.json"":""logs/cosine/awc4/h80/lr-0.009-b1-0.95-b2-0.99/s42/result.json"",""resolved.yaml"":""logs/cosine/awc4/h80/lr-0.009-b1-0.95-b2-0.99/s42/resolved.yaml"",""receipt.json"":""logs/cosine/awc4/h80/lr-0.009-b1-0.95-b2-0.99/s42/receipt.json"",""request.json"":""logs/cosine/awc4/h80/lr-0.009-b1-0.95-b2-0.99/s42/request.json"",""environment.json"":""shared/environment-7051e55ea4168da56db425a46ada772da4b15668ec166f7515e65cf8dc929289.json""}"
awc4-cosine-h80--0.009--0.95--0.99--s43,awc4,80,1594488.4753875448,1566501.9602883528,1441065.6230246725,102.12685946300189,1234.8385226870014,40.78472375869751,2558661,2026-09-16,"{""metrics.jsonl"":""logs/cosine/awc4/h80/lr-0.009-b1-0.95-b2-0.99/s43/metrics.jsonl"",""result.json"":""logs/cosine/awc4/h80/lr-0.009-b1-0.95-b2-0.99/s43/result.json"",""resolved.yaml"":""logs/cosine/awc4/h80/lr-0.009-b1-0.95-b2-0.99/s43/resolved.yaml"",""receipt.json"":""logs/cosine/awc4/h80/lr-0.009-b1-0.95-b2-0.99/s43/receipt.json"",""request.json"":""logs/cosine/awc4/h80/lr-0.009-b1-0.95-b2-0.99/s43/request.json"",""environment.json"":""shared/environment-c5b2d1fe8ffae1aba35f5732ec58f5f8f07f57ca5b1e5104a62302f06ca42d90.json""}"
awc4-cosine-h80--0.009--0.95--0.99--s44,awc4,80,1594003.1093866322,1566183.0344197012,1439892.2075217236,101.77222161900136,1235.4123511409998,40.78472375869751,2558662,2026-09-16,"{""metrics.jsonl"":""logs/cosine/awc4/h80/lr-0.009-b1-0.95-b2-0.99/s44/metrics.jsonl"",""result.json"":""logs/cosine/awc4/h80/lr-0.009-b1-0.95-b2-0.99/s44/result.json"",""resolved.yaml"":""logs/cosine/awc4/h80/lr-0.009-b1-0.95-b2-0.99/s44/resolved.yaml"",""receipt.json"":""logs/cosine/awc4/h80/lr-0.009-b1-0.95-b2-0.99/s44/receipt.json"",""request.json"":""logs/cosine/awc4/h80/lr-0.009-b1-0.95-b2-0.99/s44/request.json"",""environment.json"":""shared/environment-f4081588657c4bbd72e579347634c5a4d6477795831d22ff73d3038153fe6923.json""}"
awc4-cosine-h80--0.009--0.95--0.999--s42,awc4,80,1558864.2066283845,1511588.8914072115,1392777.588845779,104.30739152300521,1276.3930955029937,40.78472375869751,2560968,2026-09-16,"{""metrics.jsonl"":""logs/cosine/awc4/h80/lr-0.009-b1-0.95-b2-0.999/s42/metrics.jsonl"",""result.json"":""logs/cosine/awc4/h80/lr-0.009-b1-0.95-b2-0.999/s42/result.json"",""resolved.yaml"":""logs/cosine/awc4/h80/lr-0.009-b1-0.95-b2-0.999/s42/resolved.yaml"",""receipt.json"":""logs/cosine/awc4/h80/lr-0.009-b1-0.95-b2-0.999/s42/receipt.json"",""request.json"":""logs/cosine/awc4/h80/lr-0.009-b1-0.95-b2-0.999/s42/request.json"",""environment.json"":""shared/environment-97acd998d24e75049d95ce6ab166f4bc62b2bdc891deaa115124a94a9e388ea9.json""}"
awc4-cosine-h80--0.009--0.95--0.999--s43,awc4,80,1602189.3660999944,1530349.7975518683,1408887.9571228635,101.91477304301225,1261.0478904549964,40.78472375869751,2560989,2026-09-16,"{""metrics.jsonl"":""logs/cosine/awc4/h80/lr-0.009-b1-0.95-b2-0.999/s43/metrics.jsonl"",""result.json"":""logs/cosine/awc4/h80/lr-0.009-b1-0.95-b2-0.999/s43/result.json"",""resolved.yaml"":""logs/cosine/awc4/h80/lr-0.009-b1-0.95-b2-0.999/s43/resolved.yaml"",""receipt.json"":""logs/cosine/awc4/h80/lr-0.009-b1-0.95-b2-0.999/s43/receipt.json"",""request.json"":""logs/cosine/awc4/h80/lr-0.009-b1-0.95-b2-0.999/s43/request.json"",""environment.json"":""shared/environment-df122e99326266e139c78659482a180ec2c1110d4fdcf86b02fc229283b69145.json""}"
awc4-cosine-h80--0.009--0.95--0.999--s44,awc4,80,1604068.8773211285,1532118.6090583594,1411683.26771909,102.44880555500276,1259.320680232995,40.78472375869751,2561036,2026-09-16,"{""metrics.jsonl"":""logs/cosine/awc4/h80/lr-0.009-b1-0.95-b2-0.999/s44/metrics.jsonl"",""result.json"":""logs/cosine/awc4/h80/lr-0.009-b1-0.95-b2-0.999/s44/result.json"",""resolved.yaml"":""logs/cosine/awc4/h80/lr-0.009-b1-0.95-b2-0.999/s44/resolved.yaml"",""receipt.json"":""logs/cosine/awc4/h80/lr-0.009-b1-0.95-b2-0.999/s44/receipt.json"",""request.json"":""logs/cosine/awc4/h80/lr-0.009-b1-0.95-b2-0.999/s44/request.json"",""environment.json"":""shared/environment-bc350c9287ed4d28ab2be8a8bfc5e6d26b50b1325bfb63e8bee5777df7ca8a1a.json""}"
awc4-cosine-h80--0.009--0.974--0.99--s42,awc4,80,1582769.5175690046,1556357.9417442256,1434132.88837391,100.58637695299694,1238.8336355430074,40.78472375869751,2561276,2026-09-16,"{""metrics.jsonl"":""logs/cosine/awc4/h80/lr-0.009-b1-0.974-b2-0.99/s42/metrics.jsonl"",""result.json"":""logs/cosine/awc4/h80/lr-0.009-b1-0.974-b2-0.99/s42/result.json"",""resolved.yaml"":""logs/cosine/awc4/h80/lr-0.009-b1-0.974-b2-0.99/s42/resolved.yaml"",""receipt.json"":""logs/cosine/awc4/h80/lr-0.009-b1-0.974-b2-0.99/s42/receipt.json"",""request.json"":""logs/cosine/awc4/h80/lr-0.009-b1-0.974-b2-0.99/s42/request.json"",""environment.json"":""shared/environment-5f2671b1577377faac27126bbe68047ca2ed8528e34d4d9d425574cfcc63128e.json""}"
awc4-cosine-h80--0.009--0.974--0.99--s43,awc4,80,1597122.3969113787,1524912.8098774066,1406709.238625462,100.46040643399465,1261.488144228002,40.78472375869751,2561278,2026-09-16,"{""metrics.jsonl"":""logs/cosine/awc4/h80/lr-0.009-b1-0.974-b2-0.99/s43/metrics.jsonl"",""result.json"":""logs/cosine/awc4/h80/lr-0.009-b1-0.974-b2-0.99/s43/result.json"",""resolved.yaml"":""logs/cosine/awc4/h80/lr-0.009-b1-0.974-b2-0.99/s43/resolved.yaml"",""receipt.json"":""logs/cosine/awc4/h80/lr-0.009-b1-0.974-b2-0.99/s43/receipt.json"",""request.json"":""logs/cosine/awc4/h80/lr-0.009-b1-0.974-b2-0.99/s43/request.json"",""environment.json"":""shared/environment-47143c04436fef5864a89db7d1e2760b0087194c007569fbf6c0dcbcc40aba63.json""}"
awc4-cosine-h80--0.009--0.974--0.99--s44,awc4,80,1585912.3428256963,1514902.2529808648,1397330.9613187735,101.98393708500953,1270.8707574770087,40.78472375869751,2561486,2026-09-16,"{""metrics.jsonl"":""logs/cosine/awc4/h80/lr-0.009-b1-0.974-b2-0.99/s44/metrics.jsonl"",""result.json"":""logs/cosine/awc4/h80/lr-0.009-b1-0.974-b2-0.99/s44/result.json"",""resolved.yaml"":""logs/cosine/awc4/h80/lr-0.009-b1-0.974-b2-0.99/s44/resolved.yaml"",""receipt.json"":""logs/cosine/awc4/h80/lr-0.009-b1-0.974-b2-0.99/s44/receipt.json"",""request.json"":""logs/cosine/awc4/h80/lr-0.009-b1-0.974-b2-0.99/s44/request.json"",""environment.json"":""shared/environment-199c0140e443aaaa01c78cb90a731546bc2f9c9a35d70dc392945a566dcb3089.json""}"
awc4-cosine-h80--0.009--0.974--0.999--s42,awc4,80,1602110.071475017,1538955.1276618976,1418418.9546344227,100.638781466012,1251.8363602839963,40.78472375869751,2561588,2026-09-16,"{""metrics.jsonl"":""logs/cosine/awc4/h80/lr-0.009-b1-0.974-b2-0.999/s42/metrics.jsonl"",""result.json"":""logs/cosine/awc4/h80/lr-0.009-b1-0.974-b2-0.999/s42/result.json"",""resolved.yaml"":""logs/cosine/awc4/h80/lr-0.009-b1-0.974-b2-0.999/s42/resolved.yaml"",""receipt.json"":""logs/cosine/awc4/h80/lr-0.009-b1-0.974-b2-0.999/s42/receipt.json"",""request.json"":""logs/cosine/awc4/h80/lr-0.009-b1-0.974-b2-0.999/s42/request.json"",""environment.json"":""shared/environment-868d40901e26e154809b2bad2a878164390750da4e0e492d8deaa97a7707411f.json""}"
awc4-cosine-h80--0.009--0.974--0.999--s43,awc4,80,1581280.317206364,1554204.7608718276,1430288.7333325932,103.33132173999911,1244.5809275670035,40.78472375869751,2561617,2026-09-16,"{""metrics.jsonl"":""logs/cosine/awc4/h80/lr-0.009-b1-0.974-b2-0.999/s43/metrics.jsonl"",""result.json"":""logs/cosine/awc4/h80/lr-0.009-b1-0.974-b2-0.999/s43/result.json"",""resolved.yaml"":""logs/cosine/awc4/h80/lr-0.009-b1-0.974-b2-0.999/s43/resolved.yaml"",""receipt.json"":""logs/cosine/awc4/h80/lr-0.009-b1-0.974-b2-0.999/s43/receipt.json"",""request.json"":""logs/cosine/awc4/h80/lr-0.009-b1-0.974-b2-0.999/s43/request.json"",""environment.json"":""shared/environment-fbcac51bf3cf8c05c1179575522d84339685de040fd58df8bd6a2a2879ba00c9.json""}"
awc4-cosine-h80--0.009--0.974--0.999--s44,awc4,80,1606378.609631785,1577240.1201708019,1443360.307594034,101.93934073699347,1233.0475292280025,40.78472375869751,2561618,2026-09-16,"{""metrics.jsonl"":""logs/cosine/awc4/h80/lr-0.009-b1-0.974-b2-0.999/s44/metrics.jsonl"",""result.json"":""logs/cosine/awc4/h80/lr-0.009-b1-0.974-b2-0.999/s44/result.json"",""resolved.yaml"":""logs/cosine/awc4/h80/lr-0.009-b1-0.974-b2-0.999/s44/resolved.yaml"",""receipt.json"":""logs/cosine/awc4/h80/lr-0.009-b1-0.974-b2-0.999/s44/receipt.json"",""request.json"":""logs/cosine/awc4/h80/lr-0.009-b1-0.974-b2-0.999/s44/request.json"",""environment.json"":""shared/environment-d9d074bc68fa18530f8192a5dc7bdc11154a169b4e3aba248f15f60eee04b542.json""}"
awc4-cosine-h80--0.01--0.9--0.99--s42,awc4,80,1602598.7575991722,1573576.053860266,1446378.0202733981,101.16532414600078,1229.7348106779973,40.78472375869751,2567443,2026-09-16,"{""metrics.jsonl"":""logs/cosine/awc4/h80/lr-0.01-b1-0.9-b2-0.99/s42/metrics.jsonl"",""result.json"":""logs/cosine/awc4/h80/lr-0.01-b1-0.9-b2-0.99/s42/result.json"",""resolved.yaml"":""logs/cosine/awc4/h80/lr-0.01-b1-0.9-b2-0.99/s42/resolved.yaml"",""receipt.json"":""logs/cosine/awc4/h80/lr-0.01-b1-0.9-b2-0.99/s42/receipt.json"",""request.json"":""logs/cosine/awc4/h80/lr-0.01-b1-0.9-b2-0.99/s42/request.json"",""environment.json"":""shared/environment-dd16449e99f818a3d9499c42083baa9c108eacddc03895cf5a83dcc86b3d194e.json""}"
awc4-cosine-h80--0.01--0.9--0.99--s43,awc4,80,1606286.2429695087,1578031.464241675,1450406.9151730249,101.24027816299349,1226.6639762429986,40.78472375869751,2567451,2026-09-16,"{""metrics.jsonl"":""logs/cosine/awc4/h80/lr-0.01-b1-0.9-b2-0.99/s43/metrics.jsonl"",""result.json"":""logs/cosine/awc4/h80/lr-0.01-b1-0.9-b2-0.99/s43/result.json"",""resolved.yaml"":""logs/cosine/awc4/h80/lr-0.01-b1-0.9-b2-0.99/s43/resolved.yaml"",""receipt.json"":""logs/cosine/awc4/h80/lr-0.01-b1-0.9-b2-0.99/s43/receipt.json"",""request.json"":""logs/cosine/awc4/h80/lr-0.01-b1-0.9-b2-0.99/s43/request.json"",""environment.json"":""shared/environment-494d3f8347c04866beb2dc367e5609e205ce6e428d7a8b8bf858fe9563e2514d.json""}"
awc4-cosine-h80--0.01--0.9--0.99--s44,awc4,80,1603384.3594989798,1575554.391579495,1449071.3864530746,100.67583585200191,1227.1242557669902,40.78472375869751,2567452,2026-09-16,"{""metrics.jsonl"":""logs/cosine/awc4/h80/lr-0.01-b1-0.9-b2-0.99/s44/metrics.jsonl"",""result.json"":""logs/cosine/awc4/h80/lr-0.01-b1-0.9-b2-0.99/s44/result.json"",""resolved.yaml"":""logs/cosine/awc4/h80/lr-0.01-b1-0.9-b2-0.99/s44/resolved.yaml"",""receipt.json"":""logs/cosine/awc4/h80/lr-0.01-b1-0.9-b2-0.99/s44/receipt.json"",""request.json"":""logs/cosine/awc4/h80/lr-0.01-b1-0.9-b2-0.99/s44/request.json"",""environment.json"":""shared/environment-9404df4edcada130b1b9690ba4e05bb7d1a5d6c73adf221bcddb488d7865d4a7.json""}"
awc4-cosine-h80--0.01--0.9--0.999--s42,awc4,80,1594215.1325062353,1566224.0643084084,1439600.2190214212,101.71698365799966,1235.6018347289937,40.78472375869751,2567459,2026-09-16,"{""metrics.jsonl"":""logs/cosine/awc4/h80/lr-0.01-b1-0.9-b2-0.999/s42/metrics.jsonl"",""result.json"":""logs/cosine/awc4/h80/lr-0.01-b1-0.9-b2-0.999/s42/result.json"",""resolved.yaml"":""logs/cosine/awc4/h80/lr-0.01-b1-0.9-b2-0.999/s42/resolved.yaml"",""receipt.json"":""logs/cosine/awc4/h80/lr-0.01-b1-0.9-b2-0.999/s42/receipt.json"",""request.json"":""logs/cosine/awc4/h80/lr-0.01-b1-0.9-b2-0.999/s42/request.json"",""environment.json"":""shared/environment-b04a4bf89c264fa39750b6b3c6dc43e1ef189d13a0ca49dd323e3ba851a64b45.json""}"
awc4-cosine-h80--0.01--0.9--0.999--s43,awc4,80,1607212.2594761031,1580525.735584887,1455129.894881532,100.36780077900039,1222.1417301820038,40.78472375869751,2567468,2026-09-16,"{""metrics.jsonl"":""logs/cosine/awc4/h80/lr-0.01-b1-0.9-b2-0.999/s43/metrics.jsonl"",""result.json"":""logs/cosine/awc4/h80/lr-0.01-b1-0.9-b2-0.999/s43/result.json"",""resolved.yaml"":""logs/cosine/awc4/h80/lr-0.01-b1-0.9-b2-0.999/s43/resolved.yaml"",""receipt.json"":""logs/cosine/awc4/h80/lr-0.01-b1-0.9-b2-0.999/s43/receipt.json"",""request.json"":""logs/cosine/awc4/h80/lr-0.01-b1-0.9-b2-0.999/s43/request.json"",""environment.json"":""shared/environment-eaf1733facb4c15321a86e8848bf5367ed85a4d57842611ca41fad2345ee4e51.json""}"
awc4-cosine-h80--0.01--0.9--0.999--s44,awc4,80,1580652.567938595,1554667.0557845521,1428418.1063803388,102.68028041100479,1245.434776631002,40.78472375869751,2567469,2026-09-16,"{""metrics.jsonl"":""logs/cosine/awc4/h80/lr-0.01-b1-0.9-b2-0.999/s44/metrics.jsonl"",""result.json"":""logs/cosine/awc4/h80/lr-0.01-b1-0.9-b2-0.999/s44/result.json"",""resolved.yaml"":""logs/cosine/awc4/h80/lr-0.01-b1-0.9-b2-0.999/s44/resolved.yaml"",""receipt.json"":""logs/cosine/awc4/h80/lr-0.01-b1-0.9-b2-0.999/s44/receipt.json"",""request.json"":""logs/cosine/awc4/h80/lr-0.01-b1-0.9-b2-0.999/s44/request.json"",""environment.json"":""shared/environment-23935beb5728f4566c3794b08f7256a94226b767b65d693468dea049ba306c35.json""}"
awc4-cosine-h80--0.01--0.95--0.99--s42,awc4,80,1602703.2367822027,1550255.6557748017,1427397.7696895134,101.28530346701154,1245.3564115699992,40.78472375869751,2563766,2026-09-16,"{""metrics.jsonl"":""logs/cosine/awc4/h80/lr-0.01-b1-0.95-b2-0.99/s42/metrics.jsonl"",""result.json"":""logs/cosine/awc4/h80/lr-0.01-b1-0.95-b2-0.99/s42/result.json"",""resolved.yaml"":""logs/cosine/awc4/h80/lr-0.01-b1-0.95-b2-0.99/s42/resolved.yaml"",""receipt.json"":""logs/cosine/awc4/h80/lr-0.01-b1-0.95-b2-0.99/s42/receipt.json"",""request.json"":""logs/cosine/awc4/h80/lr-0.01-b1-0.95-b2-0.99/s42/request.json"",""environment.json"":""shared/environment-44d78e1a5ff37fd0c149f9b74bb754ad88739218eccd65a655f960e1c700ec87.json""}"
awc4-cosine-h80--0.01--0.95--0.99--s43,awc4,80,1610633.7448774267,1549199.4017346918,1425425.0212162605,101.20433641900308,1246.7354614299984,40.78472375869751,2567657,2026-09-16,"{""metrics.jsonl"":""logs/cosine/awc4/h80/lr-0.01-b1-0.95-b2-0.99/s43/metrics.jsonl"",""result.json"":""logs/cosine/awc4/h80/lr-0.01-b1-0.95-b2-0.99/s43/result.json"",""resolved.yaml"":""logs/cosine/awc4/h80/lr-0.01-b1-0.95-b2-0.99/s43/resolved.yaml"",""receipt.json"":""logs/cosine/awc4/h80/lr-0.01-b1-0.95-b2-0.99/s43/receipt.json"",""request.json"":""logs/cosine/awc4/h80/lr-0.01-b1-0.95-b2-0.99/s43/request.json"",""environment.json"":""shared/environment-2cf8d8593aaaa1172ab4458898eb66e30e0b944e4f519e3c95cc89ce9f2036f5.json""}"
awc4-cosine-h80--0.01--0.95--0.99--s44,awc4,80,1586563.8591422653,1516013.8829997918,1399722.4240974311,100.5469148280099,1266.7472884939925,40.78472375869751,2567663,2026-09-16,"{""metrics.jsonl"":""logs/cosine/awc4/h80/lr-0.01-b1-0.95-b2-0.99/s44/metrics.jsonl"",""result.json"":""logs/cosine/awc4/h80/lr-0.01-b1-0.95-b2-0.99/s44/result.json"",""resolved.yaml"":""logs/cosine/awc4/h80/lr-0.01-b1-0.95-b2-0.99/s44/resolved.yaml"",""receipt.json"":""logs/cosine/awc4/h80/lr-0.01-b1-0.95-b2-0.99/s44/receipt.json"",""request.json"":""logs/cosine/awc4/h80/lr-0.01-b1-0.95-b2-0.99/s44/request.json"",""environment.json"":""shared/environment-01322c35feafb3cf9c86dfa21cd56e38c2e37f29661493b2e2bead26b745965f.json""}"
awc4-cosine-h80--0.01--0.95--0.999--s42,awc4,80,1622451.4890107717,1595737.9687887758,1469232.9514302595,99.96492643898819,1210.968314978003,40.78472375869751,2567721,2026-09-16,"{""metrics.jsonl"":""logs/cosine/awc4/h80/lr-0.01-b1-0.95-b2-0.999/s42/metrics.jsonl"",""result.json"":""logs/cosine/awc4/h80/lr-0.01-b1-0.95-b2-0.999/s42/result.json"",""resolved.yaml"":""logs/cosine/awc4/h80/lr-0.01-b1-0.95-b2-0.999/s42/resolved.yaml"",""receipt.json"":""logs/cosine/awc4/h80/lr-0.01-b1-0.95-b2-0.999/s42/receipt.json"",""request.json"":""logs/cosine/awc4/h80/lr-0.01-b1-0.95-b2-0.999/s42/request.json"",""environment.json"":""shared/environment-d652462bcedcb4cc3b5d4e82d053ffefb01241dbf794b1ae5b6679d9a27dd6b0.json""}"
awc4-cosine-h80--0.01--0.95--0.999--s43,awc4,80,1626830.9906674235,1599758.3653044293,1470601.5459478332,99.95342457501101,1209.9120232269925,40.78472375869751,2567724,2026-09-16,"{""metrics.jsonl"":""logs/cosine/awc4/h80/lr-0.01-b1-0.95-b2-0.999/s43/metrics.jsonl"",""result.json"":""logs/cosine/awc4/h80/lr-0.01-b1-0.95-b2-0.999/s43/result.json"",""resolved.yaml"":""logs/cosine/awc4/h80/lr-0.01-b1-0.95-b2-0.999/s43/resolved.yaml"",""receipt.json"":""logs/cosine/awc4/h80/lr-0.01-b1-0.95-b2-0.999/s43/receipt.json"",""request.json"":""logs/cosine/awc4/h80/lr-0.01-b1-0.95-b2-0.999/s43/request.json"",""environment.json"":""shared/environment-e01627250da1fa8b334cf7d4ff897358a952941a89e5b942ad6a96263fc894db.json""}"
awc4-cosine-h80--0.01--0.95--0.999--s44,awc4,80,1609370.7975781222,1582539.430066064,1453096.8626150268,102.17605605900462,1225.5610473240085,40.78472375869751,2567725,2026-09-16,"{""metrics.jsonl"":""logs/cosine/awc4/h80/lr-0.01-b1-0.95-b2-0.999/s44/metrics.jsonl"",""result.json"":""logs/cosine/awc4/h80/lr-0.01-b1-0.95-b2-0.999/s44/result.json"",""resolved.yaml"":""logs/cosine/awc4/h80/lr-0.01-b1-0.95-b2-0.999/s44/resolved.yaml"",""receipt.json"":""logs/cosine/awc4/h80/lr-0.01-b1-0.95-b2-0.999/s44/receipt.json"",""request.json"":""logs/cosine/awc4/h80/lr-0.01-b1-0.95-b2-0.999/s44/request.json"",""environment.json"":""shared/environment-fce2f690f1c74726b54b03003d92bdc11253bf91d649abb9aef34a4348831d35.json""}"
awc4-cosine-h80--0.01--0.974--0.99--s42,awc4,80,1604080.2151670998,1575359.0119294438,1450800.5662401011,100.61740686299163,1225.7701766450045,40.78472375869751,2567897,2026-09-16,"{""metrics.jsonl"":""logs/cosine/awc4/h80/lr-0.01-b1-0.974-b2-0.99/s42/metrics.jsonl"",""result.json"":""logs/cosine/awc4/h80/lr-0.01-b1-0.974-b2-0.99/s42/result.json"",""resolved.yaml"":""logs/cosine/awc4/h80/lr-0.01-b1-0.974-b2-0.99/s42/resolved.yaml"",""receipt.json"":""logs/cosine/awc4/h80/lr-0.01-b1-0.974-b2-0.99/s42/receipt.json"",""request.json"":""logs/cosine/awc4/h80/lr-0.01-b1-0.974-b2-0.99/s42/request.json"",""environment.json"":""shared/environment-e7f485e3ee7d243917a051e3eaff6063edaeb914ace87960e610168a48459741.json""}"
awc4-cosine-h80--0.01--0.974--0.99--s43,awc4,80,1588110.7313322627,1562295.7011961152,1436956.0419020196,101.75500131299486,1237.7299316409917,40.78472375869751,2568151,2026-09-16,"{""metrics.jsonl"":""logs/cosine/awc4/h80/lr-0.01-b1-0.974-b2-0.99/s43/metrics.jsonl"",""result.json"":""logs/cosine/awc4/h80/lr-0.01-b1-0.974-b2-0.99/s43/result.json"",""resolved.yaml"":""logs/cosine/awc4/h80/lr-0.01-b1-0.974-b2-0.99/s43/resolved.yaml"",""receipt.json"":""logs/cosine/awc4/h80/lr-0.01-b1-0.974-b2-0.99/s43/receipt.json"",""request.json"":""logs/cosine/awc4/h80/lr-0.01-b1-0.974-b2-0.99/s43/request.json"",""environment.json"":""shared/environment-e74cc31fa5f823d9e1811eeb045e601fd19d20b52def682eecad11eff5d86a5c.json""}"
awc4-cosine-h80--0.01--0.974--0.99--s44,awc4,80,1592110.856955377,1566671.604255104,1441190.321511788,101.701794624998,1234.3237894589984,40.78472375869751,2568181,2026-09-16,"{""metrics.jsonl"":""logs/cosine/awc4/h80/lr-0.01-b1-0.974-b2-0.99/s44/metrics.jsonl"",""result.json"":""logs/cosine/awc4/h80/lr-0.01-b1-0.974-b2-0.99/s44/result.json"",""resolved.yaml"":""logs/cosine/awc4/h80/lr-0.01-b1-0.974-b2-0.99/s44/resolved.yaml"",""receipt.json"":""logs/cosine/awc4/h80/lr-0.01-b1-0.974-b2-0.99/s44/receipt.json"",""request.json"":""logs/cosine/awc4/h80/lr-0.01-b1-0.974-b2-0.99/s44/request.json"",""environment.json"":""shared/environment-bc4ef6f8b6c2bd8fe019b1feca4dd338ce77c34e2663dd3604a3f2ac0710e859.json""}"
awc4-cosine-h80--0.01--0.974--0.999--s42,awc4,80,1594972.0018145298,1569080.7082059665,1442825.1092584473,101.51446646099794,1232.8445360680053,40.78472375869751,2568206,2026-09-16,"{""metrics.jsonl"":""logs/cosine/awc4/h80/lr-0.01-b1-0.974-b2-0.999/s42/metrics.jsonl"",""result.json"":""logs/cosine/awc4/h80/lr-0.01-b1-0.974-b2-0.999/s42/result.json"",""resolved.yaml"":""logs/cosine/awc4/h80/lr-0.01-b1-0.974-b2-0.999/s42/resolved.yaml"",""receipt.json"":""logs/cosine/awc4/h80/lr-0.01-b1-0.974-b2-0.999/s42/receipt.json"",""request.json"":""logs/cosine/awc4/h80/lr-0.01-b1-0.974-b2-0.999/s42/request.json"",""environment.json"":""shared/environment-21a0137c9ab05e0417c1a9b9d4250bfacab53bf3351bbf63d6e39e4915e13dee.json""}"
awc4-cosine-h80--0.01--0.974--0.999--s43,awc4,80,1629323.9259259002,1601961.400871968,1471850.319765107,100.08009197300998,1209.1017284289992,40.78472375869751,2568217,2026-09-16,"{""metrics.jsonl"":""logs/cosine/awc4/h80/lr-0.01-b1-0.974-b2-0.999/s43/metrics.jsonl"",""result.json"":""logs/cosine/awc4/h80/lr-0.01-b1-0.974-b2-0.999/s43/result.json"",""resolved.yaml"":""logs/cosine/awc4/h80/lr-0.01-b1-0.974-b2-0.999/s43/resolved.yaml"",""receipt.json"":""logs/cosine/awc4/h80/lr-0.01-b1-0.974-b2-0.999/s43/receipt.json"",""request.json"":""logs/cosine/awc4/h80/lr-0.01-b1-0.974-b2-0.999/s43/request.json"",""environment.json"":""shared/environment-9174432c7dd09f894899041f596c6bb843ed1ed470f04e84a53b19637bdce4ad.json""}"
awc4-cosine-h80--0.01--0.974--0.999--s44,awc4,80,1552892.8950836782,1524783.184499488,1396926.7447107807,102.71299451999948,1271.2261374689988,40.78472375869751,2568220,2026-09-16,"{""metrics.jsonl"":""logs/cosine/awc4/h80/lr-0.01-b1-0.974-b2-0.999/s44/metrics.jsonl"",""result.json"":""logs/cosine/awc4/h80/lr-0.01-b1-0.974-b2-0.999/s44/result.json"",""resolved.yaml"":""logs/cosine/awc4/h80/lr-0.01-b1-0.974-b2-0.999/s44/resolved.yaml"",""receipt.json"":""logs/cosine/awc4/h80/lr-0.01-b1-0.974-b2-0.999/s44/receipt.json"",""request.json"":""logs/cosine/awc4/h80/lr-0.01-b1-0.974-b2-0.999/s44/request.json"",""environment.json"":""shared/environment-4540c975254894bc95ebe7d472d3e15c09796bb655bcbd24f9d7027f06509962.json""}"
awc4-cosine-h80--0.011--0.9--0.99--s42,awc4,80,1589439.078623994,1560657.4212322838,1431972.3074353707,101.8666263849882,1241.7773276860098,40.78472375869751,2567453,2026-09-16,"{""metrics.jsonl"":""logs/cosine/awc4/h80/lr-0.011-b1-0.9-b2-0.99/s42/metrics.jsonl"",""result.json"":""logs/cosine/awc4/h80/lr-0.011-b1-0.9-b2-0.99/s42/result.json"",""resolved.yaml"":""logs/cosine/awc4/h80/lr-0.011-b1-0.9-b2-0.99/s42/resolved.yaml"",""receipt.json"":""logs/cosine/awc4/h80/lr-0.011-b1-0.9-b2-0.99/s42/receipt.json"",""request.json"":""logs/cosine/awc4/h80/lr-0.011-b1-0.9-b2-0.99/s42/request.json"",""environment.json"":""shared/environment-6eba74e47abb0cac0f3af1029b17678973bf704f70dfc2fe0d7ace7103ce32b7.json""}"
awc4-cosine-h80--0.011--0.9--0.99--s43,awc4,80,1598660.9107285363,1570028.574027879,1442718.807181259,102.3824283119975,1233.7940117150065,40.78472375869751,2567456,2026-09-16,"{""metrics.jsonl"":""logs/cosine/awc4/h80/lr-0.011-b1-0.9-b2-0.99/s43/metrics.jsonl"",""result.json"":""logs/cosine/awc4/h80/lr-0.011-b1-0.9-b2-0.99/s43/result.json"",""resolved.yaml"":""logs/cosine/awc4/h80/lr-0.011-b1-0.9-b2-0.99/s43/resolved.yaml"",""receipt.json"":""logs/cosine/awc4/h80/lr-0.011-b1-0.9-b2-0.99/s43/receipt.json"",""request.json"":""logs/cosine/awc4/h80/lr-0.011-b1-0.9-b2-0.99/s43/request.json"",""environment.json"":""shared/environment-6287024c3df7234a1fe7374a40c079df0569ac120fef253d7f7d655f057eea87.json""}"
awc4-cosine-h80--0.011--0.9--0.99--s44,awc4,80,1602569.2800121098,1574310.9262834426,1447644.7451834606,101.01756890300021,1228.5903816509963,40.78472375869751,2567457,2026-09-16,"{""metrics.jsonl"":""logs/cosine/awc4/h80/lr-0.011-b1-0.9-b2-0.99/s44/metrics.jsonl"",""result.json"":""logs/cosine/awc4/h80/lr-0.011-b1-0.9-b2-0.99/s44/result.json"",""resolved.yaml"":""logs/cosine/awc4/h80/lr-0.011-b1-0.9-b2-0.99/s44/resolved.yaml"",""receipt.json"":""logs/cosine/awc4/h80/lr-0.011-b1-0.9-b2-0.99/s44/receipt.json"",""request.json"":""logs/cosine/awc4/h80/lr-0.011-b1-0.9-b2-0.99/s44/request.json"",""environment.json"":""shared/environment-c12b73905c588abc87d7661ca2fec9b3976b274cd42bcbed7b3051a261d08bed.json""}"
awc4-cosine-h80--0.011--0.9--0.999--s42,awc4,80,1633483.33827866,1605288.8145137033,1474870.994524515,99.76205298199784,1206.5149424529955,40.78472375869751,2567470,2026-09-16,"{""metrics.jsonl"":""logs/cosine/awc4/h80/lr-0.011-b1-0.9-b2-0.999/s42/metrics.jsonl"",""result.json"":""logs/cosine/awc4/h80/lr-0.011-b1-0.9-b2-0.999/s42/result.json"",""resolved.yaml"":""logs/cosine/awc4/h80/lr-0.011-b1-0.9-b2-0.999/s42/resolved.yaml"",""receipt.json"":""logs/cosine/awc4/h80/lr-0.011-b1-0.9-b2-0.999/s42/receipt.json"",""request.json"":""logs/cosine/awc4/h80/lr-0.011-b1-0.9-b2-0.999/s42/request.json"",""environment.json"":""shared/environment-ccce1bfc7c3b58eb8afaeefa0c366c783810fefa372abfcf51d5c9dfb4560582.json""}"
awc4-cosine-h80--0.011--0.9--0.999--s43,awc4,80,1613610.986321876,1539827.9303599815,1420744.972817328,100.5423263200064,1249.9402648329997,40.78472375869751,2567484,2026-09-16,"{""metrics.jsonl"":""logs/cosine/awc4/h80/lr-0.011-b1-0.9-b2-0.999/s43/metrics.jsonl"",""result.json"":""logs/cosine/awc4/h80/lr-0.011-b1-0.9-b2-0.999/s43/result.json"",""resolved.yaml"":""logs/cosine/awc4/h80/lr-0.011-b1-0.9-b2-0.999/s43/resolved.yaml"",""receipt.json"":""logs/cosine/awc4/h80/lr-0.011-b1-0.9-b2-0.999/s43/receipt.json"",""request.json"":""logs/cosine/awc4/h80/lr-0.011-b1-0.9-b2-0.999/s43/request.json"",""environment.json"":""shared/environment-9f4bb56ae35bb9bbb8c7570d070720c81e1e33e768c90878e0f2d29d4963be7c.json""}"
awc4-cosine-h80--0.011--0.9--0.999--s44,awc4,80,1560549.6052234143,1492034.1062111612,1373236.0887387507,104.70699430399691,1293.8424735450099,40.78472375869751,2567530,2026-09-16,"{""metrics.jsonl"":""logs/cosine/awc4/h80/lr-0.011-b1-0.9-b2-0.999/s44/metrics.jsonl"",""result.json"":""logs/cosine/awc4/h80/lr-0.011-b1-0.9-b2-0.999/s44/result.json"",""resolved.yaml"":""logs/cosine/awc4/h80/lr-0.011-b1-0.9-b2-0.999/s44/resolved.yaml"",""receipt.json"":""logs/cosine/awc4/h80/lr-0.011-b1-0.9-b2-0.999/s44/receipt.json"",""request.json"":""logs/cosine/awc4/h80/lr-0.011-b1-0.9-b2-0.999/s44/request.json"",""environment.json"":""shared/environment-1df60dc2b2d2dca2ca49ca6150478a3c425356647224f51bb18b1bbcd9064d49.json""}"
awc4-cosine-h80--0.011--0.95--0.99--s42,awc4,80,1599972.4700485698,1571573.7074324905,1442530.118678042,102.09284846900846,1233.6957179630117,40.78472375869751,2567696,2026-09-16,"{""metrics.jsonl"":""logs/cosine/awc4/h80/lr-0.011-b1-0.95-b2-0.99/s42/metrics.jsonl"",""result.json"":""logs/cosine/awc4/h80/lr-0.011-b1-0.95-b2-0.99/s42/result.json"",""resolved.yaml"":""logs/cosine/awc4/h80/lr-0.011-b1-0.95-b2-0.99/s42/resolved.yaml"",""receipt.json"":""logs/cosine/awc4/h80/lr-0.011-b1-0.95-b2-0.99/s42/receipt.json"",""request.json"":""logs/cosine/awc4/h80/lr-0.011-b1-0.95-b2-0.99/s42/request.json"",""environment.json"":""shared/environment-0e03c1ac818a76de4b03972ea8a87112ba123603213712c2fcc076c6620c8110.json""}"
awc4-cosine-h80--0.011--0.95--0.99--s43,awc4,80,1624551.126876553,1549833.221746454,1426868.1881609664,100.5958111249929,1245.1056121909933,40.78472375869751,2567697,2026-09-16,"{""metrics.jsonl"":""logs/cosine/awc4/h80/lr-0.011-b1-0.95-b2-0.99/s43/metrics.jsonl"",""result.json"":""logs/cosine/awc4/h80/lr-0.011-b1-0.95-b2-0.99/s43/result.json"",""resolved.yaml"":""logs/cosine/awc4/h80/lr-0.011-b1-0.95-b2-0.99/s43/resolved.yaml"",""receipt.json"":""logs/cosine/awc4/h80/lr-0.011-b1-0.95-b2-0.99/s43/receipt.json"",""request.json"":""logs/cosine/awc4/h80/lr-0.011-b1-0.95-b2-0.99/s43/request.json"",""environment.json"":""shared/environment-cc977603af7cae72d7576f0e3faec97f6e644e19f20d9497bee618f0c63b119f.json""}"
awc4-cosine-h80--0.011--0.95--0.99--s44,awc4,80,1626451.0695546558,1551595.1792866874,1425780.991107813,99.96598616999836,1245.341913061995,40.78472375869751,2567720,2026-09-16,"{""metrics.jsonl"":""logs/cosine/awc4/h80/lr-0.011-b1-0.95-b2-0.99/s44/metrics.jsonl"",""result.json"":""logs/cosine/awc4/h80/lr-0.011-b1-0.95-b2-0.99/s44/result.json"",""resolved.yaml"":""logs/cosine/awc4/h80/lr-0.011-b1-0.95-b2-0.99/s44/resolved.yaml"",""receipt.json"":""logs/cosine/awc4/h80/lr-0.011-b1-0.95-b2-0.99/s44/receipt.json"",""request.json"":""logs/cosine/awc4/h80/lr-0.011-b1-0.95-b2-0.99/s44/request.json"",""environment.json"":""shared/environment-b291e8d4f5009ad4f7d317a0cc85571b8c5b8ea0feb691a4d7a25462814f0ad2.json""}"
awc4-cosine-h80--0.011--0.95--0.999--s42,awc4,80,1583173.0100898051,1557906.63637574,1432022.7442876103,102.68562346100225,1242.5508360620006,40.78472375869751,2567770,2026-09-16,"{""metrics.jsonl"":""logs/cosine/awc4/h80/lr-0.011-b1-0.95-b2-0.999/s42/metrics.jsonl"",""result.json"":""logs/cosine/awc4/h80/lr-0.011-b1-0.95-b2-0.999/s42/result.json"",""resolved.yaml"":""logs/cosine/awc4/h80/lr-0.011-b1-0.95-b2-0.999/s42/resolved.yaml"",""receipt.json"":""logs/cosine/awc4/h80/lr-0.011-b1-0.95-b2-0.999/s42/receipt.json"",""request.json"":""logs/cosine/awc4/h80/lr-0.011-b1-0.95-b2-0.999/s42/request.json"",""environment.json"":""shared/environment-44bff28b1c1f789e935fd7c0cdcc5a6a7675d40d904d7062411acda0f103bc22.json""}"
awc4-cosine-h80--0.011--0.95--0.999--s43,awc4,80,1572601.8949627883,1546171.888255074,1421966.8091614526,102.40620068099815,1250.3355422010063,40.78472375869751,2567821,2026-09-16,"{""metrics.jsonl"":""logs/cosine/awc4/h80/lr-0.011-b1-0.95-b2-0.999/s43/metrics.jsonl"",""result.json"":""logs/cosine/awc4/h80/lr-0.011-b1-0.95-b2-0.999/s43/result.json"",""resolved.yaml"":""logs/cosine/awc4/h80/lr-0.011-b1-0.95-b2-0.999/s43/resolved.yaml"",""receipt.json"":""logs/cosine/awc4/h80/lr-0.011-b1-0.95-b2-0.999/s43/receipt.json"",""request.json"":""logs/cosine/awc4/h80/lr-0.011-b1-0.95-b2-0.999/s43/request.json"",""environment.json"":""shared/environment-662f7323d2dafdc10cbd0482a90562a6da0192214ddbbfca3abdab74f2c82636.json""}"
awc4-cosine-h80--0.011--0.95--0.999--s44,awc4,80,1595987.820320766,1568469.493109975,1441798.783458457,101.95047511100711,1234.090662292001,40.78472375869751,2567850,2026-09-16,"{""metrics.jsonl"":""logs/cosine/awc4/h80/lr-0.011-b1-0.95-b2-0.999/s44/metrics.jsonl"",""result.json"":""logs/cosine/awc4/h80/lr-0.011-b1-0.95-b2-0.999/s44/result.json"",""resolved.yaml"":""logs/cosine/awc4/h80/lr-0.011-b1-0.95-b2-0.999/s44/resolved.yaml"",""receipt.json"":""logs/cosine/awc4/h80/lr-0.011-b1-0.95-b2-0.999/s44/receipt.json"",""request.json"":""logs/cosine/awc4/h80/lr-0.011-b1-0.95-b2-0.999/s44/request.json"",""environment.json"":""shared/environment-d0b934dce39e91e2de4e85384ecd40c6d7cbc16a9bf1c5d1e1cb5e30da5c7aac.json""}"
awc4-cosine-h80--0.011--0.974--0.99--s42,awc4,80,1586402.407854167,1561377.9204938363,1436520.4579535224,102.78209471399896,1239.1291865250023,40.78472375869751,2568202,2026-09-16,"{""metrics.jsonl"":""logs/cosine/awc4/h80/lr-0.011-b1-0.974-b2-0.99/s42/metrics.jsonl"",""result.json"":""logs/cosine/awc4/h80/lr-0.011-b1-0.974-b2-0.99/s42/result.json"",""resolved.yaml"":""logs/cosine/awc4/h80/lr-0.011-b1-0.974-b2-0.99/s42/resolved.yaml"",""receipt.json"":""logs/cosine/awc4/h80/lr-0.011-b1-0.974-b2-0.99/s42/receipt.json"",""request.json"":""logs/cosine/awc4/h80/lr-0.011-b1-0.974-b2-0.99/s42/request.json"",""environment.json"":""shared/environment-453268970d8c4ac4c3b52b3d56f495de654f8f98ead36086d80f6a95758d6b50.json""}"
awc4-cosine-h80--0.011--0.974--0.99--s43,awc4,80,1600084.896169183,1572989.3418798055,1444940.560109036,100.48288577700441,1230.1970743970014,40.78472375869751,2568203,2026-09-16,"{""metrics.jsonl"":""logs/cosine/awc4/h80/lr-0.011-b1-0.974-b2-0.99/s43/metrics.jsonl"",""result.json"":""logs/cosine/awc4/h80/lr-0.011-b1-0.974-b2-0.99/s43/result.json"",""resolved.yaml"":""logs/cosine/awc4/h80/lr-0.011-b1-0.974-b2-0.99/s43/resolved.yaml"",""receipt.json"":""logs/cosine/awc4/h80/lr-0.011-b1-0.974-b2-0.99/s43/receipt.json"",""request.json"":""logs/cosine/awc4/h80/lr-0.011-b1-0.974-b2-0.99/s43/request.json"",""environment.json"":""shared/environment-2c6e0d55181a2e2e729fafe64f1d0627561defdcb6aa3493f1c88ab1ff96a33e.json""}"
awc4-cosine-h80--0.011--0.974--0.99--s44,awc4,80,1611669.4082622698,1584712.972669593,1456361.7730418756,101.36603286700847,1222.192558130002,40.78472375869751,2568205,2026-09-16,"{""metrics.jsonl"":""logs/cosine/awc4/h80/lr-0.011-b1-0.974-b2-0.99/s44/metrics.jsonl"",""result.json"":""logs/cosine/awc4/h80/lr-0.011-b1-0.974-b2-0.99/s44/result.json"",""resolved.yaml"":""logs/cosine/awc4/h80/lr-0.011-b1-0.974-b2-0.99/s44/resolved.yaml"",""receipt.json"":""logs/cosine/awc4/h80/lr-0.011-b1-0.974-b2-0.99/s44/receipt.json"",""request.json"":""logs/cosine/awc4/h80/lr-0.011-b1-0.974-b2-0.99/s44/request.json"",""environment.json"":""shared/environment-feca6ee08618458bdcfd73a6904decabd0faea70db51db6622ddda89ea5641a8.json""}"
awc4-cosine-h80--0.011--0.974--0.999--s42,awc4,80,1603401.0394976877,1574836.254007585,1448676.0756838594,101.15797762399598,1227.9379864660004,40.78472375869751,2568225,2026-09-16,"{""metrics.jsonl"":""logs/cosine/awc4/h80/lr-0.011-b1-0.974-b2-0.999/s42/metrics.jsonl"",""result.json"":""logs/cosine/awc4/h80/lr-0.011-b1-0.974-b2-0.999/s42/result.json"",""resolved.yaml"":""logs/cosine/awc4/h80/lr-0.011-b1-0.974-b2-0.999/s42/resolved.yaml"",""receipt.json"":""logs/cosine/awc4/h80/lr-0.011-b1-0.974-b2-0.999/s42/receipt.json"",""request.json"":""logs/cosine/awc4/h80/lr-0.011-b1-0.974-b2-0.999/s42/request.json"",""environment.json"":""shared/environment-863c9762ca381f9f288a984dc6f72bad856b38cb1b40175ac0462443853c495f.json""}"
awc4-cosine-h80--0.011--0.974--0.999--s43,awc4,80,1609351.557004588,1583193.0398189956,1455130.3151828197,101.27764166999259,1223.049204947005,40.78472375869751,2568250,2026-09-16,"{""metrics.jsonl"":""logs/cosine/awc4/h80/lr-0.011-b1-0.974-b2-0.999/s43/metrics.jsonl"",""result.json"":""logs/cosine/awc4/h80/lr-0.011-b1-0.974-b2-0.999/s43/result.json"",""resolved.yaml"":""logs/cosine/awc4/h80/lr-0.011-b1-0.974-b2-0.999/s43/resolved.yaml"",""receipt.json"":""logs/cosine/awc4/h80/lr-0.011-b1-0.974-b2-0.999/s43/receipt.json"",""request.json"":""logs/cosine/awc4/h80/lr-0.011-b1-0.974-b2-0.999/s43/request.json"",""environment.json"":""shared/environment-f60544e222cf2f017d8b419e1ed9d7d571465daeb540ce268e650b546be76b26.json""}"
awc4-cosine-h80--0.011--0.974--0.999--s44,awc4,80,1603597.19574926,1577494.7475006375,1451486.645093529,100.70767869899282,1225.2832927140116,40.78472375869751,2568251,2026-09-16,"{""metrics.jsonl"":""logs/cosine/awc4/h80/lr-0.011-b1-0.974-b2-0.999/s44/metrics.jsonl"",""result.json"":""logs/cosine/awc4/h80/lr-0.011-b1-0.974-b2-0.999/s44/result.json"",""resolved.yaml"":""logs/cosine/awc4/h80/lr-0.011-b1-0.974-b2-0.999/s44/resolved.yaml"",""receipt.json"":""logs/cosine/awc4/h80/lr-0.011-b1-0.974-b2-0.999/s44/receipt.json"",""request.json"":""logs/cosine/awc4/h80/lr-0.011-b1-0.974-b2-0.999/s44/request.json"",""environment.json"":""shared/environment-01657830fcbfaf150c8bdeda1df2d865653a0eb1d27e8bfafadab0fdca443351.json""}"
awc4-cosine-h80--0.012--0.9--0.99--s42,awc4,80,1584857.3869218933,1558537.6817770293,1435671.5409171877,101.95871792398975,1238.926800295012,40.78472375869751,2578266,2026-09-17,"{""metrics.jsonl"":""logs/cosine/awc4/h80/lr-0.012-b1-0.9-b2-0.99/s42/metrics.jsonl"",""result.json"":""logs/cosine/awc4/h80/lr-0.012-b1-0.9-b2-0.99/s42/result.json"",""resolved.yaml"":""logs/cosine/awc4/h80/lr-0.012-b1-0.9-b2-0.99/s42/resolved.yaml"",""receipt.json"":""logs/cosine/awc4/h80/lr-0.012-b1-0.9-b2-0.99/s42/receipt.json"",""request.json"":""logs/cosine/awc4/h80/lr-0.012-b1-0.9-b2-0.99/s42/request.json"",""environment.json"":""shared/environment-9dd688f4f349d2938d8ea517db0f1b078fdf8c709c7fe80d0ba046be3529cba8.json""}"
awc4-cosine-h80--0.012--0.9--0.99--s43,awc4,80,1623049.7971818764,1550309.85692142,1429646.3586122151,100.48884876997909,1242.7926084270002,40.78472375869751,2578267,2026-09-17,"{""metrics.jsonl"":""logs/cosine/awc4/h80/lr-0.012-b1-0.9-b2-0.99/s43/metrics.jsonl"",""result.json"":""logs/cosine/awc4/h80/lr-0.012-b1-0.9-b2-0.99/s43/result.json"",""resolved.yaml"":""logs/cosine/awc4/h80/lr-0.012-b1-0.9-b2-0.99/s43/resolved.yaml"",""receipt.json"":""logs/cosine/awc4/h80/lr-0.012-b1-0.9-b2-0.99/s43/receipt.json"",""request.json"":""logs/cosine/awc4/h80/lr-0.012-b1-0.9-b2-0.99/s43/request.json"",""environment.json"":""shared/environment-7283d30cd7cc2bc6a8288abeb301f72a974ea2b63346bf4af6fbb204fa77c3be.json""}"
awc4-cosine-h80--0.012--0.9--0.99--s44,awc4,80,1589250.2468575817,1559460.0667146503,1436432.3027351736,101.8979342720013,1238.266181596,40.78472375869751,2578268,2026-09-17,"{""metrics.jsonl"":""logs/cosine/awc4/h80/lr-0.012-b1-0.9-b2-0.99/s44/metrics.jsonl"",""result.json"":""logs/cosine/awc4/h80/lr-0.012-b1-0.9-b2-0.99/s44/result.json"",""resolved.yaml"":""logs/cosine/awc4/h80/lr-0.012-b1-0.9-b2-0.99/s44/resolved.yaml"",""receipt.json"":""logs/cosine/awc4/h80/lr-0.012-b1-0.9-b2-0.99/s44/receipt.json"",""request.json"":""logs/cosine/awc4/h80/lr-0.012-b1-0.9-b2-0.99/s44/request.json"",""environment.json"":""shared/environment-24789df0f32614045a2b214a0989077d879d82fad0edafbc66dd30f4891d6d62.json""}"
awc4-cosine-h80--0.012--0.9--0.999--s42,awc4,80,1599682.4701402928,1571631.8006260835,1446732.5273064526,101.93992894700204,1230.2219191859913,40.78472375869751,2578269,2026-09-17,"{""metrics.jsonl"":""logs/cosine/awc4/h80/lr-0.012-b1-0.9-b2-0.999/s42/metrics.jsonl"",""result.json"":""logs/cosine/awc4/h80/lr-0.012-b1-0.9-b2-0.999/s42/result.json"",""resolved.yaml"":""logs/cosine/awc4/h80/lr-0.012-b1-0.9-b2-0.999/s42/resolved.yaml"",""receipt.json"":""logs/cosine/awc4/h80/lr-0.012-b1-0.9-b2-0.999/s42/receipt.json"",""request.json"":""logs/cosine/awc4/h80/lr-0.012-b1-0.9-b2-0.999/s42/request.json"",""environment.json"":""shared/environment-8df9e1bcde8d0c851a682f6c28ff3647dc5c1c605c8c7f2ccbd19cdeae0760df.json""}"
awc4-cosine-h80--0.012--0.9--0.999--s43,awc4,80,1609332.0001685827,1537821.002421526,1418116.645149086,101.62288243600051,1253.201091883995,40.78472375869751,2578270,2026-09-17,"{""metrics.jsonl"":""logs/cosine/awc4/h80/lr-0.012-b1-0.9-b2-0.999/s43/metrics.jsonl"",""result.json"":""logs/cosine/awc4/h80/lr-0.012-b1-0.9-b2-0.999/s43/result.json"",""resolved.yaml"":""logs/cosine/awc4/h80/lr-0.012-b1-0.9-b2-0.999/s43/resolved.yaml"",""receipt.json"":""logs/cosine/awc4/h80/lr-0.012-b1-0.9-b2-0.999/s43/receipt.json"",""request.json"":""logs/cosine/awc4/h80/lr-0.012-b1-0.9-b2-0.999/s43/request.json"",""environment.json"":""shared/environment-403bc6ddf0503af1a9619ee36a78dac030bd207da7ae0632f4b37ac81c4c67cc.json""}"
awc4-cosine-h80--0.012--0.9--0.999--s44,awc4,80,1609905.6575313073,1540767.2804019994,1420538.1092333891,101.12296871500439,1250.5922632869915,40.78472375869751,2578271,2026-09-17,"{""metrics.jsonl"":""logs/cosine/awc4/h80/lr-0.012-b1-0.9-b2-0.999/s44/metrics.jsonl"",""result.json"":""logs/cosine/awc4/h80/lr-0.012-b1-0.9-b2-0.999/s44/result.json"",""resolved.yaml"":""logs/cosine/awc4/h80/lr-0.012-b1-0.9-b2-0.999/s44/resolved.yaml"",""receipt.json"":""logs/cosine/awc4/h80/lr-0.012-b1-0.9-b2-0.999/s44/receipt.json"",""request.json"":""logs/cosine/awc4/h80/lr-0.012-b1-0.9-b2-0.999/s44/request.json"",""environment.json"":""shared/environment-33c9e3f180c4a5adf9e12ed2b9ab7672044b9777daeccd86759693f81f61326d.json""}"
awc4-cosine-h80--0.012--0.95--0.99--s42,awc4,80,1617410.8580899031,1565646.4527029872,1437134.461319436,101.3070112830028,1237.641205218999,40.78472375869751,2577808,2026-09-17,"{""metrics.jsonl"":""logs/cosine/awc4/h80/lr-0.012-b1-0.95-b2-0.99/s42/metrics.jsonl"",""result.json"":""logs/cosine/awc4/h80/lr-0.012-b1-0.95-b2-0.99/s42/result.json"",""resolved.yaml"":""logs/cosine/awc4/h80/lr-0.012-b1-0.95-b2-0.99/s42/resolved.yaml"",""receipt.json"":""logs/cosine/awc4/h80/lr-0.012-b1-0.95-b2-0.99/s42/receipt.json"",""request.json"":""logs/cosine/awc4/h80/lr-0.012-b1-0.95-b2-0.99/s42/request.json"",""environment.json"":""shared/environment-4dd119fbba6e8ddf5ec2ba03c5a94471431544b99d51e939d5dad4391b067607.json""}"
awc4-cosine-h80--0.012--0.95--0.99--s43,awc4,80,1595637.6494073574,1527113.0847921155,1405787.4051310024,101.42851287899998,1263.009321826,40.78472375869751,2578272,2026-09-17,"{""metrics.jsonl"":""logs/cosine/awc4/h80/lr-0.012-b1-0.95-b2-0.99/s43/metrics.jsonl"",""result.json"":""logs/cosine/awc4/h80/lr-0.012-b1-0.95-b2-0.99/s43/result.json"",""resolved.yaml"":""logs/cosine/awc4/h80/lr-0.012-b1-0.95-b2-0.99/s43/resolved.yaml"",""receipt.json"":""logs/cosine/awc4/h80/lr-0.012-b1-0.95-b2-0.99/s43/receipt.json"",""request.json"":""logs/cosine/awc4/h80/lr-0.012-b1-0.95-b2-0.99/s43/request.json"",""environment.json"":""shared/environment-e635c6b8d6a37f6b5ac1b675c8665da5de3f312214dc822293d6b8a61fdb77e9.json""}"
awc4-cosine-h80--0.012--0.95--0.99--s44,awc4,80,1617067.9772548894,1579353.4597917097,1454188.2790667156,100.92375945899403,1223.914039870986,40.78472375869751,2578273,2026-09-17,"{""metrics.jsonl"":""logs/cosine/awc4/h80/lr-0.012-b1-0.95-b2-0.99/s44/metrics.jsonl"",""result.json"":""logs/cosine/awc4/h80/lr-0.012-b1-0.95-b2-0.99/s44/result.json"",""resolved.yaml"":""logs/cosine/awc4/h80/lr-0.012-b1-0.95-b2-0.99/s44/resolved.yaml"",""receipt.json"":""logs/cosine/awc4/h80/lr-0.012-b1-0.95-b2-0.99/s44/receipt.json"",""request.json"":""logs/cosine/awc4/h80/lr-0.012-b1-0.95-b2-0.99/s44/request.json"",""environment.json"":""shared/environment-35c4cc1077124d6221d1b8838960cdd95e23c1af1eb5be442b66e7396b7d7cf9.json""}"
awc4-cosine-h80--0.012--0.95--0.999--s42,awc4,80,1634055.5250957666,1562302.863721703,1440718.6766085753,99.75954668199984,1232.9307452,40.78472375869751,2578274,2026-09-17,"{""metrics.jsonl"":""logs/cosine/awc4/h80/lr-0.012-b1-0.95-b2-0.999/s42/metrics.jsonl"",""result.json"":""logs/cosine/awc4/h80/lr-0.012-b1-0.95-b2-0.999/s42/result.json"",""resolved.yaml"":""logs/cosine/awc4/h80/lr-0.012-b1-0.95-b2-0.999/s42/resolved.yaml"",""receipt.json"":""logs/cosine/awc4/h80/lr-0.012-b1-0.95-b2-0.999/s42/receipt.json"",""request.json"":""logs/cosine/awc4/h80/lr-0.012-b1-0.95-b2-0.999/s42/request.json"",""environment.json"":""shared/environment-97dbbe620e6119883fd2a08f643537fb3bb7e74adf1af5c8d245aad349e9cdb4.json""}"
awc4-cosine-h80--0.012--0.95--0.999--s43,awc4,80,1583639.2485934848,1519822.6472266898,1402551.849579173,101.40566443800003,1265.2409567260001,40.78472375869751,2578275,2026-09-17,"{""metrics.jsonl"":""logs/cosine/awc4/h80/lr-0.012-b1-0.95-b2-0.999/s43/metrics.jsonl"",""result.json"":""logs/cosine/awc4/h80/lr-0.012-b1-0.95-b2-0.999/s43/result.json"",""resolved.yaml"":""logs/cosine/awc4/h80/lr-0.012-b1-0.95-b2-0.999/s43/resolved.yaml"",""receipt.json"":""logs/cosine/awc4/h80/lr-0.012-b1-0.95-b2-0.999/s43/receipt.json"",""request.json"":""logs/cosine/awc4/h80/lr-0.012-b1-0.95-b2-0.999/s43/request.json"",""environment.json"":""shared/environment-090832ecf429754a1cdea53b55d09d33e1ba7fb10116e9c08de4ae83c3681974.json""}"
awc4-cosine-h80--0.012--0.95--0.999--s44,awc4,80,1585341.4070365122,1558633.7892077235,1436018.3854988923,102.17588639701717,1238.9056123159826,40.78472375869751,2578276,2026-09-17,"{""metrics.jsonl"":""logs/cosine/awc4/h80/lr-0.012-b1-0.95-b2-0.999/s44/metrics.jsonl"",""result.json"":""logs/cosine/awc4/h80/lr-0.012-b1-0.95-b2-0.999/s44/result.json"",""resolved.yaml"":""logs/cosine/awc4/h80/lr-0.012-b1-0.95-b2-0.999/s44/resolved.yaml"",""receipt.json"":""logs/cosine/awc4/h80/lr-0.012-b1-0.95-b2-0.999/s44/receipt.json"",""request.json"":""logs/cosine/awc4/h80/lr-0.012-b1-0.95-b2-0.999/s44/request.json"",""environment.json"":""shared/environment-cc470c6479d4c1e9f56493715be88e8124cd905b9805b51afac60ac37a4ecd7a.json""}"
awc4-cosine-h80--0.012--0.974--0.99--s42,awc4,80,1563625.9264279327,1538871.269339857,1417696.7165374497,103.02184801301337,1254.4061121160048,40.78472375869751,2578277,2026-09-17,"{""metrics.jsonl"":""logs/cosine/awc4/h80/lr-0.012-b1-0.974-b2-0.99/s42/metrics.jsonl"",""result.json"":""logs/cosine/awc4/h80/lr-0.012-b1-0.974-b2-0.99/s42/result.json"",""resolved.yaml"":""logs/cosine/awc4/h80/lr-0.012-b1-0.974-b2-0.99/s42/resolved.yaml"",""receipt.json"":""logs/cosine/awc4/h80/lr-0.012-b1-0.974-b2-0.99/s42/receipt.json"",""request.json"":""logs/cosine/awc4/h80/lr-0.012-b1-0.974-b2-0.99/s42/request.json"",""environment.json"":""shared/environment-f21a2645feab7d407b8c32a40defb395dbada43b6e1758898bb5c82063800992.json""}"
awc4-cosine-h80--0.012--0.974--0.99--s43,awc4,80,1610610.4295730542,1541965.8898711111,1421888.7296238346,99.6170856180106,1248.297037901997,40.78472375869751,2578410,2026-09-17,"{""metrics.jsonl"":""logs/cosine/awc4/h80/lr-0.012-b1-0.974-b2-0.99/s43/metrics.jsonl"",""result.json"":""logs/cosine/awc4/h80/lr-0.012-b1-0.974-b2-0.99/s43/result.json"",""resolved.yaml"":""logs/cosine/awc4/h80/lr-0.012-b1-0.974-b2-0.99/s43/resolved.yaml"",""receipt.json"":""logs/cosine/awc4/h80/lr-0.012-b1-0.974-b2-0.99/s43/receipt.json"",""request.json"":""logs/cosine/awc4/h80/lr-0.012-b1-0.974-b2-0.99/s43/request.json"",""environment.json"":""shared/environment-ec8202c9fc7f8651768d5cca67b22324a6ada8b46bd08e8caa1efacaa9d246ae.json""}"
awc4-cosine-h80--0.012--0.974--0.99--s44,awc4,80,1587526.2198907235,1520898.9915130187,1402304.7642847868,102.52024141899892,1267.2211823649995,40.78472375869751,2578411,2026-09-17,"{""metrics.jsonl"":""logs/cosine/awc4/h80/lr-0.012-b1-0.974-b2-0.99/s44/metrics.jsonl"",""result.json"":""logs/cosine/awc4/h80/lr-0.012-b1-0.974-b2-0.99/s44/result.json"",""resolved.yaml"":""logs/cosine/awc4/h80/lr-0.012-b1-0.974-b2-0.99/s44/resolved.yaml"",""receipt.json"":""logs/cosine/awc4/h80/lr-0.012-b1-0.974-b2-0.99/s44/receipt.json"",""request.json"":""logs/cosine/awc4/h80/lr-0.012-b1-0.974-b2-0.99/s44/request.json"",""environment.json"":""shared/environment-658813679e455a59451e9d15c17784fbd2cca10f238e5e9ecb5e34cea8aef571.json""}"
awc4-cosine-h80--0.012--0.974--0.999--s42,awc4,80,1596258.7980039825,1528790.379932598,1407109.5419895225,101.46599087399954,1262.247592589003,40.78472375869751,2578412,2026-09-17,"{""metrics.jsonl"":""logs/cosine/awc4/h80/lr-0.012-b1-0.974-b2-0.999/s42/metrics.jsonl"",""result.json"":""logs/cosine/awc4/h80/lr-0.012-b1-0.974-b2-0.999/s42/result.json"",""resolved.yaml"":""logs/cosine/awc4/h80/lr-0.012-b1-0.974-b2-0.999/s42/resolved.yaml"",""receipt.json"":""logs/cosine/awc4/h80/lr-0.012-b1-0.974-b2-0.999/s42/receipt.json"",""request.json"":""logs/cosine/awc4/h80/lr-0.012-b1-0.974-b2-0.999/s42/request.json"",""environment.json"":""shared/environment-fbcb4cc66e6cd6c5d6f3f6392f6217e84e13906a0986903d5785434f90771a19.json""}"
awc4-cosine-h80--0.012--0.974--0.999--s43,awc4,80,1599244.783863587,1531604.6400614898,1411992.5886456221,102.09672932099784,1258.839003681991,40.78472375869751,2578413,2026-09-17,"{""metrics.jsonl"":""logs/cosine/awc4/h80/lr-0.012-b1-0.974-b2-0.999/s43/metrics.jsonl"",""result.json"":""logs/cosine/awc4/h80/lr-0.012-b1-0.974-b2-0.999/s43/result.json"",""resolved.yaml"":""logs/cosine/awc4/h80/lr-0.012-b1-0.974-b2-0.999/s43/resolved.yaml"",""receipt.json"":""logs/cosine/awc4/h80/lr-0.012-b1-0.974-b2-0.999/s43/receipt.json"",""request.json"":""logs/cosine/awc4/h80/lr-0.012-b1-0.974-b2-0.999/s43/request.json"",""environment.json"":""shared/environment-aa4cb67a81be54933214673fe3d2b206456642621bed4dbab4f943fd9aac3fa2.json""}"
awc4-cosine-h80--0.012--0.974--0.999--s44,awc4,80,1590168.0546450992,1564446.2136141616,1441135.2394137564,100.61077723201015,1233.2754560860049,40.78472375869751,2578414,2026-09-17,"{""metrics.jsonl"":""logs/cosine/awc4/h80/lr-0.012-b1-0.974-b2-0.999/s44/metrics.jsonl"",""result.json"":""logs/cosine/awc4/h80/lr-0.012-b1-0.974-b2-0.999/s44/result.json"",""resolved.yaml"":""logs/cosine/awc4/h80/lr-0.012-b1-0.974-b2-0.999/s44/resolved.yaml"",""receipt.json"":""logs/cosine/awc4/h80/lr-0.012-b1-0.974-b2-0.999/s44/receipt.json"",""request.json"":""logs/cosine/awc4/h80/lr-0.012-b1-0.974-b2-0.999/s44/request.json"",""environment.json"":""shared/environment-e4252d6c7b0943426eed25c6f5493ad28c5e6e6921883c5bdd75693e9d17e659.json""}"
awc8-cosine-h80--0.005--0.9--0.99--s42,awc8,80,1516646.1538392296,1448644.1210297493,1343016.7579744668,99.45193564200599,1315.5006772060005,42.29233980178833,2558544,2026-09-16,"{""metrics.jsonl"":""logs/cosine/awc8/h80/lr-0.005-b1-0.9-b2-0.99/s42/metrics.jsonl"",""result.json"":""logs/cosine/awc8/h80/lr-0.005-b1-0.9-b2-0.99/s42/result.json"",""resolved.yaml"":""logs/cosine/awc8/h80/lr-0.005-b1-0.9-b2-0.99/s42/resolved.yaml"",""receipt.json"":""logs/cosine/awc8/h80/lr-0.005-b1-0.9-b2-0.99/s42/receipt.json"",""request.json"":""logs/cosine/awc8/h80/lr-0.005-b1-0.9-b2-0.99/s42/request.json"",""environment.json"":""shared/environment-d07b154cca998de2234b8987b9a8a742ecf7189e70aac2c7a62d406edff5e212.json""}"
awc8-cosine-h80--0.005--0.9--0.99--s43,awc8,80,1549200.2714000728,1478238.2956101673,1367838.4986029463,100.56216390201007,1294.5663960450038,42.29233980178833,2558545,2026-09-16,"{""metrics.jsonl"":""logs/cosine/awc8/h80/lr-0.005-b1-0.9-b2-0.99/s43/metrics.jsonl"",""result.json"":""logs/cosine/awc8/h80/lr-0.005-b1-0.9-b2-0.99/s43/result.json"",""resolved.yaml"":""logs/cosine/awc8/h80/lr-0.005-b1-0.9-b2-0.99/s43/resolved.yaml"",""receipt.json"":""logs/cosine/awc8/h80/lr-0.005-b1-0.9-b2-0.99/s43/receipt.json"",""request.json"":""logs/cosine/awc8/h80/lr-0.005-b1-0.9-b2-0.99/s43/request.json"",""environment.json"":""shared/environment-162794bd2fccade5f8c9553f381429da8c1a00bea5c708297e41070149d13aec.json""}"
awc8-cosine-h80--0.005--0.9--0.99--s44,awc8,80,1546368.6597982836,1475663.7883536941,1365613.5255439337,100.78586367999378,1296.7441802940011,42.29233980178833,2558546,2026-09-16,"{""metrics.jsonl"":""logs/cosine/awc8/h80/lr-0.005-b1-0.9-b2-0.99/s44/metrics.jsonl"",""result.json"":""logs/cosine/awc8/h80/lr-0.005-b1-0.9-b2-0.99/s44/result.json"",""resolved.yaml"":""logs/cosine/awc8/h80/lr-0.005-b1-0.9-b2-0.99/s44/resolved.yaml"",""receipt.json"":""logs/cosine/awc8/h80/lr-0.005-b1-0.9-b2-0.99/s44/receipt.json"",""request.json"":""logs/cosine/awc8/h80/lr-0.005-b1-0.9-b2-0.99/s44/request.json"",""environment.json"":""shared/environment-f3361ebaf19c7cf1ef44faf9d51191b9ed4cee95975a7d492356aaca6dea084b.json""}"
awc8-cosine-h80--0.005--0.9--0.999--s42,awc8,80,1527221.576596654,1459184.3619773334,1349032.7779187446,101.50945027900161,1312.2426628180037,42.29233980178833,2558559,2026-09-16,"{""metrics.jsonl"":""logs/cosine/awc8/h80/lr-0.005-b1-0.9-b2-0.999/s42/metrics.jsonl"",""result.json"":""logs/cosine/awc8/h80/lr-0.005-b1-0.9-b2-0.999/s42/result.json"",""resolved.yaml"":""logs/cosine/awc8/h80/lr-0.005-b1-0.9-b2-0.999/s42/resolved.yaml"",""receipt.json"":""logs/cosine/awc8/h80/lr-0.005-b1-0.9-b2-0.999/s42/receipt.json"",""request.json"":""logs/cosine/awc8/h80/lr-0.005-b1-0.9-b2-0.999/s42/request.json"",""environment.json"":""shared/environment-a0fb027f8be48425223d94f7301428b6d2828de3236d28b6eb195b6d23d114a6.json""}"
awc8-cosine-h80--0.005--0.9--0.999--s43,awc8,80,1506999.6030320413,1440879.7780420233,1332811.6026422044,101.90792089400202,1327.3976702930013,42.29233980178833,2558560,2026-09-16,"{""metrics.jsonl"":""logs/cosine/awc8/h80/lr-0.005-b1-0.9-b2-0.999/s43/metrics.jsonl"",""result.json"":""logs/cosine/awc8/h80/lr-0.005-b1-0.9-b2-0.999/s43/result.json"",""resolved.yaml"":""logs/cosine/awc8/h80/lr-0.005-b1-0.9-b2-0.999/s43/resolved.yaml"",""receipt.json"":""logs/cosine/awc8/h80/lr-0.005-b1-0.9-b2-0.999/s43/receipt.json"",""request.json"":""logs/cosine/awc8/h80/lr-0.005-b1-0.9-b2-0.999/s43/request.json"",""environment.json"":""shared/environment-6da7e7a74e5ba7d65421274c5793cc7a7fcbc63bafeaad2a6ee41b507fd03172.json""}"
awc8-cosine-h80--0.005--0.9--0.999--s44,awc8,80,1529223.278763697,1460977.834051075,1350085.8811109124,101.07765512599872,1310.8906504779952,42.29233980178833,2558561,2026-09-16,"{""metrics.jsonl"":""logs/cosine/awc8/h80/lr-0.005-b1-0.9-b2-0.999/s44/metrics.jsonl"",""result.json"":""logs/cosine/awc8/h80/lr-0.005-b1-0.9-b2-0.999/s44/result.json"",""resolved.yaml"":""logs/cosine/awc8/h80/lr-0.005-b1-0.9-b2-0.999/s44/resolved.yaml"",""receipt.json"":""logs/cosine/awc8/h80/lr-0.005-b1-0.9-b2-0.999/s44/receipt.json"",""request.json"":""logs/cosine/awc8/h80/lr-0.005-b1-0.9-b2-0.999/s44/request.json"",""environment.json"":""shared/environment-14aaaaf14e133fc2538f0067adfc5166dc28d7af95c2104bff3f311299cd0188.json""}"
awc8-cosine-h80--0.005--0.95--0.99--s42,awc8,80,1521533.9103316634,1496124.408020999,1381936.5416746351,101.46220259899565,1282.6391810130008,42.29233980178833,2558574,2026-09-16,"{""metrics.jsonl"":""logs/cosine/awc8/h80/lr-0.005-b1-0.95-b2-0.99/s42/metrics.jsonl"",""result.json"":""logs/cosine/awc8/h80/lr-0.005-b1-0.95-b2-0.99/s42/result.json"",""resolved.yaml"":""logs/cosine/awc8/h80/lr-0.005-b1-0.95-b2-0.99/s42/resolved.yaml"",""receipt.json"":""logs/cosine/awc8/h80/lr-0.005-b1-0.95-b2-0.99/s42/receipt.json"",""request.json"":""logs/cosine/awc8/h80/lr-0.005-b1-0.95-b2-0.99/s42/request.json"",""environment.json"":""shared/environment-560220389080b21e3ed9450e24904dd5fed64d08bcfd487219eb5bb4694f5972.json""}"
awc8-cosine-h80--0.005--0.95--0.99--s43,awc8,80,1531883.2554612423,1506215.6280217974,1389570.071841511,101.42872256100236,1276.1198115820007,42.29233980178833,2558575,2026-09-16,"{""metrics.jsonl"":""logs/cosine/awc8/h80/lr-0.005-b1-0.95-b2-0.99/s43/metrics.jsonl"",""result.json"":""logs/cosine/awc8/h80/lr-0.005-b1-0.95-b2-0.99/s43/result.json"",""resolved.yaml"":""logs/cosine/awc8/h80/lr-0.005-b1-0.95-b2-0.99/s43/resolved.yaml"",""receipt.json"":""logs/cosine/awc8/h80/lr-0.005-b1-0.95-b2-0.99/s43/receipt.json"",""request.json"":""logs/cosine/awc8/h80/lr-0.005-b1-0.95-b2-0.99/s43/request.json"",""environment.json"":""shared/environment-4fa90cc42fe43d61d80f0e51a646a0a5ecf3262e31345cf2e93352fb3f209f96.json""}"
awc8-cosine-h80--0.005--0.95--0.99--s44,awc8,80,1509123.6781648207,1483559.4154047116,1373136.868797631,99.54294581699651,1288.3003659840033,42.29233980178833,2558576,2026-09-16,"{""metrics.jsonl"":""logs/cosine/awc8/h80/lr-0.005-b1-0.95-b2-0.99/s44/metrics.jsonl"",""result.json"":""logs/cosine/awc8/h80/lr-0.005-b1-0.95-b2-0.99/s44/result.json"",""resolved.yaml"":""logs/cosine/awc8/h80/lr-0.005-b1-0.95-b2-0.99/s44/resolved.yaml"",""receipt.json"":""logs/cosine/awc8/h80/lr-0.005-b1-0.95-b2-0.99/s44/receipt.json"",""request.json"":""logs/cosine/awc8/h80/lr-0.005-b1-0.95-b2-0.99/s44/request.json"",""environment.json"":""shared/environment-a3f9862555aec99991bf8a6464d1851cb3ef31dbac3df539055c1275fef4da06.json""}"
awc8-cosine-h80--0.005--0.95--0.999--s42,awc8,80,1508043.6008086058,1483285.2428740107,1373023.844603367,99.79856739401293,1288.6741561060044,42.29233980178833,2558588,2026-09-16,"{""metrics.jsonl"":""logs/cosine/awc8/h80/lr-0.005-b1-0.95-b2-0.999/s42/metrics.jsonl"",""result.json"":""logs/cosine/awc8/h80/lr-0.005-b1-0.95-b2-0.999/s42/result.json"",""resolved.yaml"":""logs/cosine/awc8/h80/lr-0.005-b1-0.95-b2-0.999/s42/resolved.yaml"",""receipt.json"":""logs/cosine/awc8/h80/lr-0.005-b1-0.95-b2-0.999/s42/receipt.json"",""request.json"":""logs/cosine/awc8/h80/lr-0.005-b1-0.95-b2-0.999/s42/request.json"",""environment.json"":""shared/environment-f04c24b5b30c1db3f8dbf514a617b661c4b05bed417a3da44dd254d97a27f3e2.json""}"
awc8-cosine-h80--0.005--0.95--0.999--s43,awc8,80,1528353.029069896,1470307.1663833682,1361235.8649643078,101.38648004499919,1300.9312082860015,42.29233980178833,2558589,2026-09-16,"{""metrics.jsonl"":""logs/cosine/awc8/h80/lr-0.005-b1-0.95-b2-0.999/s43/metrics.jsonl"",""result.json"":""logs/cosine/awc8/h80/lr-0.005-b1-0.95-b2-0.999/s43/result.json"",""resolved.yaml"":""logs/cosine/awc8/h80/lr-0.005-b1-0.95-b2-0.999/s43/resolved.yaml"",""receipt.json"":""logs/cosine/awc8/h80/lr-0.005-b1-0.95-b2-0.999/s43/receipt.json"",""request.json"":""logs/cosine/awc8/h80/lr-0.005-b1-0.95-b2-0.999/s43/request.json"",""environment.json"":""shared/environment-dce72f89944ed9a3c52f8ab36f9cd8e636a77125c71e4e103d228d5d93570f2f.json""}"
awc8-cosine-h80--0.005--0.95--0.999--s44,awc8,80,1523602.9187172258,1498745.840844282,1381859.9087340792,101.86398430800182,1283.1108115290117,42.29233980178833,2558590,2026-09-16,"{""metrics.jsonl"":""logs/cosine/awc8/h80/lr-0.005-b1-0.95-b2-0.999/s44/metrics.jsonl"",""result.json"":""logs/cosine/awc8/h80/lr-0.005-b1-0.95-b2-0.999/s44/result.json"",""resolved.yaml"":""logs/cosine/awc8/h80/lr-0.005-b1-0.95-b2-0.999/s44/resolved.yaml"",""receipt.json"":""logs/cosine/awc8/h80/lr-0.005-b1-0.95-b2-0.999/s44/receipt.json"",""request.json"":""logs/cosine/awc8/h80/lr-0.005-b1-0.95-b2-0.999/s44/request.json"",""environment.json"":""shared/environment-045ca8bda886e9344179ebd0106b3b354b83e79e37f98c1e9c1ab9bd82ceb284.json""}"
awc8-cosine-h80--0.005--0.974--0.99--s42,awc8,80,1505840.4900918342,1482472.7227690206,1371984.4942988318,100.00657038800273,1289.8039383700016,42.29233980178833,2560557,2026-09-16,"{""metrics.jsonl"":""logs/cosine/awc8/h80/lr-0.005-b1-0.974-b2-0.99/s42/metrics.jsonl"",""result.json"":""logs/cosine/awc8/h80/lr-0.005-b1-0.974-b2-0.99/s42/result.json"",""resolved.yaml"":""logs/cosine/awc8/h80/lr-0.005-b1-0.974-b2-0.99/s42/resolved.yaml"",""receipt.json"":""logs/cosine/awc8/h80/lr-0.005-b1-0.974-b2-0.99/s42/receipt.json"",""request.json"":""logs/cosine/awc8/h80/lr-0.005-b1-0.974-b2-0.99/s42/request.json"",""environment.json"":""shared/environment-5a44cd9aae6dd8d5f2a61e0070a15e8e30df238db312c381d0a345f9f4cade18.json""}"
awc8-cosine-h80--0.005--0.974--0.99--s43,awc8,80,1508127.2662811105,1484486.3992332842,1371763.3754970368,102.18548104799993,1292.125169566003,42.29233980178833,2560694,2026-09-16,"{""metrics.jsonl"":""logs/cosine/awc8/h80/lr-0.005-b1-0.974-b2-0.99/s43/metrics.jsonl"",""result.json"":""logs/cosine/awc8/h80/lr-0.005-b1-0.974-b2-0.99/s43/result.json"",""resolved.yaml"":""logs/cosine/awc8/h80/lr-0.005-b1-0.974-b2-0.99/s43/resolved.yaml"",""receipt.json"":""logs/cosine/awc8/h80/lr-0.005-b1-0.974-b2-0.99/s43/receipt.json"",""request.json"":""logs/cosine/awc8/h80/lr-0.005-b1-0.974-b2-0.99/s43/request.json"",""environment.json"":""shared/environment-6b3faf8753f95d18ad9533a16e149b5343c1478f354e61207fa182f299978f39.json""}"
awc8-cosine-h80--0.005--0.974--0.99--s44,awc8,80,1511345.7186201434,1487435.1828225509,1369319.7053773329,102.39373724500183,1294.4561817160065,42.29233980178833,2560715,2026-09-16,"{""metrics.jsonl"":""logs/cosine/awc8/h80/lr-0.005-b1-0.974-b2-0.99/s44/metrics.jsonl"",""result.json"":""logs/cosine/awc8/h80/lr-0.005-b1-0.974-b2-0.99/s44/result.json"",""resolved.yaml"":""logs/cosine/awc8/h80/lr-0.005-b1-0.974-b2-0.99/s44/resolved.yaml"",""receipt.json"":""logs/cosine/awc8/h80/lr-0.005-b1-0.974-b2-0.99/s44/receipt.json"",""request.json"":""logs/cosine/awc8/h80/lr-0.005-b1-0.974-b2-0.99/s44/request.json"",""environment.json"":""shared/environment-7aa92a1c08716bab6f6433917c73705e19d8760705ab7104f54976043510cede.json""}"
awc8-cosine-h80--0.005--0.974--0.999--s42,awc8,80,1506849.4762650637,1479282.2110809034,1354781.0693921798,103.16964160201314,1308.0550616109977,42.29233980178833,2560809,2026-09-16,"{""metrics.jsonl"":""logs/cosine/awc8/h80/lr-0.005-b1-0.974-b2-0.999/s42/metrics.jsonl"",""result.json"":""logs/cosine/awc8/h80/lr-0.005-b1-0.974-b2-0.999/s42/result.json"",""resolved.yaml"":""logs/cosine/awc8/h80/lr-0.005-b1-0.974-b2-0.999/s42/resolved.yaml"",""receipt.json"":""logs/cosine/awc8/h80/lr-0.005-b1-0.974-b2-0.999/s42/receipt.json"",""request.json"":""logs/cosine/awc8/h80/lr-0.005-b1-0.974-b2-0.999/s42/request.json"",""environment.json"":""shared/environment-0c77266bf6bc68d3e562698e94ddd73ae1fa6bbb8ab032d4a113da441ad44b94.json""}"
awc8-cosine-h80--0.005--0.974--0.999--s43,awc8,80,1510297.2442027791,1486978.515818059,1375808.0822564347,100.18040685899905,1286.6496104730031,42.29233980178833,2560810,2026-09-16,"{""metrics.jsonl"":""logs/cosine/awc8/h80/lr-0.005-b1-0.974-b2-0.999/s43/metrics.jsonl"",""result.json"":""logs/cosine/awc8/h80/lr-0.005-b1-0.974-b2-0.999/s43/result.json"",""resolved.yaml"":""logs/cosine/awc8/h80/lr-0.005-b1-0.974-b2-0.999/s43/resolved.yaml"",""receipt.json"":""logs/cosine/awc8/h80/lr-0.005-b1-0.974-b2-0.999/s43/receipt.json"",""request.json"":""logs/cosine/awc8/h80/lr-0.005-b1-0.974-b2-0.999/s43/request.json"",""environment.json"":""shared/environment-f2002a650432535993f6ce696ae5e61b337437883e9821f9d50405f042bff711.json""}"
awc8-cosine-h80--0.005--0.974--0.999--s44,awc8,80,1536279.5583050677,1510716.733938996,1383303.6088671167,100.51763973900233,1280.5455273099942,42.29233980178833,2560811,2026-09-16,"{""metrics.jsonl"":""logs/cosine/awc8/h80/lr-0.005-b1-0.974-b2-0.999/s44/metrics.jsonl"",""result.json"":""logs/cosine/awc8/h80/lr-0.005-b1-0.974-b2-0.999/s44/result.json"",""resolved.yaml"":""logs/cosine/awc8/h80/lr-0.005-b1-0.974-b2-0.999/s44/resolved.yaml"",""receipt.json"":""logs/cosine/awc8/h80/lr-0.005-b1-0.974-b2-0.999/s44/receipt.json"",""request.json"":""logs/cosine/awc8/h80/lr-0.005-b1-0.974-b2-0.999/s44/request.json"",""environment.json"":""shared/environment-9c7b75460fc8d95f8f4b46fa14a66e11a80c7193a1e27c9169a510057695858e.json""}"
awc8-cosine-h80--0.006--0.9--0.99--s42,awc8,80,1557282.4513313826,1485539.4556863105,1374308.9942931402,100.49745052600338,1288.9467384680029,42.29233980178833,2558547,2026-09-16,"{""metrics.jsonl"":""logs/cosine/awc8/h80/lr-0.006-b1-0.9-b2-0.99/s42/metrics.jsonl"",""result.json"":""logs/cosine/awc8/h80/lr-0.006-b1-0.9-b2-0.99/s42/result.json"",""resolved.yaml"":""logs/cosine/awc8/h80/lr-0.006-b1-0.9-b2-0.99/s42/resolved.yaml"",""receipt.json"":""logs/cosine/awc8/h80/lr-0.006-b1-0.9-b2-0.99/s42/receipt.json"",""request.json"":""logs/cosine/awc8/h80/lr-0.006-b1-0.9-b2-0.99/s42/request.json"",""environment.json"":""shared/environment-0abee0e4e2f38fdc4ddbb7e04b7f89f8709138de900f66c81ca4123dc03ae3d0.json""}"
awc8-cosine-h80--0.006--0.9--0.99--s43,awc8,80,1546674.8382996172,1475197.1551452675,1364007.4373388905,100.46101576399815,1297.645592408997,42.29233980178833,2558548,2026-09-16,"{""metrics.jsonl"":""logs/cosine/awc8/h80/lr-0.006-b1-0.9-b2-0.99/s43/metrics.jsonl"",""result.json"":""logs/cosine/awc8/h80/lr-0.006-b1-0.9-b2-0.99/s43/result.json"",""resolved.yaml"":""logs/cosine/awc8/h80/lr-0.006-b1-0.9-b2-0.99/s43/resolved.yaml"",""receipt.json"":""logs/cosine/awc8/h80/lr-0.006-b1-0.9-b2-0.99/s43/receipt.json"",""request.json"":""logs/cosine/awc8/h80/lr-0.006-b1-0.9-b2-0.99/s43/request.json"",""environment.json"":""shared/environment-0949233e33b0814cf4b84d44aeb083b68e1c2498e162f91371e03757fa0e3100.json""}"
awc8-cosine-h80--0.006--0.9--0.99--s44,awc8,80,1506730.6675527361,1439853.073233291,1331982.492503616,102.39087176599423,1328.4826636549988,42.29233980178833,2558549,2026-09-16,"{""metrics.jsonl"":""logs/cosine/awc8/h80/lr-0.006-b1-0.9-b2-0.99/s44/metrics.jsonl"",""result.json"":""logs/cosine/awc8/h80/lr-0.006-b1-0.9-b2-0.99/s44/result.json"",""resolved.yaml"":""logs/cosine/awc8/h80/lr-0.006-b1-0.9-b2-0.99/s44/resolved.yaml"",""receipt.json"":""logs/cosine/awc8/h80/lr-0.006-b1-0.9-b2-0.99/s44/receipt.json"",""request.json"":""logs/cosine/awc8/h80/lr-0.006-b1-0.9-b2-0.99/s44/request.json"",""environment.json"":""shared/environment-36517e0668375ef964360029f107bab8a8c086614df405adb1f73d977d033659.json""}"
awc8-cosine-h80--0.006--0.9--0.999--s42,awc8,80,1536590.932894653,1510033.056090334,1395712.2928937215,100.5038540240057,1270.0506846990029,42.29233980178833,2558562,2026-09-16,"{""metrics.jsonl"":""logs/cosine/awc8/h80/lr-0.006-b1-0.9-b2-0.999/s42/metrics.jsonl"",""result.json"":""logs/cosine/awc8/h80/lr-0.006-b1-0.9-b2-0.999/s42/result.json"",""resolved.yaml"":""logs/cosine/awc8/h80/lr-0.006-b1-0.9-b2-0.999/s42/resolved.yaml"",""receipt.json"":""logs/cosine/awc8/h80/lr-0.006-b1-0.9-b2-0.999/s42/receipt.json"",""request.json"":""logs/cosine/awc8/h80/lr-0.006-b1-0.9-b2-0.999/s42/request.json"",""environment.json"":""shared/environment-ad8ef8eda0b0204d68247d55bbd85cd4841c37b040dc8f182a03abb131ecd879.json""}"
awc8-cosine-h80--0.006--0.9--0.999--s43,awc8,80,1572449.4444164732,1545162.5266693118,1426237.2228033016,99.595968712998,1244.0887296170004,42.29233980178833,2558563,2026-09-16,"{""metrics.jsonl"":""logs/cosine/awc8/h80/lr-0.006-b1-0.9-b2-0.999/s43/metrics.jsonl"",""result.json"":""logs/cosine/awc8/h80/lr-0.006-b1-0.9-b2-0.999/s43/result.json"",""resolved.yaml"":""logs/cosine/awc8/h80/lr-0.006-b1-0.9-b2-0.999/s43/resolved.yaml"",""receipt.json"":""logs/cosine/awc8/h80/lr-0.006-b1-0.9-b2-0.999/s43/receipt.json"",""request.json"":""logs/cosine/awc8/h80/lr-0.006-b1-0.9-b2-0.999/s43/request.json"",""environment.json"":""shared/environment-e4b97e42145dc472f1dc9732d7aa11fea396c06e21ff9646322535e72df9b887.json""}"
awc8-cosine-h80--0.006--0.9--0.999--s44,awc8,80,1563247.6389766964,1536498.4778995372,1417115.5716602446,100.11937388101069,1251.9922696410067,42.29233980178833,2558564,2026-09-16,"{""metrics.jsonl"":""logs/cosine/awc8/h80/lr-0.006-b1-0.9-b2-0.999/s44/metrics.jsonl"",""result.json"":""logs/cosine/awc8/h80/lr-0.006-b1-0.9-b2-0.999/s44/result.json"",""resolved.yaml"":""logs/cosine/awc8/h80/lr-0.006-b1-0.9-b2-0.999/s44/resolved.yaml"",""receipt.json"":""logs/cosine/awc8/h80/lr-0.006-b1-0.9-b2-0.999/s44/receipt.json"",""request.json"":""logs/cosine/awc8/h80/lr-0.006-b1-0.9-b2-0.999/s44/request.json"",""environment.json"":""shared/environment-eef641bea3ad56c5e5dd864d818d6d31c87ca8051b9186e0f72641a57b6c84b9.json""}"
awc8-cosine-h80--0.006--0.95--0.99--s42,awc8,80,1502720.2093528097,1475649.6272754276,1365171.2693806787,99.35606004300644,1295.0718626479938,42.29233980178833,2558577,2026-09-16,"{""metrics.jsonl"":""logs/cosine/awc8/h80/lr-0.006-b1-0.95-b2-0.99/s42/metrics.jsonl"",""result.json"":""logs/cosine/awc8/h80/lr-0.006-b1-0.95-b2-0.99/s42/result.json"",""resolved.yaml"":""logs/cosine/awc8/h80/lr-0.006-b1-0.95-b2-0.99/s42/resolved.yaml"",""receipt.json"":""logs/cosine/awc8/h80/lr-0.006-b1-0.95-b2-0.99/s42/receipt.json"",""request.json"":""logs/cosine/awc8/h80/lr-0.006-b1-0.95-b2-0.99/s42/request.json"",""environment.json"":""shared/environment-e7bef16e8cbecdb718b4d0cd23566f2c016c8dfebfa575c33e0be18adc88171e.json""}"
awc8-cosine-h80--0.006--0.95--0.99--s43,awc8,80,1542827.9083524346,1517007.6384214684,1400575.232298195,101.0360172510118,1266.5253655120032,42.29233980178833,2558578,2026-09-16,"{""metrics.jsonl"":""logs/cosine/awc8/h80/lr-0.006-b1-0.95-b2-0.99/s43/metrics.jsonl"",""result.json"":""logs/cosine/awc8/h80/lr-0.006-b1-0.95-b2-0.99/s43/result.json"",""resolved.yaml"":""logs/cosine/awc8/h80/lr-0.006-b1-0.95-b2-0.99/s43/resolved.yaml"",""receipt.json"":""logs/cosine/awc8/h80/lr-0.006-b1-0.95-b2-0.99/s43/receipt.json"",""request.json"":""logs/cosine/awc8/h80/lr-0.006-b1-0.95-b2-0.99/s43/request.json"",""environment.json"":""shared/environment-e93e2b29ae6076807b8869fa465811a4c10cb90c1cf0b7be5464f5f1d2b0e9cc.json""}"
awc8-cosine-h80--0.006--0.95--0.99--s44,awc8,80,1530478.5458187961,1504771.9474624824,1387133.529043783,101.53673407499446,1278.2904140370083,42.29233980178833,2558579,2026-09-16,"{""metrics.jsonl"":""logs/cosine/awc8/h80/lr-0.006-b1-0.95-b2-0.99/s44/metrics.jsonl"",""result.json"":""logs/cosine/awc8/h80/lr-0.006-b1-0.95-b2-0.99/s44/result.json"",""resolved.yaml"":""logs/cosine/awc8/h80/lr-0.006-b1-0.95-b2-0.99/s44/resolved.yaml"",""receipt.json"":""logs/cosine/awc8/h80/lr-0.006-b1-0.95-b2-0.99/s44/receipt.json"",""request.json"":""logs/cosine/awc8/h80/lr-0.006-b1-0.95-b2-0.99/s44/request.json"",""environment.json"":""shared/environment-0bcdb20a7745810c358336620c338141bbce84302f5ecaa9e2e35942131cf100.json""}"
awc8-cosine-h80--0.006--0.95--0.999--s42,awc8,80,1510957.8589916604,1487245.9982628438,1373587.0030796616,103.00822896700993,1291.369813133002,42.29233980178833,2558591,2026-09-16,"{""metrics.jsonl"":""logs/cosine/awc8/h80/lr-0.006-b1-0.95-b2-0.999/s42/metrics.jsonl"",""result.json"":""logs/cosine/awc8/h80/lr-0.006-b1-0.95-b2-0.999/s42/result.json"",""resolved.yaml"":""logs/cosine/awc8/h80/lr-0.006-b1-0.95-b2-0.999/s42/resolved.yaml"",""receipt.json"":""logs/cosine/awc8/h80/lr-0.006-b1-0.95-b2-0.999/s42/receipt.json"",""request.json"":""logs/cosine/awc8/h80/lr-0.006-b1-0.95-b2-0.999/s42/request.json"",""environment.json"":""shared/environment-a670c248fde8cb2c8e841ea3f63add359abd8bf6025a5bf48761b46c3b396324.json""}"
awc8-cosine-h80--0.006--0.95--0.999--s43,awc8,80,1495401.2118518124,1471913.6957180134,1359436.7618291888,102.34380032100307,1303.1832353619975,42.29233980178833,2560324,2026-09-16,"{""metrics.jsonl"":""logs/cosine/awc8/h80/lr-0.006-b1-0.95-b2-0.999/s43/metrics.jsonl"",""result.json"":""logs/cosine/awc8/h80/lr-0.006-b1-0.95-b2-0.999/s43/result.json"",""resolved.yaml"":""logs/cosine/awc8/h80/lr-0.006-b1-0.95-b2-0.999/s43/resolved.yaml"",""receipt.json"":""logs/cosine/awc8/h80/lr-0.006-b1-0.95-b2-0.999/s43/receipt.json"",""request.json"":""logs/cosine/awc8/h80/lr-0.006-b1-0.95-b2-0.999/s43/request.json"",""environment.json"":""shared/environment-3c8897fb7f373df79bbe063a6e91012f79e471903d8b5b431f02c670754626dc.json""}"
awc8-cosine-h80--0.006--0.95--0.999--s44,awc8,80,1511213.815185899,1486875.4650586406,1373453.629897511,102.70635081399814,1291.2165879640015,42.29233980178833,2560326,2026-09-16,"{""metrics.jsonl"":""logs/cosine/awc8/h80/lr-0.006-b1-0.95-b2-0.999/s44/metrics.jsonl"",""result.json"":""logs/cosine/awc8/h80/lr-0.006-b1-0.95-b2-0.999/s44/result.json"",""resolved.yaml"":""logs/cosine/awc8/h80/lr-0.006-b1-0.95-b2-0.999/s44/resolved.yaml"",""receipt.json"":""logs/cosine/awc8/h80/lr-0.006-b1-0.95-b2-0.999/s44/receipt.json"",""request.json"":""logs/cosine/awc8/h80/lr-0.006-b1-0.95-b2-0.999/s44/request.json"",""environment.json"":""shared/environment-b6bbe5ac705c3758e457b67f7445924a19441924eb91c3fcaeda25fd1e2b896e.json""}"
awc8-cosine-h80--0.006--0.974--0.99--s42,awc8,80,1488000.823560999,1464909.001864958,1354019.018054002,102.7211701870001,1308.2903669490006,42.29233980178833,2560761,2026-09-16,"{""metrics.jsonl"":""logs/cosine/awc8/h80/lr-0.006-b1-0.974-b2-0.99/s42/metrics.jsonl"",""result.json"":""logs/cosine/awc8/h80/lr-0.006-b1-0.974-b2-0.99/s42/result.json"",""resolved.yaml"":""logs/cosine/awc8/h80/lr-0.006-b1-0.974-b2-0.99/s42/resolved.yaml"",""receipt.json"":""logs/cosine/awc8/h80/lr-0.006-b1-0.974-b2-0.99/s42/receipt.json"",""request.json"":""logs/cosine/awc8/h80/lr-0.006-b1-0.974-b2-0.99/s42/request.json"",""environment.json"":""shared/environment-0300abdbd86a7d4abbbe30efb087c29453eeed2c1d429380dffc14cc14309c55.json""}"
awc8-cosine-h80--0.006--0.974--0.99--s43,awc8,80,1525085.497702172,1500882.50582235,1386610.8478820014,101.02246520400513,1278.242598085002,42.29233980178833,2560762,2026-09-16,"{""metrics.jsonl"":""logs/cosine/awc8/h80/lr-0.006-b1-0.974-b2-0.99/s43/metrics.jsonl"",""result.json"":""logs/cosine/awc8/h80/lr-0.006-b1-0.974-b2-0.99/s43/result.json"",""resolved.yaml"":""logs/cosine/awc8/h80/lr-0.006-b1-0.974-b2-0.99/s43/resolved.yaml"",""receipt.json"":""logs/cosine/awc8/h80/lr-0.006-b1-0.974-b2-0.99/s43/receipt.json"",""request.json"":""logs/cosine/awc8/h80/lr-0.006-b1-0.974-b2-0.99/s43/request.json"",""environment.json"":""shared/environment-7edc9dd7c598e4f087ebfa433c343760612b6114d0705bb1ad47efbcb3da4835.json""}"
awc8-cosine-h80--0.006--0.974--0.99--s44,awc8,80,1574773.38861664,1548237.7375686541,1429133.7700049628,99.31199924399698,1241.499382042999,42.29233980178833,2560763,2026-09-16,"{""metrics.jsonl"":""logs/cosine/awc8/h80/lr-0.006-b1-0.974-b2-0.99/s44/metrics.jsonl"",""result.json"":""logs/cosine/awc8/h80/lr-0.006-b1-0.974-b2-0.99/s44/result.json"",""resolved.yaml"":""logs/cosine/awc8/h80/lr-0.006-b1-0.974-b2-0.99/s44/resolved.yaml"",""receipt.json"":""logs/cosine/awc8/h80/lr-0.006-b1-0.974-b2-0.99/s44/receipt.json"",""request.json"":""logs/cosine/awc8/h80/lr-0.006-b1-0.974-b2-0.99/s44/request.json"",""environment.json"":""shared/environment-717aebe81c833777bb1bea4d04fad6ca8463aeabba2cbc83afb3cbca372a3798.json""}"
awc8-cosine-h80--0.006--0.974--0.999--s42,awc8,80,1532115.7028722337,1506530.1607441467,1390908.7884800348,101.86817481300386,1275.4324987929867,42.29233980178833,2560812,2026-09-16,"{""metrics.jsonl"":""logs/cosine/awc8/h80/lr-0.006-b1-0.974-b2-0.999/s42/metrics.jsonl"",""result.json"":""logs/cosine/awc8/h80/lr-0.006-b1-0.974-b2-0.999/s42/result.json"",""resolved.yaml"":""logs/cosine/awc8/h80/lr-0.006-b1-0.974-b2-0.999/s42/resolved.yaml"",""receipt.json"":""logs/cosine/awc8/h80/lr-0.006-b1-0.974-b2-0.999/s42/receipt.json"",""request.json"":""logs/cosine/awc8/h80/lr-0.006-b1-0.974-b2-0.999/s42/request.json"",""environment.json"":""shared/environment-56e8557e5116f89bc68eb4830cf0489aa4256fce434ca7a5a428d918697779de.json""}"
awc8-cosine-h80--0.006--0.974--0.999--s43,awc8,80,1500902.213200797,1477324.142342312,1364506.7254638975,103.16022546800377,1299.4786767629994,42.29233980178833,2560813,2026-09-16,"{""metrics.jsonl"":""logs/cosine/awc8/h80/lr-0.006-b1-0.974-b2-0.999/s43/metrics.jsonl"",""result.json"":""logs/cosine/awc8/h80/lr-0.006-b1-0.974-b2-0.999/s43/result.json"",""resolved.yaml"":""logs/cosine/awc8/h80/lr-0.006-b1-0.974-b2-0.999/s43/resolved.yaml"",""receipt.json"":""logs/cosine/awc8/h80/lr-0.006-b1-0.974-b2-0.999/s43/receipt.json"",""request.json"":""logs/cosine/awc8/h80/lr-0.006-b1-0.974-b2-0.999/s43/request.json"",""environment.json"":""shared/environment-cec902aac16f9e3bf8860891d3ba1d1a404b3b018c4b7ab2bcf58edd1b15e4b3.json""}"
awc8-cosine-h80--0.006--0.974--0.999--s44,awc8,80,1490701.9251165914,1464147.1857621756,1351225.4264400336,104.6890812569909,1312.790226653,42.29233980178833,2560814,2026-09-16,"{""metrics.jsonl"":""logs/cosine/awc8/h80/lr-0.006-b1-0.974-b2-0.999/s44/metrics.jsonl"",""result.json"":""logs/cosine/awc8/h80/lr-0.006-b1-0.974-b2-0.999/s44/result.json"",""resolved.yaml"":""logs/cosine/awc8/h80/lr-0.006-b1-0.974-b2-0.999/s44/resolved.yaml"",""receipt.json"":""logs/cosine/awc8/h80/lr-0.006-b1-0.974-b2-0.999/s44/receipt.json"",""request.json"":""logs/cosine/awc8/h80/lr-0.006-b1-0.974-b2-0.999/s44/request.json"",""environment.json"":""shared/environment-dff33bc1e9e427d6fdc9db4cd49a056503984d895c2cf82001bca94e9792714d.json""}"
awc8-cosine-h80--0.007--0.9--0.99--s42,awc8,80,1534406.5462456904,1464953.2588144261,1351022.6485352782,101.94284767800127,1310.7258778790128,42.29233980178833,2558550,2026-09-16,"{""metrics.jsonl"":""logs/cosine/awc8/h80/lr-0.007-b1-0.9-b2-0.99/s42/metrics.jsonl"",""result.json"":""logs/cosine/awc8/h80/lr-0.007-b1-0.9-b2-0.99/s42/result.json"",""resolved.yaml"":""logs/cosine/awc8/h80/lr-0.007-b1-0.9-b2-0.99/s42/resolved.yaml"",""receipt.json"":""logs/cosine/awc8/h80/lr-0.007-b1-0.9-b2-0.99/s42/receipt.json"",""request.json"":""logs/cosine/awc8/h80/lr-0.007-b1-0.9-b2-0.99/s42/request.json"",""environment.json"":""shared/environment-a59b733004c5efcdd2d1e8744c4401cdf139eb4d6b181b0a26576ff9165d0176.json""}"
awc8-cosine-h80--0.007--0.9--0.99--s43,awc8,80,1512010.1911643061,1444596.8898079747,1335729.5656469443,101.859305149992,1324.4814285210014,42.29233980178833,2558551,2026-09-16,"{""metrics.jsonl"":""logs/cosine/awc8/h80/lr-0.007-b1-0.9-b2-0.99/s43/metrics.jsonl"",""result.json"":""logs/cosine/awc8/h80/lr-0.007-b1-0.9-b2-0.99/s43/result.json"",""resolved.yaml"":""logs/cosine/awc8/h80/lr-0.007-b1-0.9-b2-0.99/s43/resolved.yaml"",""receipt.json"":""logs/cosine/awc8/h80/lr-0.007-b1-0.9-b2-0.99/s43/receipt.json"",""request.json"":""logs/cosine/awc8/h80/lr-0.007-b1-0.9-b2-0.99/s43/request.json"",""environment.json"":""shared/environment-bb78f78f6a8c2ecb68a547de336d98ccc00c83e67af0f8de60c50f654e8c53fd.json""}"
awc8-cosine-h80--0.007--0.9--0.99--s44,awc8,80,1504206.310108982,1448408.1310181364,1336051.4613800321,101.25121533300262,1323.421540935,42.29233980178833,2558552,2026-09-16,"{""metrics.jsonl"":""logs/cosine/awc8/h80/lr-0.007-b1-0.9-b2-0.99/s44/metrics.jsonl"",""result.json"":""logs/cosine/awc8/h80/lr-0.007-b1-0.9-b2-0.99/s44/result.json"",""resolved.yaml"":""logs/cosine/awc8/h80/lr-0.007-b1-0.9-b2-0.99/s44/resolved.yaml"",""receipt.json"":""logs/cosine/awc8/h80/lr-0.007-b1-0.9-b2-0.99/s44/receipt.json"",""request.json"":""logs/cosine/awc8/h80/lr-0.007-b1-0.9-b2-0.99/s44/request.json"",""environment.json"":""shared/environment-3f61fc7ff306dafe97f8a081366343b30f0b76e96a154a5efca672a5cf3d1de2.json""}"
awc8-cosine-h80--0.007--0.9--0.999--s42,awc8,80,1538282.6259440014,1512143.243886568,1396892.1807539628,101.71127844401053,1270.2642025050009,42.29233980178833,2558565,2026-09-16,"{""metrics.jsonl"":""logs/cosine/awc8/h80/lr-0.007-b1-0.9-b2-0.999/s42/metrics.jsonl"",""result.json"":""logs/cosine/awc8/h80/lr-0.007-b1-0.9-b2-0.999/s42/result.json"",""resolved.yaml"":""logs/cosine/awc8/h80/lr-0.007-b1-0.9-b2-0.999/s42/resolved.yaml"",""receipt.json"":""logs/cosine/awc8/h80/lr-0.007-b1-0.9-b2-0.999/s42/receipt.json"",""request.json"":""logs/cosine/awc8/h80/lr-0.007-b1-0.9-b2-0.999/s42/request.json"",""environment.json"":""shared/environment-40062c23319237151137366068f81a3d88a8dd96f7c2a16d624a27b10849b487.json""}"
awc8-cosine-h80--0.007--0.9--0.999--s43,awc8,80,1522058.3751728595,1495441.9799946987,1381227.6240878585,101.5169876269938,1283.3172496719926,42.29233980178833,2558566,2026-09-16,"{""metrics.jsonl"":""logs/cosine/awc8/h80/lr-0.007-b1-0.9-b2-0.999/s43/metrics.jsonl"",""result.json"":""logs/cosine/awc8/h80/lr-0.007-b1-0.9-b2-0.999/s43/result.json"",""resolved.yaml"":""logs/cosine/awc8/h80/lr-0.007-b1-0.9-b2-0.999/s43/resolved.yaml"",""receipt.json"":""logs/cosine/awc8/h80/lr-0.007-b1-0.9-b2-0.999/s43/receipt.json"",""request.json"":""logs/cosine/awc8/h80/lr-0.007-b1-0.9-b2-0.999/s43/request.json"",""environment.json"":""shared/environment-4bd642a1e83369a091ab3b8beb9be24d16d965110b9ed5a98ea77c23fe602b33.json""}"
awc8-cosine-h80--0.007--0.9--0.999--s44,awc8,80,1557160.5122163026,1530611.9413365761,1412845.5704793918,99.96638612699462,1255.3081316190073,42.29233980178833,2558567,2026-09-16,"{""metrics.jsonl"":""logs/cosine/awc8/h80/lr-0.007-b1-0.9-b2-0.999/s44/metrics.jsonl"",""result.json"":""logs/cosine/awc8/h80/lr-0.007-b1-0.9-b2-0.999/s44/result.json"",""resolved.yaml"":""logs/cosine/awc8/h80/lr-0.007-b1-0.9-b2-0.999/s44/resolved.yaml"",""receipt.json"":""logs/cosine/awc8/h80/lr-0.007-b1-0.9-b2-0.999/s44/receipt.json"",""request.json"":""logs/cosine/awc8/h80/lr-0.007-b1-0.9-b2-0.999/s44/request.json"",""environment.json"":""shared/environment-f0d4a2fa307bdfe0ed0fccecbb70a18959b1b903469d06ef14b925a7905d6882.json""}"
awc8-cosine-h80--0.007--0.95--0.99--s42,awc8,80,1537383.5638268143,1511798.0015936985,1394074.202083364,101.87158590699255,1272.7869998789974,42.29233980178833,2557117,2026-09-16,"{""metrics.jsonl"":""logs/cosine/awc8/h80/lr-0.007-b1-0.95-b2-0.99/s42/metrics.jsonl"",""result.json"":""logs/cosine/awc8/h80/lr-0.007-b1-0.95-b2-0.99/s42/result.json"",""resolved.yaml"":""logs/cosine/awc8/h80/lr-0.007-b1-0.95-b2-0.99/s42/resolved.yaml"",""receipt.json"":""logs/cosine/awc8/h80/lr-0.007-b1-0.95-b2-0.99/s42/receipt.json"",""request.json"":""logs/cosine/awc8/h80/lr-0.007-b1-0.95-b2-0.99/s42/request.json"",""environment.json"":""shared/environment-c3484c0cf969f67e493384ce60572fd3d9cdd3199b1561a4241d7fb3693bdd34.json""}"
awc8-cosine-h80--0.007--0.95--0.99--s43,awc8,80,1558873.152821135,1532246.102139703,1407935.7096967993,100.34220733999973,1259.7693466649944,42.29233980178833,2558580,2026-09-16,"{""metrics.jsonl"":""logs/cosine/awc8/h80/lr-0.007-b1-0.95-b2-0.99/s43/metrics.jsonl"",""result.json"":""logs/cosine/awc8/h80/lr-0.007-b1-0.95-b2-0.99/s43/result.json"",""resolved.yaml"":""logs/cosine/awc8/h80/lr-0.007-b1-0.95-b2-0.99/s43/resolved.yaml"",""receipt.json"":""logs/cosine/awc8/h80/lr-0.007-b1-0.95-b2-0.99/s43/receipt.json"",""request.json"":""logs/cosine/awc8/h80/lr-0.007-b1-0.95-b2-0.99/s43/request.json"",""environment.json"":""shared/environment-b2d0946f1c7ea8995f7ba6604afcc8719ef606db581630c59ea638902f7163f9.json""}"
awc8-cosine-h80--0.007--0.95--0.99--s44,awc8,80,1500693.0215566428,1475951.2718128935,1364416.3565576049,102.74911498300207,1299.1008457959979,42.29233980178833,2558581,2026-09-16,"{""metrics.jsonl"":""logs/cosine/awc8/h80/lr-0.007-b1-0.95-b2-0.99/s44/metrics.jsonl"",""result.json"":""logs/cosine/awc8/h80/lr-0.007-b1-0.95-b2-0.99/s44/result.json"",""resolved.yaml"":""logs/cosine/awc8/h80/lr-0.007-b1-0.95-b2-0.99/s44/resolved.yaml"",""receipt.json"":""logs/cosine/awc8/h80/lr-0.007-b1-0.95-b2-0.99/s44/receipt.json"",""request.json"":""logs/cosine/awc8/h80/lr-0.007-b1-0.95-b2-0.99/s44/request.json"",""environment.json"":""shared/environment-55ab593e72b4482bfcf685fb9fe22fe7bc9d26ec997b710dc80b9117f789f4e9.json""}"
awc8-cosine-h80--0.007--0.95--0.999--s42,awc8,80,1523867.4836887477,1499488.3593705103,1385075.847779442,102.84769757399044,1281.4088675899984,42.29233980178833,2560327,2026-09-16,"{""metrics.jsonl"":""logs/cosine/awc8/h80/lr-0.007-b1-0.95-b2-0.999/s42/metrics.jsonl"",""result.json"":""logs/cosine/awc8/h80/lr-0.007-b1-0.95-b2-0.999/s42/result.json"",""resolved.yaml"":""logs/cosine/awc8/h80/lr-0.007-b1-0.95-b2-0.999/s42/resolved.yaml"",""receipt.json"":""logs/cosine/awc8/h80/lr-0.007-b1-0.95-b2-0.999/s42/receipt.json"",""request.json"":""logs/cosine/awc8/h80/lr-0.007-b1-0.95-b2-0.999/s42/request.json"",""environment.json"":""shared/environment-8a084305d41d9079099950d71cef19819c3fc2aa120d05139279426fe3dcf7fe.json""}"
awc8-cosine-h80--0.007--0.95--0.999--s43,awc8,80,1498877.8684845832,1476447.8760515281,1359115.628790676,103.76558086200384,1304.7771635990066,42.29233980178833,2560328,2026-09-16,"{""metrics.jsonl"":""logs/cosine/awc8/h80/lr-0.007-b1-0.95-b2-0.999/s43/metrics.jsonl"",""result.json"":""logs/cosine/awc8/h80/lr-0.007-b1-0.95-b2-0.999/s43/result.json"",""resolved.yaml"":""logs/cosine/awc8/h80/lr-0.007-b1-0.95-b2-0.999/s43/resolved.yaml"",""receipt.json"":""logs/cosine/awc8/h80/lr-0.007-b1-0.95-b2-0.999/s43/receipt.json"",""request.json"":""logs/cosine/awc8/h80/lr-0.007-b1-0.95-b2-0.999/s43/request.json"",""environment.json"":""shared/environment-beea5166429bf722574310cf7ee31de6a0207d863dcacdacc36c983548025cd2.json""}"
awc8-cosine-h80--0.007--0.95--0.999--s44,awc8,80,1472953.8132787195,1450689.3755078088,1343063.7945279113,101.99335464798787,1317.3763448840036,42.29233980178833,2560329,2026-09-16,"{""metrics.jsonl"":""logs/cosine/awc8/h80/lr-0.007-b1-0.95-b2-0.999/s44/metrics.jsonl"",""result.json"":""logs/cosine/awc8/h80/lr-0.007-b1-0.95-b2-0.999/s44/result.json"",""resolved.yaml"":""logs/cosine/awc8/h80/lr-0.007-b1-0.95-b2-0.999/s44/resolved.yaml"",""receipt.json"":""logs/cosine/awc8/h80/lr-0.007-b1-0.95-b2-0.999/s44/receipt.json"",""request.json"":""logs/cosine/awc8/h80/lr-0.007-b1-0.95-b2-0.999/s44/request.json"",""environment.json"":""shared/environment-f239c60bed399aa32843eebc1bf576e904b9461ff5adff4925427220a6caee81.json""}"
awc8-cosine-h80--0.007--0.974--0.99--s42,awc8,80,1499547.9079080375,1476197.1594776567,1364193.4223367802,103.63421411300078,1300.2322923280008,42.29233980178833,2560764,2026-09-16,"{""metrics.jsonl"":""logs/cosine/awc8/h80/lr-0.007-b1-0.974-b2-0.99/s42/metrics.jsonl"",""result.json"":""logs/cosine/awc8/h80/lr-0.007-b1-0.974-b2-0.99/s42/result.json"",""resolved.yaml"":""logs/cosine/awc8/h80/lr-0.007-b1-0.974-b2-0.99/s42/resolved.yaml"",""receipt.json"":""logs/cosine/awc8/h80/lr-0.007-b1-0.974-b2-0.99/s42/receipt.json"",""request.json"":""logs/cosine/awc8/h80/lr-0.007-b1-0.974-b2-0.99/s42/request.json"",""environment.json"":""shared/environment-c02a216cf0e3d9d8c48f1ba165350dfadf3d2e19f84684c88602d3945689cbe8.json""}"
awc8-cosine-h80--0.007--0.974--0.99--s43,awc8,80,1527210.3248971694,1502399.3712360447,1387171.0821026308,101.88390984899888,1278.611808296002,42.29233980178833,2560768,2026-09-16,"{""metrics.jsonl"":""logs/cosine/awc8/h80/lr-0.007-b1-0.974-b2-0.99/s43/metrics.jsonl"",""result.json"":""logs/cosine/awc8/h80/lr-0.007-b1-0.974-b2-0.99/s43/result.json"",""resolved.yaml"":""logs/cosine/awc8/h80/lr-0.007-b1-0.974-b2-0.99/s43/resolved.yaml"",""receipt.json"":""logs/cosine/awc8/h80/lr-0.007-b1-0.974-b2-0.99/s43/receipt.json"",""request.json"":""logs/cosine/awc8/h80/lr-0.007-b1-0.974-b2-0.99/s43/request.json"",""environment.json"":""shared/environment-7b65e76300f83136c65615299fca9df4a023f3fe15ecef7e9eead595ae833aeb.json""}"
awc8-cosine-h80--0.007--0.974--0.99--s44,awc8,80,1494862.3883735868,1468304.4454498002,1356541.7037427754,99.94140113900357,1303.2499036679947,42.29233980178833,2560769,2026-09-16,"{""metrics.jsonl"":""logs/cosine/awc8/h80/lr-0.007-b1-0.974-b2-0.99/s44/metrics.jsonl"",""result.json"":""logs/cosine/awc8/h80/lr-0.007-b1-0.974-b2-0.99/s44/result.json"",""resolved.yaml"":""logs/cosine/awc8/h80/lr-0.007-b1-0.974-b2-0.99/s44/resolved.yaml"",""receipt.json"":""logs/cosine/awc8/h80/lr-0.007-b1-0.974-b2-0.99/s44/receipt.json"",""request.json"":""logs/cosine/awc8/h80/lr-0.007-b1-0.974-b2-0.99/s44/request.json"",""environment.json"":""shared/environment-cd675a7fed08199db26cb1cf18504b5277df2fb9da66b120d96326722b559443.json""}"
awc8-cosine-h80--0.007--0.974--0.999--s42,awc8,80,1549031.4952987146,1523063.755169803,1406458.1879441428,100.62015273699944,1261.2122888769954,42.29233980178833,2560815,2026-09-16,"{""metrics.jsonl"":""logs/cosine/awc8/h80/lr-0.007-b1-0.974-b2-0.999/s42/metrics.jsonl"",""result.json"":""logs/cosine/awc8/h80/lr-0.007-b1-0.974-b2-0.999/s42/result.json"",""resolved.yaml"":""logs/cosine/awc8/h80/lr-0.007-b1-0.974-b2-0.999/s42/resolved.yaml"",""receipt.json"":""logs/cosine/awc8/h80/lr-0.007-b1-0.974-b2-0.999/s42/receipt.json"",""request.json"":""logs/cosine/awc8/h80/lr-0.007-b1-0.974-b2-0.999/s42/request.json"",""environment.json"":""shared/environment-1d3a9632c2f5fbd4c8202a9865fd4bdcd9f30e390f96c779cb6ce573b376798b.json""}"
awc8-cosine-h80--0.007--0.974--0.999--s43,awc8,80,1509606.4313262352,1484969.7736694147,1370091.450131391,102.835588928996,1294.228129678988,42.29233980178833,2560816,2026-09-16,"{""metrics.jsonl"":""logs/cosine/awc8/h80/lr-0.007-b1-0.974-b2-0.999/s43/metrics.jsonl"",""result.json"":""logs/cosine/awc8/h80/lr-0.007-b1-0.974-b2-0.999/s43/result.json"",""resolved.yaml"":""logs/cosine/awc8/h80/lr-0.007-b1-0.974-b2-0.999/s43/resolved.yaml"",""receipt.json"":""logs/cosine/awc8/h80/lr-0.007-b1-0.974-b2-0.999/s43/receipt.json"",""request.json"":""logs/cosine/awc8/h80/lr-0.007-b1-0.974-b2-0.999/s43/request.json"",""environment.json"":""shared/environment-09508bf0be737b396add2da8795918091571b0e89b39c5ded9f0956e88071c46.json""}"
awc8-cosine-h80--0.007--0.974--0.999--s44,awc8,80,1536258.964989876,1479612.99398366,1368270.3689469001,102.40190378300031,1295.387383045003,42.29233980178833,2560832,2026-09-16,"{""metrics.jsonl"":""logs/cosine/awc8/h80/lr-0.007-b1-0.974-b2-0.999/s44/metrics.jsonl"",""result.json"":""logs/cosine/awc8/h80/lr-0.007-b1-0.974-b2-0.999/s44/result.json"",""resolved.yaml"":""logs/cosine/awc8/h80/lr-0.007-b1-0.974-b2-0.999/s44/resolved.yaml"",""receipt.json"":""logs/cosine/awc8/h80/lr-0.007-b1-0.974-b2-0.999/s44/receipt.json"",""request.json"":""logs/cosine/awc8/h80/lr-0.007-b1-0.974-b2-0.999/s44/request.json"",""environment.json"":""shared/environment-f65f348bd7a5219254f7ce7720f38b14f24d026d4b86ea8d103e579ef54518ea.json""}"
awc8-cosine-h80--0.008--0.9--0.99--s42,awc8,80,1499249.1849722737,1432980.412375404,1326624.0037563916,102.56380457800697,1333.5563002190029,42.29233980178833,2558553,2026-09-16,"{""metrics.jsonl"":""logs/cosine/awc8/h80/lr-0.008-b1-0.9-b2-0.99/s42/metrics.jsonl"",""result.json"":""logs/cosine/awc8/h80/lr-0.008-b1-0.9-b2-0.99/s42/result.json"",""resolved.yaml"":""logs/cosine/awc8/h80/lr-0.008-b1-0.9-b2-0.99/s42/resolved.yaml"",""receipt.json"":""logs/cosine/awc8/h80/lr-0.008-b1-0.9-b2-0.99/s42/receipt.json"",""request.json"":""logs/cosine/awc8/h80/lr-0.008-b1-0.9-b2-0.99/s42/request.json"",""environment.json"":""shared/environment-cb88c19e2c167dcd40d2f806703be59f23cbcbca158397b938007241f3e60c75.json""}"
awc8-cosine-h80--0.008--0.9--0.99--s43,awc8,80,1558952.0206577785,1487464.9875037195,1374673.4214003684,100.35234936000052,1288.3552422240027,42.29233980178833,2558554,2026-09-16,"{""metrics.jsonl"":""logs/cosine/awc8/h80/lr-0.008-b1-0.9-b2-0.99/s43/metrics.jsonl"",""result.json"":""logs/cosine/awc8/h80/lr-0.008-b1-0.9-b2-0.99/s43/result.json"",""resolved.yaml"":""logs/cosine/awc8/h80/lr-0.008-b1-0.9-b2-0.99/s43/resolved.yaml"",""receipt.json"":""logs/cosine/awc8/h80/lr-0.008-b1-0.9-b2-0.99/s43/receipt.json"",""request.json"":""logs/cosine/awc8/h80/lr-0.008-b1-0.9-b2-0.99/s43/request.json"",""environment.json"":""shared/environment-e96d5e10396f52f2e89d976db3aae05e2d26e4d70e7f091e2b05e53f652b2ce2.json""}"
awc8-cosine-h80--0.008--0.9--0.99--s44,awc8,80,1562353.159484873,1536369.7154583258,1417859.0195642682,100.5059617220104,1251.7882477050007,42.29233980178833,2558555,2026-09-16,"{""metrics.jsonl"":""logs/cosine/awc8/h80/lr-0.008-b1-0.9-b2-0.99/s44/metrics.jsonl"",""result.json"":""logs/cosine/awc8/h80/lr-0.008-b1-0.9-b2-0.99/s44/result.json"",""resolved.yaml"":""logs/cosine/awc8/h80/lr-0.008-b1-0.9-b2-0.99/s44/resolved.yaml"",""receipt.json"":""logs/cosine/awc8/h80/lr-0.008-b1-0.9-b2-0.99/s44/receipt.json"",""request.json"":""logs/cosine/awc8/h80/lr-0.008-b1-0.9-b2-0.99/s44/request.json"",""environment.json"":""shared/environment-95028f075a3bdd9a50230e59e2f8f07363c5685095683bec8b4f3aebb081a0dc.json""}"
awc8-cosine-h80--0.008--0.9--0.999--s42,awc8,80,1530463.0325028205,1504308.9181347634,1388675.033596167,101.00658574100817,1276.4984604179917,42.29233980178833,2558568,2026-09-16,"{""metrics.jsonl"":""logs/cosine/awc8/h80/lr-0.008-b1-0.9-b2-0.999/s42/metrics.jsonl"",""result.json"":""logs/cosine/awc8/h80/lr-0.008-b1-0.9-b2-0.999/s42/result.json"",""resolved.yaml"":""logs/cosine/awc8/h80/lr-0.008-b1-0.9-b2-0.999/s42/resolved.yaml"",""receipt.json"":""logs/cosine/awc8/h80/lr-0.008-b1-0.9-b2-0.999/s42/receipt.json"",""request.json"":""logs/cosine/awc8/h80/lr-0.008-b1-0.9-b2-0.999/s42/request.json"",""environment.json"":""shared/environment-dd8a919bce4254db1d8ec2c75776fcc31f6eaa3a32db8191fc35c6da800b8b8f.json""}"
awc8-cosine-h80--0.008--0.9--0.999--s43,awc8,80,1520391.6818049254,1495062.7919502936,1383298.1673311242,98.20007953800086,1278.2550317119894,42.29233980178833,2558569,2026-09-16,"{""metrics.jsonl"":""logs/cosine/awc8/h80/lr-0.008-b1-0.9-b2-0.999/s43/metrics.jsonl"",""result.json"":""logs/cosine/awc8/h80/lr-0.008-b1-0.9-b2-0.999/s43/result.json"",""resolved.yaml"":""logs/cosine/awc8/h80/lr-0.008-b1-0.9-b2-0.999/s43/resolved.yaml"",""receipt.json"":""logs/cosine/awc8/h80/lr-0.008-b1-0.9-b2-0.999/s43/receipt.json"",""request.json"":""logs/cosine/awc8/h80/lr-0.008-b1-0.9-b2-0.999/s43/request.json"",""environment.json"":""shared/environment-e5ad964102b66c1a1a31131e7d794e3b0822c1134884bb4a91ba9394aab99fdb.json""}"
awc8-cosine-h80--0.008--0.9--0.999--s44,awc8,80,1490172.5626912746,1464449.3038981154,1356120.3988045515,100.84991212098976,1304.5560581369937,42.29233980178833,2558570,2026-09-16,"{""metrics.jsonl"":""logs/cosine/awc8/h80/lr-0.008-b1-0.9-b2-0.999/s44/metrics.jsonl"",""result.json"":""logs/cosine/awc8/h80/lr-0.008-b1-0.9-b2-0.999/s44/result.json"",""resolved.yaml"":""logs/cosine/awc8/h80/lr-0.008-b1-0.9-b2-0.999/s44/resolved.yaml"",""receipt.json"":""logs/cosine/awc8/h80/lr-0.008-b1-0.9-b2-0.999/s44/receipt.json"",""request.json"":""logs/cosine/awc8/h80/lr-0.008-b1-0.9-b2-0.999/s44/request.json"",""environment.json"":""shared/environment-5143fb758629cda729cbed7e8972016e560ac443e0d0e3c6cb6eeb19435450ad.json""}"
awc8-cosine-h80--0.008--0.95--0.99--s42,awc8,80,1492983.5893514103,1469501.906759587,1358018.3998584268,101.95391622600437,1304.0503248000023,42.29233980178833,2558582,2026-09-16,"{""metrics.jsonl"":""logs/cosine/awc8/h80/lr-0.008-b1-0.95-b2-0.99/s42/metrics.jsonl"",""result.json"":""logs/cosine/awc8/h80/lr-0.008-b1-0.95-b2-0.99/s42/result.json"",""resolved.yaml"":""logs/cosine/awc8/h80/lr-0.008-b1-0.95-b2-0.99/s42/resolved.yaml"",""receipt.json"":""logs/cosine/awc8/h80/lr-0.008-b1-0.95-b2-0.99/s42/receipt.json"",""request.json"":""logs/cosine/awc8/h80/lr-0.008-b1-0.95-b2-0.99/s42/request.json"",""environment.json"":""shared/environment-ea77e8adce395b0607d07e959bd0a6b15e53b1680290391fc33b8c0f6f25c6a5.json""}"
awc8-cosine-h80--0.008--0.95--0.99--s43,awc8,80,1509384.2694390474,1483882.334858923,1370393.3880232917,102.51175472800242,1293.675097514999,42.29233980178833,2558583,2026-09-16,"{""metrics.jsonl"":""logs/cosine/awc8/h80/lr-0.008-b1-0.95-b2-0.99/s43/metrics.jsonl"",""result.json"":""logs/cosine/awc8/h80/lr-0.008-b1-0.95-b2-0.99/s43/result.json"",""resolved.yaml"":""logs/cosine/awc8/h80/lr-0.008-b1-0.95-b2-0.99/s43/resolved.yaml"",""receipt.json"":""logs/cosine/awc8/h80/lr-0.008-b1-0.95-b2-0.99/s43/receipt.json"",""request.json"":""logs/cosine/awc8/h80/lr-0.008-b1-0.95-b2-0.99/s43/request.json"",""environment.json"":""shared/environment-f0daa5112a071b9dba56ced2aaaf873f56cf174137b957d5db112348a3a31ecd.json""}"
awc8-cosine-h80--0.008--0.95--0.99--s44,awc8,80,1525203.6229381592,1499556.3447407158,1385269.0339873368,102.18483596999431,1280.5214632559946,42.29233980178833,2558584,2026-09-16,"{""metrics.jsonl"":""logs/cosine/awc8/h80/lr-0.008-b1-0.95-b2-0.99/s44/metrics.jsonl"",""result.json"":""logs/cosine/awc8/h80/lr-0.008-b1-0.95-b2-0.99/s44/result.json"",""resolved.yaml"":""logs/cosine/awc8/h80/lr-0.008-b1-0.95-b2-0.99/s44/resolved.yaml"",""receipt.json"":""logs/cosine/awc8/h80/lr-0.008-b1-0.95-b2-0.99/s44/receipt.json"",""request.json"":""logs/cosine/awc8/h80/lr-0.008-b1-0.95-b2-0.99/s44/request.json"",""environment.json"":""shared/environment-c4c0b95965f3da7c222ba38e18278c70132856fbdcc5cd6564ae5fab83d28564.json""}"
awc8-cosine-h80--0.008--0.95--0.999--s42,awc8,80,1529430.8043661101,1505405.3552838906,1390599.3129106886,101.28636895799718,1275.157405875987,42.29233980178833,2560330,2026-09-16,"{""metrics.jsonl"":""logs/cosine/awc8/h80/lr-0.008-b1-0.95-b2-0.999/s42/metrics.jsonl"",""result.json"":""logs/cosine/awc8/h80/lr-0.008-b1-0.95-b2-0.999/s42/result.json"",""resolved.yaml"":""logs/cosine/awc8/h80/lr-0.008-b1-0.95-b2-0.999/s42/resolved.yaml"",""receipt.json"":""logs/cosine/awc8/h80/lr-0.008-b1-0.95-b2-0.999/s42/receipt.json"",""request.json"":""logs/cosine/awc8/h80/lr-0.008-b1-0.95-b2-0.999/s42/request.json"",""environment.json"":""shared/environment-5ca2e5726b747b2fada798f564ed5d64e54eef5a11504543fbd04fec6a864fe8.json""}"
awc8-cosine-h80--0.008--0.95--0.999--s43,awc8,80,1531959.3097486538,1505599.5849077806,1388701.0253824845,101.49248370400164,1276.9226012309955,42.29233980178833,2560331,2026-09-16,"{""metrics.jsonl"":""logs/cosine/awc8/h80/lr-0.008-b1-0.95-b2-0.999/s43/metrics.jsonl"",""result.json"":""logs/cosine/awc8/h80/lr-0.008-b1-0.95-b2-0.999/s43/result.json"",""resolved.yaml"":""logs/cosine/awc8/h80/lr-0.008-b1-0.95-b2-0.999/s43/resolved.yaml"",""receipt.json"":""logs/cosine/awc8/h80/lr-0.008-b1-0.95-b2-0.999/s43/receipt.json"",""request.json"":""logs/cosine/awc8/h80/lr-0.008-b1-0.95-b2-0.999/s43/request.json"",""environment.json"":""shared/environment-993c76369b2ca6091363b35f7fff8c606ac1ded35003d943b51e99156e62f0a0.json""}"
awc8-cosine-h80--0.008--0.95--0.999--s44,awc8,80,1525816.8694126725,1501983.2704325193,1386916.0116166302,101.78460856298625,1278.7248946379987,42.29233980178833,2560361,2026-09-16,"{""metrics.jsonl"":""logs/cosine/awc8/h80/lr-0.008-b1-0.95-b2-0.999/s44/metrics.jsonl"",""result.json"":""logs/cosine/awc8/h80/lr-0.008-b1-0.95-b2-0.999/s44/result.json"",""resolved.yaml"":""logs/cosine/awc8/h80/lr-0.008-b1-0.95-b2-0.999/s44/resolved.yaml"",""receipt.json"":""logs/cosine/awc8/h80/lr-0.008-b1-0.95-b2-0.999/s44/receipt.json"",""request.json"":""logs/cosine/awc8/h80/lr-0.008-b1-0.95-b2-0.999/s44/request.json"",""environment.json"":""shared/environment-ee10e40413e36a572e0e7eef96111c088bacbaa4c8aa36b38e8ac24ab94a7a7a.json""}"
awc8-cosine-h80--0.008--0.974--0.99--s42,awc8,80,1501854.39995528,1476513.1345517123,1365891.4458717594,100.53066186099022,1295.6096275819873,42.29233980178833,2560798,2026-09-16,"{""metrics.jsonl"":""logs/cosine/awc8/h80/lr-0.008-b1-0.974-b2-0.99/s42/metrics.jsonl"",""result.json"":""logs/cosine/awc8/h80/lr-0.008-b1-0.974-b2-0.99/s42/result.json"",""resolved.yaml"":""logs/cosine/awc8/h80/lr-0.008-b1-0.974-b2-0.99/s42/resolved.yaml"",""receipt.json"":""logs/cosine/awc8/h80/lr-0.008-b1-0.974-b2-0.99/s42/receipt.json"",""request.json"":""logs/cosine/awc8/h80/lr-0.008-b1-0.974-b2-0.99/s42/request.json"",""environment.json"":""shared/environment-33a7bc23a11fb41bf5aefda10003aac799f2fe75732ca412ba3a954336a1e603.json""}"
awc8-cosine-h80--0.008--0.974--0.99--s43,awc8,80,1539823.612973468,1469727.9760940433,1360139.1774673674,101.2139858330047,1301.7520127040043,42.29233980178833,2560799,2026-09-16,"{""metrics.jsonl"":""logs/cosine/awc8/h80/lr-0.008-b1-0.974-b2-0.99/s43/metrics.jsonl"",""result.json"":""logs/cosine/awc8/h80/lr-0.008-b1-0.974-b2-0.99/s43/result.json"",""resolved.yaml"":""logs/cosine/awc8/h80/lr-0.008-b1-0.974-b2-0.99/s43/resolved.yaml"",""receipt.json"":""logs/cosine/awc8/h80/lr-0.008-b1-0.974-b2-0.99/s43/receipt.json"",""request.json"":""logs/cosine/awc8/h80/lr-0.008-b1-0.974-b2-0.99/s43/request.json"",""environment.json"":""shared/environment-80f2fed454a9b635e1fbe00885c349c2707fb997235b5e12d9e30917b9a48a51.json""}"
awc8-cosine-h80--0.008--0.974--0.99--s44,awc8,80,1501173.6915307678,1477383.6845580633,1366254.8544145676,101.68581736799388,1296.4262646330026,42.29233980178833,2560800,2026-09-16,"{""metrics.jsonl"":""logs/cosine/awc8/h80/lr-0.008-b1-0.974-b2-0.99/s44/metrics.jsonl"",""result.json"":""logs/cosine/awc8/h80/lr-0.008-b1-0.974-b2-0.99/s44/result.json"",""resolved.yaml"":""logs/cosine/awc8/h80/lr-0.008-b1-0.974-b2-0.99/s44/resolved.yaml"",""receipt.json"":""logs/cosine/awc8/h80/lr-0.008-b1-0.974-b2-0.99/s44/receipt.json"",""request.json"":""logs/cosine/awc8/h80/lr-0.008-b1-0.974-b2-0.99/s44/request.json"",""environment.json"":""shared/environment-c6d74a08b20855057ee69c76ccaebc031f14f1fc5412607476237553b9f10e0a.json""}"
awc8-cosine-h80--0.008--0.974--0.999--s42,awc8,80,1515523.3157041888,1489613.3463014052,1377663.770567845,100.17758608599979,1285.0444295530033,42.29233980178833,2560833,2026-09-16,"{""metrics.jsonl"":""logs/cosine/awc8/h80/lr-0.008-b1-0.974-b2-0.999/s42/metrics.jsonl"",""result.json"":""logs/cosine/awc8/h80/lr-0.008-b1-0.974-b2-0.999/s42/result.json"",""resolved.yaml"":""logs/cosine/awc8/h80/lr-0.008-b1-0.974-b2-0.999/s42/resolved.yaml"",""receipt.json"":""logs/cosine/awc8/h80/lr-0.008-b1-0.974-b2-0.999/s42/receipt.json"",""request.json"":""logs/cosine/awc8/h80/lr-0.008-b1-0.974-b2-0.999/s42/request.json"",""environment.json"":""shared/environment-bdf13f0ce18aa8e922fecda744c1194e5eb8c0019864ba03690eb14566d7d599.json""}"
awc8-cosine-h80--0.008--0.974--0.999--s43,awc8,80,1534031.298515461,1507763.4978768402,1392637.74937332,101.17321550799534,1273.3351312519953,42.29233980178833,2560834,2026-09-16,"{""metrics.jsonl"":""logs/cosine/awc8/h80/lr-0.008-b1-0.974-b2-0.999/s43/metrics.jsonl"",""result.json"":""logs/cosine/awc8/h80/lr-0.008-b1-0.974-b2-0.999/s43/result.json"",""resolved.yaml"":""logs/cosine/awc8/h80/lr-0.008-b1-0.974-b2-0.999/s43/resolved.yaml"",""receipt.json"":""logs/cosine/awc8/h80/lr-0.008-b1-0.974-b2-0.999/s43/receipt.json"",""request.json"":""logs/cosine/awc8/h80/lr-0.008-b1-0.974-b2-0.999/s43/request.json"",""environment.json"":""shared/environment-cd23be9abcbedf6f9ff8de9bc1b44682271b24699bf56301f514ed165d38470f.json""}"
awc8-cosine-h80--0.008--0.974--0.999--s44,awc8,80,1490059.9281308718,1467045.9056451512,1357072.6296149762,100.67076141000143,1303.565350157005,42.29233980178833,2560835,2026-09-16,"{""metrics.jsonl"":""logs/cosine/awc8/h80/lr-0.008-b1-0.974-b2-0.999/s44/metrics.jsonl"",""result.json"":""logs/cosine/awc8/h80/lr-0.008-b1-0.974-b2-0.999/s44/result.json"",""resolved.yaml"":""logs/cosine/awc8/h80/lr-0.008-b1-0.974-b2-0.999/s44/resolved.yaml"",""receipt.json"":""logs/cosine/awc8/h80/lr-0.008-b1-0.974-b2-0.999/s44/receipt.json"",""request.json"":""logs/cosine/awc8/h80/lr-0.008-b1-0.974-b2-0.999/s44/request.json"",""environment.json"":""shared/environment-572cf3db2a72a08db7284ffd8e7e8881d6bf832f579f6642ec033dd0a394899d.json""}"
awc8-cosine-h80--0.009--0.9--0.99--s42,awc8,80,1525199.7395917822,1466921.2775447154,1357720.4140540932,101.61381508500199,1304.250322573993,42.29233980178833,2558556,2026-09-16,"{""metrics.jsonl"":""logs/cosine/awc8/h80/lr-0.009-b1-0.9-b2-0.99/s42/metrics.jsonl"",""result.json"":""logs/cosine/awc8/h80/lr-0.009-b1-0.9-b2-0.99/s42/result.json"",""resolved.yaml"":""logs/cosine/awc8/h80/lr-0.009-b1-0.9-b2-0.99/s42/resolved.yaml"",""receipt.json"":""logs/cosine/awc8/h80/lr-0.009-b1-0.9-b2-0.99/s42/receipt.json"",""request.json"":""logs/cosine/awc8/h80/lr-0.009-b1-0.9-b2-0.99/s42/request.json"",""environment.json"":""shared/environment-591aacf5feaee6b5b53847489d3cb96840d9c8ba70ed532f2d75d8e070b4345a.json""}"
awc8-cosine-h80--0.009--0.9--0.99--s43,awc8,80,1510222.7644345863,1448860.322882292,1341544.5354499293,102.43794767999498,1319.7282006440073,42.29233980178833,2558557,2026-09-16,"{""metrics.jsonl"":""logs/cosine/awc8/h80/lr-0.009-b1-0.9-b2-0.99/s43/metrics.jsonl"",""result.json"":""logs/cosine/awc8/h80/lr-0.009-b1-0.9-b2-0.99/s43/result.json"",""resolved.yaml"":""logs/cosine/awc8/h80/lr-0.009-b1-0.9-b2-0.99/s43/resolved.yaml"",""receipt.json"":""logs/cosine/awc8/h80/lr-0.009-b1-0.9-b2-0.99/s43/receipt.json"",""request.json"":""logs/cosine/awc8/h80/lr-0.009-b1-0.9-b2-0.99/s43/request.json"",""environment.json"":""shared/environment-fdf91028ebbadb9ed8e730039ff5d4f15b922ff7235b59099cc1c3b9253eae77.json""}"
awc8-cosine-h80--0.009--0.9--0.99--s44,awc8,80,1493233.3212128102,1428219.2410111183,1322566.1700554267,100.15241457299999,1335.104464352,42.29233980178833,2558558,2026-09-16,"{""metrics.jsonl"":""logs/cosine/awc8/h80/lr-0.009-b1-0.9-b2-0.99/s44/metrics.jsonl"",""result.json"":""logs/cosine/awc8/h80/lr-0.009-b1-0.9-b2-0.99/s44/result.json"",""resolved.yaml"":""logs/cosine/awc8/h80/lr-0.009-b1-0.9-b2-0.99/s44/resolved.yaml"",""receipt.json"":""logs/cosine/awc8/h80/lr-0.009-b1-0.9-b2-0.99/s44/receipt.json"",""request.json"":""logs/cosine/awc8/h80/lr-0.009-b1-0.9-b2-0.99/s44/request.json"",""environment.json"":""shared/environment-f733212e81dbeec22cce5915955520c616bd4f750a51233caa939f835a953d3b.json""}"
awc8-cosine-h80--0.009--0.9--0.999--s42,awc8,80,1538030.3781881006,1512107.0097463825,1395123.0136169514,101.08220274899213,1271.1011796609964,42.29233980178833,2558571,2026-09-16,"{""metrics.jsonl"":""logs/cosine/awc8/h80/lr-0.009-b1-0.9-b2-0.999/s42/metrics.jsonl"",""result.json"":""logs/cosine/awc8/h80/lr-0.009-b1-0.9-b2-0.999/s42/result.json"",""resolved.yaml"":""logs/cosine/awc8/h80/lr-0.009-b1-0.9-b2-0.999/s42/resolved.yaml"",""receipt.json"":""logs/cosine/awc8/h80/lr-0.009-b1-0.9-b2-0.999/s42/receipt.json"",""request.json"":""logs/cosine/awc8/h80/lr-0.009-b1-0.9-b2-0.999/s42/request.json"",""environment.json"":""shared/environment-b1d469a177037aecd3e5f4efc7aa05e7afbeba245a3bff996b29ffb3fabcf445.json""}"
awc8-cosine-h80--0.009--0.9--0.999--s43,awc8,80,1482529.9938796815,1458475.9682901588,1350575.726079977,100.93761446799908,1309.546113178003,42.29233980178833,2558572,2026-09-16,"{""metrics.jsonl"":""logs/cosine/awc8/h80/lr-0.009-b1-0.9-b2-0.999/s43/metrics.jsonl"",""result.json"":""logs/cosine/awc8/h80/lr-0.009-b1-0.9-b2-0.999/s43/result.json"",""resolved.yaml"":""logs/cosine/awc8/h80/lr-0.009-b1-0.9-b2-0.999/s43/resolved.yaml"",""receipt.json"":""logs/cosine/awc8/h80/lr-0.009-b1-0.9-b2-0.999/s43/receipt.json"",""request.json"":""logs/cosine/awc8/h80/lr-0.009-b1-0.9-b2-0.999/s43/request.json"",""environment.json"":""shared/environment-3f0dad07215063b04f5c8d181654c9ddc440f74ff066e3a9ca33687a5c37833c.json""}"
awc8-cosine-h80--0.009--0.9--0.999--s44,awc8,80,1522910.0894534572,1497710.3403993857,1384174.8899284306,101.75063415899785,1281.0249881550044,42.29233980178833,2558573,2026-09-16,"{""metrics.jsonl"":""logs/cosine/awc8/h80/lr-0.009-b1-0.9-b2-0.999/s44/metrics.jsonl"",""result.json"":""logs/cosine/awc8/h80/lr-0.009-b1-0.9-b2-0.999/s44/result.json"",""resolved.yaml"":""logs/cosine/awc8/h80/lr-0.009-b1-0.9-b2-0.999/s44/resolved.yaml"",""receipt.json"":""logs/cosine/awc8/h80/lr-0.009-b1-0.9-b2-0.999/s44/receipt.json"",""request.json"":""logs/cosine/awc8/h80/lr-0.009-b1-0.9-b2-0.999/s44/request.json"",""environment.json"":""shared/environment-58dcde02d8b9582842cb00e9e4e3fbaad65ffdc637d7198011d91f9ceec64b3c.json""}"
awc8-cosine-h80--0.009--0.95--0.99--s42,awc8,80,1498713.9738268575,1474157.6516333937,1360446.4542948417,103.25562467800046,1303.088298955001,42.29233980178833,2558585,2026-09-16,"{""metrics.jsonl"":""logs/cosine/awc8/h80/lr-0.009-b1-0.95-b2-0.99/s42/metrics.jsonl"",""result.json"":""logs/cosine/awc8/h80/lr-0.009-b1-0.95-b2-0.99/s42/result.json"",""resolved.yaml"":""logs/cosine/awc8/h80/lr-0.009-b1-0.95-b2-0.99/s42/resolved.yaml"",""receipt.json"":""logs/cosine/awc8/h80/lr-0.009-b1-0.95-b2-0.99/s42/receipt.json"",""request.json"":""logs/cosine/awc8/h80/lr-0.009-b1-0.95-b2-0.99/s42/request.json"",""environment.json"":""shared/environment-ef910b5dcd001d9fe6142babbb473afc9e68cbf231c5abd9b66c3368f42e4f4d.json""}"
awc8-cosine-h80--0.009--0.95--0.99--s43,awc8,80,1474578.239166243,1452541.016350906,1345004.9594261886,101.83248182400712,1315.462688248008,42.29233980178833,2558586,2026-09-16,"{""metrics.jsonl"":""logs/cosine/awc8/h80/lr-0.009-b1-0.95-b2-0.99/s43/metrics.jsonl"",""result.json"":""logs/cosine/awc8/h80/lr-0.009-b1-0.95-b2-0.99/s43/result.json"",""resolved.yaml"":""logs/cosine/awc8/h80/lr-0.009-b1-0.95-b2-0.99/s43/resolved.yaml"",""receipt.json"":""logs/cosine/awc8/h80/lr-0.009-b1-0.95-b2-0.99/s43/receipt.json"",""request.json"":""logs/cosine/awc8/h80/lr-0.009-b1-0.95-b2-0.99/s43/request.json"",""environment.json"":""shared/environment-d10144111fe28798ef07a381fe484049202ef415e278ebd7f5c8c04295f9bec0.json""}"
awc8-cosine-h80--0.009--0.95--0.99--s44,awc8,80,1527792.637105908,1502067.8376409619,1386677.9976586688,101.35636701100157,1278.5446377439948,42.29233980178833,2558587,2026-09-16,"{""metrics.jsonl"":""logs/cosine/awc8/h80/lr-0.009-b1-0.95-b2-0.99/s44/metrics.jsonl"",""result.json"":""logs/cosine/awc8/h80/lr-0.009-b1-0.95-b2-0.99/s44/result.json"",""resolved.yaml"":""logs/cosine/awc8/h80/lr-0.009-b1-0.95-b2-0.99/s44/resolved.yaml"",""receipt.json"":""logs/cosine/awc8/h80/lr-0.009-b1-0.95-b2-0.99/s44/receipt.json"",""request.json"":""logs/cosine/awc8/h80/lr-0.009-b1-0.95-b2-0.99/s44/request.json"",""environment.json"":""shared/environment-ac47de50adcebe21a617a7764e84cdb6547fc5c443d4f722790a2b5802ec20f0.json""}"
awc8-cosine-h80--0.009--0.95--0.999--s42,awc8,80,1525119.2575115333,1499070.438148072,1386142.4278073986,98.74710682300793,1276.34393945201,42.29233980178833,2560530,2026-09-16,"{""metrics.jsonl"":""logs/cosine/awc8/h80/lr-0.009-b1-0.95-b2-0.999/s42/metrics.jsonl"",""result.json"":""logs/cosine/awc8/h80/lr-0.009-b1-0.95-b2-0.999/s42/result.json"",""resolved.yaml"":""logs/cosine/awc8/h80/lr-0.009-b1-0.95-b2-0.999/s42/resolved.yaml"",""receipt.json"":""logs/cosine/awc8/h80/lr-0.009-b1-0.95-b2-0.999/s42/receipt.json"",""request.json"":""logs/cosine/awc8/h80/lr-0.009-b1-0.95-b2-0.999/s42/request.json"",""environment.json"":""shared/environment-409d7bf12dd335ead28654c0ad8f2d4c986347f606840c5e9b260ea117b2f260.json""}"
awc8-cosine-h80--0.009--0.95--0.999--s43,awc8,80,1546947.3469146753,1484240.3125867136,1372540.7983595226,100.24949213600485,1290.0448309289932,42.29233980178833,2560539,2026-09-16,"{""metrics.jsonl"":""logs/cosine/awc8/h80/lr-0.009-b1-0.95-b2-0.999/s43/metrics.jsonl"",""result.json"":""logs/cosine/awc8/h80/lr-0.009-b1-0.95-b2-0.999/s43/result.json"",""resolved.yaml"":""logs/cosine/awc8/h80/lr-0.009-b1-0.95-b2-0.999/s43/resolved.yaml"",""receipt.json"":""logs/cosine/awc8/h80/lr-0.009-b1-0.95-b2-0.999/s43/receipt.json"",""request.json"":""logs/cosine/awc8/h80/lr-0.009-b1-0.95-b2-0.999/s43/request.json"",""environment.json"":""shared/environment-a25d7d6e0c17bf90cb25b29e36e0f3307a64e15461c94b0b13b9f77ca4ea491e.json""}"
awc8-cosine-h80--0.009--0.95--0.999--s44,awc8,80,1534377.3908131795,1510189.9121485623,1394869.9632239183,101.93536341399886,1272.1627963830033,42.29233980178833,2560540,2026-09-16,"{""metrics.jsonl"":""logs/cosine/awc8/h80/lr-0.009-b1-0.95-b2-0.999/s44/metrics.jsonl"",""result.json"":""logs/cosine/awc8/h80/lr-0.009-b1-0.95-b2-0.999/s44/result.json"",""resolved.yaml"":""logs/cosine/awc8/h80/lr-0.009-b1-0.95-b2-0.999/s44/resolved.yaml"",""receipt.json"":""logs/cosine/awc8/h80/lr-0.009-b1-0.95-b2-0.999/s44/receipt.json"",""request.json"":""logs/cosine/awc8/h80/lr-0.009-b1-0.95-b2-0.999/s44/request.json"",""environment.json"":""shared/environment-7e09e4eac6aece366341a7a10406c575b9cd160ac9fb108e9dddf28f7c7409a0.json""}"
awc8-cosine-h80--0.009--0.974--0.99--s42,awc8,80,1530766.891293385,1462307.364487752,1354451.7552102988,99.4662205499917,1305.3028404190118,42.29233980178833,2560806,2026-09-16,"{""metrics.jsonl"":""logs/cosine/awc8/h80/lr-0.009-b1-0.974-b2-0.99/s42/metrics.jsonl"",""result.json"":""logs/cosine/awc8/h80/lr-0.009-b1-0.974-b2-0.99/s42/result.json"",""resolved.yaml"":""logs/cosine/awc8/h80/lr-0.009-b1-0.974-b2-0.99/s42/resolved.yaml"",""receipt.json"":""logs/cosine/awc8/h80/lr-0.009-b1-0.974-b2-0.99/s42/receipt.json"",""request.json"":""logs/cosine/awc8/h80/lr-0.009-b1-0.974-b2-0.99/s42/request.json"",""environment.json"":""shared/environment-308bd6d3de9f5727a79bf9e1f8e7578a837b3b14dd3f04151e33ecb51b7a6cfa.json""}"
awc8-cosine-h80--0.009--0.974--0.99--s43,awc8,80,1552781.965779594,1482392.553676788,1371604.2063891205,100.14194358099485,1290.962753105996,42.29233980178833,2560807,2026-09-16,"{""metrics.jsonl"":""logs/cosine/awc8/h80/lr-0.009-b1-0.974-b2-0.99/s43/metrics.jsonl"",""result.json"":""logs/cosine/awc8/h80/lr-0.009-b1-0.974-b2-0.99/s43/result.json"",""resolved.yaml"":""logs/cosine/awc8/h80/lr-0.009-b1-0.974-b2-0.99/s43/resolved.yaml"",""receipt.json"":""logs/cosine/awc8/h80/lr-0.009-b1-0.974-b2-0.99/s43/receipt.json"",""request.json"":""logs/cosine/awc8/h80/lr-0.009-b1-0.974-b2-0.99/s43/request.json"",""environment.json"":""shared/environment-fd3c28a27d2dcfe1065d61353d98593f0c899f80113c62819da3abc3c474a5c1.json""}"
awc8-cosine-h80--0.009--0.974--0.99--s44,awc8,80,1526839.2878835492,1458568.86752554,1349637.63974301,102.16371921599784,1312.332851964995,42.29233980178833,2560808,2026-09-16,"{""metrics.jsonl"":""logs/cosine/awc8/h80/lr-0.009-b1-0.974-b2-0.99/s44/metrics.jsonl"",""result.json"":""logs/cosine/awc8/h80/lr-0.009-b1-0.974-b2-0.99/s44/result.json"",""resolved.yaml"":""logs/cosine/awc8/h80/lr-0.009-b1-0.974-b2-0.99/s44/resolved.yaml"",""receipt.json"":""logs/cosine/awc8/h80/lr-0.009-b1-0.974-b2-0.99/s44/receipt.json"",""request.json"":""logs/cosine/awc8/h80/lr-0.009-b1-0.974-b2-0.99/s44/request.json"",""environment.json"":""shared/environment-e7d920597e420dc4bc224d06c2dffbac17907637df089d30aeb29b9777632e9b.json""}"
awc8-cosine-h80--0.009--0.974--0.999--s42,awc8,80,1489161.027764854,1465319.4528857563,1355242.1346267764,100.7656042890012,1305.2762781240017,42.29233980178833,2560836,2026-09-16,"{""metrics.jsonl"":""logs/cosine/awc8/h80/lr-0.009-b1-0.974-b2-0.999/s42/metrics.jsonl"",""result.json"":""logs/cosine/awc8/h80/lr-0.009-b1-0.974-b2-0.999/s42/result.json"",""resolved.yaml"":""logs/cosine/awc8/h80/lr-0.009-b1-0.974-b2-0.999/s42/resolved.yaml"",""receipt.json"":""logs/cosine/awc8/h80/lr-0.009-b1-0.974-b2-0.999/s42/receipt.json"",""request.json"":""logs/cosine/awc8/h80/lr-0.009-b1-0.974-b2-0.999/s42/request.json"",""environment.json"":""shared/environment-65cb4c8d1489b5e891f5562baa66d1fa22c74dfb6e7fa14b47068ec7d1aa0eff.json""}"
awc8-cosine-h80--0.009--0.974--0.999--s43,awc8,80,1518808.9592379048,1492907.096923316,1378353.5218445067,102.41033282500575,1286.7304389250057,42.29233980178833,2560837,2026-09-16,"{""metrics.jsonl"":""logs/cosine/awc8/h80/lr-0.009-b1-0.974-b2-0.999/s43/metrics.jsonl"",""result.json"":""logs/cosine/awc8/h80/lr-0.009-b1-0.974-b2-0.999/s43/result.json"",""resolved.yaml"":""logs/cosine/awc8/h80/lr-0.009-b1-0.974-b2-0.999/s43/resolved.yaml"",""receipt.json"":""logs/cosine/awc8/h80/lr-0.009-b1-0.974-b2-0.999/s43/receipt.json"",""request.json"":""logs/cosine/awc8/h80/lr-0.009-b1-0.974-b2-0.999/s43/request.json"",""environment.json"":""shared/environment-7fae5b34b29bfd57c4b6cd0470f18b074aaec96463ff8536a880c685b9960c12.json""}"
awc8-cosine-h80--0.009--0.974--0.999--s44,awc8,80,1486017.4376113934,1461650.0652108095,1353409.635344286,100.56936955200217,1306.7010928310046,42.29233980178833,2560842,2026-09-16,"{""metrics.jsonl"":""logs/cosine/awc8/h80/lr-0.009-b1-0.974-b2-0.999/s44/metrics.jsonl"",""result.json"":""logs/cosine/awc8/h80/lr-0.009-b1-0.974-b2-0.999/s44/result.json"",""resolved.yaml"":""logs/cosine/awc8/h80/lr-0.009-b1-0.974-b2-0.999/s44/resolved.yaml"",""receipt.json"":""logs/cosine/awc8/h80/lr-0.009-b1-0.974-b2-0.999/s44/receipt.json"",""request.json"":""logs/cosine/awc8/h80/lr-0.009-b1-0.974-b2-0.999/s44/request.json"",""environment.json"":""shared/environment-7df2dc99996b2725a150381c226dd25aa32552b3af7ad4dc77036db74079f04b.json""}"
awc8-cosine-h80--0.01--0.9--0.99--s42,awc8,80,1507211.8265826416,1479893.1791547886,1368823.37818003,101.76185722000082,1294.3100028479967,42.29233980178833,2567844,2026-09-16,"{""metrics.jsonl"":""logs/cosine/awc8/h80/lr-0.01-b1-0.9-b2-0.99/s42/metrics.jsonl"",""result.json"":""logs/cosine/awc8/h80/lr-0.01-b1-0.9-b2-0.99/s42/result.json"",""resolved.yaml"":""logs/cosine/awc8/h80/lr-0.01-b1-0.9-b2-0.99/s42/resolved.yaml"",""receipt.json"":""logs/cosine/awc8/h80/lr-0.01-b1-0.9-b2-0.99/s42/receipt.json"",""request.json"":""logs/cosine/awc8/h80/lr-0.01-b1-0.9-b2-0.99/s42/request.json"",""environment.json"":""shared/environment-42fe61d105500b246282a01afae6653ae7655c01d4d8eead1f553b8fffecb167.json""}"
awc8-cosine-h80--0.01--0.9--0.99--s43,awc8,80,1524980.1169184842,1467363.9156790674,1356386.3569862484,101.82745919999434,1305.6574198020098,42.29233980178833,2567845,2026-09-16,"{""metrics.jsonl"":""logs/cosine/awc8/h80/lr-0.01-b1-0.9-b2-0.99/s43/metrics.jsonl"",""result.json"":""logs/cosine/awc8/h80/lr-0.01-b1-0.9-b2-0.99/s43/result.json"",""resolved.yaml"":""logs/cosine/awc8/h80/lr-0.01-b1-0.9-b2-0.99/s43/resolved.yaml"",""receipt.json"":""logs/cosine/awc8/h80/lr-0.01-b1-0.9-b2-0.99/s43/receipt.json"",""request.json"":""logs/cosine/awc8/h80/lr-0.01-b1-0.9-b2-0.99/s43/request.json"",""environment.json"":""shared/environment-9bba738937c35c9a0e5077cfe268468dd2dec78046aaadb33d5a47e5a43cec83.json""}"
awc8-cosine-h80--0.01--0.9--0.99--s44,awc8,80,1497066.129053456,1473359.5081733237,1362458.9366738687,100.72000866600138,1298.8246049459995,42.29233980178833,2567846,2026-09-16,"{""metrics.jsonl"":""logs/cosine/awc8/h80/lr-0.01-b1-0.9-b2-0.99/s44/metrics.jsonl"",""result.json"":""logs/cosine/awc8/h80/lr-0.01-b1-0.9-b2-0.99/s44/result.json"",""resolved.yaml"":""logs/cosine/awc8/h80/lr-0.01-b1-0.9-b2-0.99/s44/resolved.yaml"",""receipt.json"":""logs/cosine/awc8/h80/lr-0.01-b1-0.9-b2-0.99/s44/receipt.json"",""request.json"":""logs/cosine/awc8/h80/lr-0.01-b1-0.9-b2-0.99/s44/request.json"",""environment.json"":""shared/environment-a4833550b069ed3283b5425f7933886fc5950b3f5d99cf57018e3adb930b2b53.json""}"
awc8-cosine-h80--0.01--0.9--0.999--s42,awc8,80,1515118.3430352705,1458556.0078434453,1349858.5049492985,99.84952605199942,1309.4910307630053,42.29233980178833,2567895,2026-09-16,"{""metrics.jsonl"":""logs/cosine/awc8/h80/lr-0.01-b1-0.9-b2-0.999/s42/metrics.jsonl"",""result.json"":""logs/cosine/awc8/h80/lr-0.01-b1-0.9-b2-0.999/s42/result.json"",""resolved.yaml"":""logs/cosine/awc8/h80/lr-0.01-b1-0.9-b2-0.999/s42/resolved.yaml"",""receipt.json"":""logs/cosine/awc8/h80/lr-0.01-b1-0.9-b2-0.999/s42/receipt.json"",""request.json"":""logs/cosine/awc8/h80/lr-0.01-b1-0.9-b2-0.999/s42/request.json"",""environment.json"":""shared/environment-68921edbb7bd665629f1e67b4550a905cc42baaa501ac6bb4553525c95115c46.json""}"
awc8-cosine-h80--0.01--0.9--0.999--s43,awc8,80,1499530.2222788255,1476780.3024228928,1364332.7010656025,100.84258558999863,1297.2680764540128,42.29233980178833,2567896,2026-09-16,"{""metrics.jsonl"":""logs/cosine/awc8/h80/lr-0.01-b1-0.9-b2-0.999/s43/metrics.jsonl"",""result.json"":""logs/cosine/awc8/h80/lr-0.01-b1-0.9-b2-0.999/s43/result.json"",""resolved.yaml"":""logs/cosine/awc8/h80/lr-0.01-b1-0.9-b2-0.999/s43/resolved.yaml"",""receipt.json"":""logs/cosine/awc8/h80/lr-0.01-b1-0.9-b2-0.999/s43/receipt.json"",""request.json"":""logs/cosine/awc8/h80/lr-0.01-b1-0.9-b2-0.999/s43/request.json"",""environment.json"":""shared/environment-cef617ee5513ac9df67280bbf83dc6d0d589e45798c316d6361c19df223d53d8.json""}"
awc8-cosine-h80--0.01--0.9--0.999--s44,awc8,80,1523762.2244169505,1499685.728999379,1383751.4097431498,101.7480834750022,1281.4066835699996,42.29233980178833,2567914,2026-09-16,"{""metrics.jsonl"":""logs/cosine/awc8/h80/lr-0.01-b1-0.9-b2-0.999/s44/metrics.jsonl"",""result.json"":""logs/cosine/awc8/h80/lr-0.01-b1-0.9-b2-0.999/s44/result.json"",""resolved.yaml"":""logs/cosine/awc8/h80/lr-0.01-b1-0.9-b2-0.999/s44/resolved.yaml"",""receipt.json"":""logs/cosine/awc8/h80/lr-0.01-b1-0.9-b2-0.999/s44/receipt.json"",""request.json"":""logs/cosine/awc8/h80/lr-0.01-b1-0.9-b2-0.999/s44/request.json"",""environment.json"":""shared/environment-6db76496b9d1ece1de4de2566452420b70b83627afad342342c5d71b13c7e684.json""}"
awc8-cosine-h80--0.01--0.95--0.99--s42,awc8,80,1534551.7105942804,1486541.9932073588,1372917.7342971445,101.18348174700805,1290.6344320210046,42.29233980178833,2563767,2026-09-16,"{""metrics.jsonl"":""logs/cosine/awc8/h80/lr-0.01-b1-0.95-b2-0.99/s42/metrics.jsonl"",""result.json"":""logs/cosine/awc8/h80/lr-0.01-b1-0.95-b2-0.99/s42/result.json"",""resolved.yaml"":""logs/cosine/awc8/h80/lr-0.01-b1-0.95-b2-0.99/s42/resolved.yaml"",""receipt.json"":""logs/cosine/awc8/h80/lr-0.01-b1-0.95-b2-0.99/s42/receipt.json"",""request.json"":""logs/cosine/awc8/h80/lr-0.01-b1-0.95-b2-0.99/s42/request.json"",""environment.json"":""shared/environment-490507323bb718b9d27b3e4c2ce83bd55a542c7baebd1f4caa3efa596329c0c7.json""}"
awc8-cosine-h80--0.01--0.95--0.99--s43,awc8,80,1534441.4324398881,1510187.2379263365,1392865.2759073416,101.73599683900102,1273.6740477540006,42.29233980178833,2568048,2026-09-16,"{""metrics.jsonl"":""logs/cosine/awc8/h80/lr-0.01-b1-0.95-b2-0.99/s43/metrics.jsonl"",""result.json"":""logs/cosine/awc8/h80/lr-0.01-b1-0.95-b2-0.99/s43/result.json"",""resolved.yaml"":""logs/cosine/awc8/h80/lr-0.01-b1-0.95-b2-0.99/s43/resolved.yaml"",""receipt.json"":""logs/cosine/awc8/h80/lr-0.01-b1-0.95-b2-0.99/s43/receipt.json"",""request.json"":""logs/cosine/awc8/h80/lr-0.01-b1-0.95-b2-0.99/s43/request.json"",""environment.json"":""shared/environment-2077ff26d519055e7fa44cc38da2425a57afd60b44ef0cdc3a7936fd0b209108.json""}"
awc8-cosine-h80--0.01--0.95--0.99--s44,awc8,80,1518142.135855202,1494222.8889272718,1378958.4199117683,102.14274390500213,1285.8881726359978,42.29233980178833,2568049,2026-09-16,"{""metrics.jsonl"":""logs/cosine/awc8/h80/lr-0.01-b1-0.95-b2-0.99/s44/metrics.jsonl"",""result.json"":""logs/cosine/awc8/h80/lr-0.01-b1-0.95-b2-0.99/s44/result.json"",""resolved.yaml"":""logs/cosine/awc8/h80/lr-0.01-b1-0.95-b2-0.99/s44/resolved.yaml"",""receipt.json"":""logs/cosine/awc8/h80/lr-0.01-b1-0.95-b2-0.99/s44/receipt.json"",""request.json"":""logs/cosine/awc8/h80/lr-0.01-b1-0.95-b2-0.99/s44/request.json"",""environment.json"":""shared/environment-3456b19e9d345d7b492060e9f7785d4025713b4c9c47b0af86f4a7668c779027.json""}"
awc8-cosine-h80--0.01--0.95--0.999--s42,awc8,80,1503105.5869729933,1480051.7815319768,1368726.9996411202,100.17639235399838,1292.7686347319977,42.29233980178833,2568130,2026-09-16,"{""metrics.jsonl"":""logs/cosine/awc8/h80/lr-0.01-b1-0.95-b2-0.999/s42/metrics.jsonl"",""result.json"":""logs/cosine/awc8/h80/lr-0.01-b1-0.95-b2-0.999/s42/result.json"",""resolved.yaml"":""logs/cosine/awc8/h80/lr-0.01-b1-0.95-b2-0.999/s42/resolved.yaml"",""receipt.json"":""logs/cosine/awc8/h80/lr-0.01-b1-0.95-b2-0.999/s42/receipt.json"",""request.json"":""logs/cosine/awc8/h80/lr-0.01-b1-0.95-b2-0.999/s42/request.json"",""environment.json"":""shared/environment-e93f07d21c8145d6db302d0ce5f0a30c1bbf946ceb89a18f3ddc9efd14851520.json""}"
awc8-cosine-h80--0.01--0.95--0.999--s43,awc8,80,1565421.5999118593,1539862.0526268985,1420025.400116659,99.87350595599855,1249.3870787439955,42.29233980178833,2568158,2026-09-16,"{""metrics.jsonl"":""logs/cosine/awc8/h80/lr-0.01-b1-0.95-b2-0.999/s43/metrics.jsonl"",""result.json"":""logs/cosine/awc8/h80/lr-0.01-b1-0.95-b2-0.999/s43/result.json"",""resolved.yaml"":""logs/cosine/awc8/h80/lr-0.01-b1-0.95-b2-0.999/s43/resolved.yaml"",""receipt.json"":""logs/cosine/awc8/h80/lr-0.01-b1-0.95-b2-0.999/s43/receipt.json"",""request.json"":""logs/cosine/awc8/h80/lr-0.01-b1-0.95-b2-0.999/s43/request.json"",""environment.json"":""shared/environment-d43ee7f8dd6c20ed2c57596e2b4788c52d0a1113b724e94a5018c364a4942928.json""}"
awc8-cosine-h80--0.01--0.95--0.999--s44,awc8,80,1525470.545968224,1501011.0302379874,1385836.6063314667,101.46274379399256,1279.317229053995,42.29233980178833,2568161,2026-09-16,"{""metrics.jsonl"":""logs/cosine/awc8/h80/lr-0.01-b1-0.95-b2-0.999/s44/metrics.jsonl"",""result.json"":""logs/cosine/awc8/h80/lr-0.01-b1-0.95-b2-0.999/s44/result.json"",""resolved.yaml"":""logs/cosine/awc8/h80/lr-0.01-b1-0.95-b2-0.999/s44/resolved.yaml"",""receipt.json"":""logs/cosine/awc8/h80/lr-0.01-b1-0.95-b2-0.999/s44/receipt.json"",""request.json"":""logs/cosine/awc8/h80/lr-0.01-b1-0.95-b2-0.999/s44/request.json"",""environment.json"":""shared/environment-9bffaa2528bc118131f2219f3b81f550a0a8d6a052c5360a0bc4cfe63f64ad43.json""}"
awc8-cosine-h80--0.01--0.974--0.99--s42,awc8,80,1513527.6440497562,1489372.2272406262,1375905.0762258652,102.7967096640059,1289.163641784995,42.29233980178833,2568208,2026-09-16,"{""metrics.jsonl"":""logs/cosine/awc8/h80/lr-0.01-b1-0.974-b2-0.99/s42/metrics.jsonl"",""result.json"":""logs/cosine/awc8/h80/lr-0.01-b1-0.974-b2-0.99/s42/result.json"",""resolved.yaml"":""logs/cosine/awc8/h80/lr-0.01-b1-0.974-b2-0.99/s42/resolved.yaml"",""receipt.json"":""logs/cosine/awc8/h80/lr-0.01-b1-0.974-b2-0.99/s42/receipt.json"",""request.json"":""logs/cosine/awc8/h80/lr-0.01-b1-0.974-b2-0.99/s42/request.json"",""environment.json"":""shared/environment-6b779f7a30afaa9f920618af7806e2885e40a8a4f607944c6fadeca3a6bed782.json""}"
awc8-cosine-h80--0.01--0.974--0.99--s43,awc8,80,1568570.8962106702,1541920.9267352005,1422003.4437493947,99.86610456999915,1247.766479761005,42.29233980178833,2568515,2026-09-16,"{""metrics.jsonl"":""logs/cosine/awc8/h80/lr-0.01-b1-0.974-b2-0.99/s43/metrics.jsonl"",""result.json"":""logs/cosine/awc8/h80/lr-0.01-b1-0.974-b2-0.99/s43/result.json"",""resolved.yaml"":""logs/cosine/awc8/h80/lr-0.01-b1-0.974-b2-0.99/s43/resolved.yaml"",""receipt.json"":""logs/cosine/awc8/h80/lr-0.01-b1-0.974-b2-0.99/s43/receipt.json"",""request.json"":""logs/cosine/awc8/h80/lr-0.01-b1-0.974-b2-0.99/s43/request.json"",""environment.json"":""shared/environment-259a379a1a48f683b9c11a2a46abd959db4263c8ccd8485fc235f89deb0eaa6c.json""}"
awc8-cosine-h80--0.01--0.974--0.99--s44,awc8,80,1524995.507632983,1496967.0607292813,1383130.1077524994,101.6178275400016,1281.7822503440111,42.29233980178833,2568562,2026-09-16,"{""metrics.jsonl"":""logs/cosine/awc8/h80/lr-0.01-b1-0.974-b2-0.99/s44/metrics.jsonl"",""result.json"":""logs/cosine/awc8/h80/lr-0.01-b1-0.974-b2-0.99/s44/result.json"",""resolved.yaml"":""logs/cosine/awc8/h80/lr-0.01-b1-0.974-b2-0.99/s44/resolved.yaml"",""receipt.json"":""logs/cosine/awc8/h80/lr-0.01-b1-0.974-b2-0.99/s44/receipt.json"",""request.json"":""logs/cosine/awc8/h80/lr-0.01-b1-0.974-b2-0.99/s44/request.json"",""environment.json"":""shared/environment-d5afec482a75f2fb2102a287c558eeb47dfa42d0973299c17c215e8988de689b.json""}"
awc8-cosine-h80--0.01--0.974--0.999--s42,awc8,80,1535396.9510956483,1509859.9707241205,1393525.1788915934,100.91118181899947,1272.2761046220112,42.29233980178833,2568632,2026-09-16,"{""metrics.jsonl"":""logs/cosine/awc8/h80/lr-0.01-b1-0.974-b2-0.999/s42/metrics.jsonl"",""result.json"":""logs/cosine/awc8/h80/lr-0.01-b1-0.974-b2-0.999/s42/result.json"",""resolved.yaml"":""logs/cosine/awc8/h80/lr-0.01-b1-0.974-b2-0.999/s42/resolved.yaml"",""receipt.json"":""logs/cosine/awc8/h80/lr-0.01-b1-0.974-b2-0.999/s42/receipt.json"",""request.json"":""logs/cosine/awc8/h80/lr-0.01-b1-0.974-b2-0.999/s42/request.json"",""environment.json"":""shared/environment-81e31f6f22eca9d724a0e7ec09d867080dbfcbdfa6d6659d091019bf30ee0eb7.json""}"
awc8-cosine-h80--0.01--0.974--0.999--s43,awc8,80,1569157.8178737247,1543848.9678039388,1416892.4622370137,99.5902688310016,1251.651009588997,42.29233980178833,2568634,2026-09-16,"{""metrics.jsonl"":""logs/cosine/awc8/h80/lr-0.01-b1-0.974-b2-0.999/s43/metrics.jsonl"",""result.json"":""logs/cosine/awc8/h80/lr-0.01-b1-0.974-b2-0.999/s43/result.json"",""resolved.yaml"":""logs/cosine/awc8/h80/lr-0.01-b1-0.974-b2-0.999/s43/resolved.yaml"",""receipt.json"":""logs/cosine/awc8/h80/lr-0.01-b1-0.974-b2-0.999/s43/receipt.json"",""request.json"":""logs/cosine/awc8/h80/lr-0.01-b1-0.974-b2-0.999/s43/request.json"",""environment.json"":""shared/environment-e70959c02a22b3d2d867b6a00ad6fb68ea5657d544849cfeca69294a6e104373.json""}"
awc8-cosine-h80--0.01--0.974--0.999--s44,awc8,80,1519540.831792303,1469863.2358702922,1359613.704158297,99.9144214179978,1300.4882121940027,42.29233980178833,2568645,2026-09-16,"{""metrics.jsonl"":""logs/cosine/awc8/h80/lr-0.01-b1-0.974-b2-0.999/s44/metrics.jsonl"",""result.json"":""logs/cosine/awc8/h80/lr-0.01-b1-0.974-b2-0.999/s44/result.json"",""resolved.yaml"":""logs/cosine/awc8/h80/lr-0.01-b1-0.974-b2-0.999/s44/resolved.yaml"",""receipt.json"":""logs/cosine/awc8/h80/lr-0.01-b1-0.974-b2-0.999/s44/receipt.json"",""request.json"":""logs/cosine/awc8/h80/lr-0.01-b1-0.974-b2-0.999/s44/request.json"",""environment.json"":""shared/environment-517c3847fc67e29fd5af3c1b5e6b0e1f6cdbd8c368c6f862e363795009e0684b.json""}"
awc8-cosine-h80--0.011--0.9--0.99--s42,awc8,80,1520974.173464303,1495134.8459396572,1381857.534309819,99.92416771200078,1281.2009663979989,42.29233980178833,2567847,2026-09-16,"{""metrics.jsonl"":""logs/cosine/awc8/h80/lr-0.011-b1-0.9-b2-0.99/s42/metrics.jsonl"",""result.json"":""logs/cosine/awc8/h80/lr-0.011-b1-0.9-b2-0.99/s42/result.json"",""resolved.yaml"":""logs/cosine/awc8/h80/lr-0.011-b1-0.9-b2-0.99/s42/resolved.yaml"",""receipt.json"":""logs/cosine/awc8/h80/lr-0.011-b1-0.9-b2-0.99/s42/receipt.json"",""request.json"":""logs/cosine/awc8/h80/lr-0.011-b1-0.9-b2-0.99/s42/request.json"",""environment.json"":""shared/environment-25e959c1b8ebbb970ac0c4a423c0e892a3b5004885219a0fb9fa3f51ce81cd13.json""}"
awc8-cosine-h80--0.011--0.9--0.99--s43,awc8,80,1530909.0322279106,1505675.5360935226,1390831.2489608894,100.91519292899466,1274.5621701869968,42.29233980178833,2567893,2026-09-16,"{""metrics.jsonl"":""logs/cosine/awc8/h80/lr-0.011-b1-0.9-b2-0.99/s43/metrics.jsonl"",""result.json"":""logs/cosine/awc8/h80/lr-0.011-b1-0.9-b2-0.99/s43/result.json"",""resolved.yaml"":""logs/cosine/awc8/h80/lr-0.011-b1-0.9-b2-0.99/s43/resolved.yaml"",""receipt.json"":""logs/cosine/awc8/h80/lr-0.011-b1-0.9-b2-0.99/s43/receipt.json"",""request.json"":""logs/cosine/awc8/h80/lr-0.011-b1-0.9-b2-0.99/s43/request.json"",""environment.json"":""shared/environment-24d95735092c42acfd2f778b38f6076a8ebd1405440057217546a927d4d76290.json""}"
awc8-cosine-h80--0.011--0.9--0.99--s44,awc8,80,1508301.5501906127,1456084.503820104,1347775.2563319237,102.12512715300545,1313.7056104460062,42.29233980178833,2567894,2026-09-16,"{""metrics.jsonl"":""logs/cosine/awc8/h80/lr-0.011-b1-0.9-b2-0.99/s44/metrics.jsonl"",""result.json"":""logs/cosine/awc8/h80/lr-0.011-b1-0.9-b2-0.99/s44/result.json"",""resolved.yaml"":""logs/cosine/awc8/h80/lr-0.011-b1-0.9-b2-0.99/s44/resolved.yaml"",""receipt.json"":""logs/cosine/awc8/h80/lr-0.011-b1-0.9-b2-0.99/s44/receipt.json"",""request.json"":""logs/cosine/awc8/h80/lr-0.011-b1-0.9-b2-0.99/s44/request.json"",""environment.json"":""shared/environment-12593d2b389706474899e1e5c8e44759aa9e02e39ddbb443a27981dfcaed8c74.json""}"
awc8-cosine-h80--0.011--0.9--0.999--s42,awc8,80,1535368.3829619777,1510713.7793724209,1392601.8457166394,100.693533579004,1272.8624856219976,42.29233980178833,2567919,2026-09-16,"{""metrics.jsonl"":""logs/cosine/awc8/h80/lr-0.011-b1-0.9-b2-0.999/s42/metrics.jsonl"",""result.json"":""logs/cosine/awc8/h80/lr-0.011-b1-0.9-b2-0.999/s42/result.json"",""resolved.yaml"":""logs/cosine/awc8/h80/lr-0.011-b1-0.9-b2-0.999/s42/resolved.yaml"",""receipt.json"":""logs/cosine/awc8/h80/lr-0.011-b1-0.9-b2-0.999/s42/receipt.json"",""request.json"":""logs/cosine/awc8/h80/lr-0.011-b1-0.9-b2-0.999/s42/request.json"",""environment.json"":""shared/environment-50177641c0c5acf703539046358154ad5672ffd589878bfb39cf2beaa2f9c592.json""}"
awc8-cosine-h80--0.011--0.9--0.999--s43,awc8,80,1527104.688321017,1501725.4630323062,1387503.9409640103,101.74424397199618,1278.1957471060014,42.29233980178833,2567922,2026-09-16,"{""metrics.jsonl"":""logs/cosine/awc8/h80/lr-0.011-b1-0.9-b2-0.999/s43/metrics.jsonl"",""result.json"":""logs/cosine/awc8/h80/lr-0.011-b1-0.9-b2-0.999/s43/result.json"",""resolved.yaml"":""logs/cosine/awc8/h80/lr-0.011-b1-0.9-b2-0.999/s43/resolved.yaml"",""receipt.json"":""logs/cosine/awc8/h80/lr-0.011-b1-0.9-b2-0.999/s43/receipt.json"",""request.json"":""logs/cosine/awc8/h80/lr-0.011-b1-0.9-b2-0.999/s43/request.json"",""environment.json"":""shared/environment-62bb310b474c24930bf650a617aa9f835aa6bf06e5affcf15f278b3a9996def6.json""}"
awc8-cosine-h80--0.011--0.9--0.999--s44,awc8,80,1500217.4380066013,1477348.4897058846,1364881.5104288098,102.33136382598605,1298.2953140969912,42.29233980178833,2567923,2026-09-16,"{""metrics.jsonl"":""logs/cosine/awc8/h80/lr-0.011-b1-0.9-b2-0.999/s44/metrics.jsonl"",""result.json"":""logs/cosine/awc8/h80/lr-0.011-b1-0.9-b2-0.999/s44/result.json"",""resolved.yaml"":""logs/cosine/awc8/h80/lr-0.011-b1-0.9-b2-0.999/s44/resolved.yaml"",""receipt.json"":""logs/cosine/awc8/h80/lr-0.011-b1-0.9-b2-0.999/s44/receipt.json"",""request.json"":""logs/cosine/awc8/h80/lr-0.011-b1-0.9-b2-0.999/s44/request.json"",""environment.json"":""shared/environment-8afa2147945542122f7a29cbbd733b8b38da4811d3794f5b0aa9a18dfd573ca7.json""}"
awc8-cosine-h80--0.011--0.95--0.99--s42,awc8,80,1512486.2152864437,1456557.0569183175,1348230.7749674153,99.94946098100627,1311.1433440929977,42.29233980178833,2568070,2026-09-16,"{""metrics.jsonl"":""logs/cosine/awc8/h80/lr-0.011-b1-0.95-b2-0.99/s42/metrics.jsonl"",""result.json"":""logs/cosine/awc8/h80/lr-0.011-b1-0.95-b2-0.99/s42/result.json"",""resolved.yaml"":""logs/cosine/awc8/h80/lr-0.011-b1-0.95-b2-0.99/s42/resolved.yaml"",""receipt.json"":""logs/cosine/awc8/h80/lr-0.011-b1-0.95-b2-0.99/s42/receipt.json"",""request.json"":""logs/cosine/awc8/h80/lr-0.011-b1-0.95-b2-0.99/s42/request.json"",""environment.json"":""shared/environment-dca585e2ba410a4fed9bc82beda3a297ba9bc953804f0a698cea1c610b4681ff.json""}"
awc8-cosine-h80--0.011--0.95--0.99--s43,awc8,80,1535857.3840334644,1511730.3231225908,1395225.781960748,101.15927880800155,1271.1023392099887,42.29233980178833,2568128,2026-09-16,"{""metrics.jsonl"":""logs/cosine/awc8/h80/lr-0.011-b1-0.95-b2-0.99/s43/metrics.jsonl"",""result.json"":""logs/cosine/awc8/h80/lr-0.011-b1-0.95-b2-0.99/s43/result.json"",""resolved.yaml"":""logs/cosine/awc8/h80/lr-0.011-b1-0.95-b2-0.99/s43/resolved.yaml"",""receipt.json"":""logs/cosine/awc8/h80/lr-0.011-b1-0.95-b2-0.99/s43/receipt.json"",""request.json"":""logs/cosine/awc8/h80/lr-0.011-b1-0.95-b2-0.99/s43/request.json"",""environment.json"":""shared/environment-ab40757c0f171fcedb1a69850e5a0027429341bbc3348c1b6334db4ad900702e.json""}"
awc8-cosine-h80--0.011--0.95--0.99--s44,awc8,80,1500697.6241839489,1443295.6025991102,1335934.6303436814,100.41093081100553,1322.6768350830098,42.29233980178833,2568129,2026-09-16,"{""metrics.jsonl"":""logs/cosine/awc8/h80/lr-0.011-b1-0.95-b2-0.99/s44/metrics.jsonl"",""result.json"":""logs/cosine/awc8/h80/lr-0.011-b1-0.95-b2-0.99/s44/result.json"",""resolved.yaml"":""logs/cosine/awc8/h80/lr-0.011-b1-0.95-b2-0.99/s44/resolved.yaml"",""receipt.json"":""logs/cosine/awc8/h80/lr-0.011-b1-0.95-b2-0.99/s44/receipt.json"",""request.json"":""logs/cosine/awc8/h80/lr-0.011-b1-0.95-b2-0.99/s44/request.json"",""environment.json"":""shared/environment-20ab4137023d0f1d36a9ac33e4c1c5bbd1744aca5f37bc6a602d7e954a204f41.json""}"
awc8-cosine-h80--0.011--0.95--0.999--s42,awc8,80,1508729.5088953495,1483500.6232659237,1370831.5640056552,102.81974703501328,1293.5734384899988,42.29233980178833,2568162,2026-09-16,"{""metrics.jsonl"":""logs/cosine/awc8/h80/lr-0.011-b1-0.95-b2-0.999/s42/metrics.jsonl"",""result.json"":""logs/cosine/awc8/h80/lr-0.011-b1-0.95-b2-0.999/s42/result.json"",""resolved.yaml"":""logs/cosine/awc8/h80/lr-0.011-b1-0.95-b2-0.999/s42/resolved.yaml"",""receipt.json"":""logs/cosine/awc8/h80/lr-0.011-b1-0.95-b2-0.999/s42/receipt.json"",""request.json"":""logs/cosine/awc8/h80/lr-0.011-b1-0.95-b2-0.999/s42/request.json"",""environment.json"":""shared/environment-d78ecaf89c6308062fc4b8c1cbbca4911e737e5e9fbf5901983e9eab2b453449.json""}"
awc8-cosine-h80--0.011--0.95--0.999--s43,awc8,80,1522608.989843488,1468498.6017639497,1358586.8847882585,99.59958922299847,1301.0855298590031,42.29233980178833,2568187,2026-09-16,"{""metrics.jsonl"":""logs/cosine/awc8/h80/lr-0.011-b1-0.95-b2-0.999/s43/metrics.jsonl"",""result.json"":""logs/cosine/awc8/h80/lr-0.011-b1-0.95-b2-0.999/s43/result.json"",""resolved.yaml"":""logs/cosine/awc8/h80/lr-0.011-b1-0.95-b2-0.999/s43/resolved.yaml"",""receipt.json"":""logs/cosine/awc8/h80/lr-0.011-b1-0.95-b2-0.999/s43/receipt.json"",""request.json"":""logs/cosine/awc8/h80/lr-0.011-b1-0.95-b2-0.999/s43/request.json"",""environment.json"":""shared/environment-7bf8219ec02f65ba48704dac80f11dc7c9f794fa485cbf45f2ac5db5ffa81f36.json""}"
awc8-cosine-h80--0.011--0.95--0.999--s44,awc8,80,1510374.7024899595,1486322.8101560245,1372566.848384516,102.10368647599535,1291.365650423002,42.29233980178833,2568188,2026-09-16,"{""metrics.jsonl"":""logs/cosine/awc8/h80/lr-0.011-b1-0.95-b2-0.999/s44/metrics.jsonl"",""result.json"":""logs/cosine/awc8/h80/lr-0.011-b1-0.95-b2-0.999/s44/result.json"",""resolved.yaml"":""logs/cosine/awc8/h80/lr-0.011-b1-0.95-b2-0.999/s44/resolved.yaml"",""receipt.json"":""logs/cosine/awc8/h80/lr-0.011-b1-0.95-b2-0.999/s44/receipt.json"",""request.json"":""logs/cosine/awc8/h80/lr-0.011-b1-0.95-b2-0.999/s44/request.json"",""environment.json"":""shared/environment-07b732c1f579b24577c0ffadd224a95eafb9081a00fbd6fd3233f9d6c1a52ace.json""}"
awc8-cosine-h80--0.011--0.974--0.99--s42,awc8,80,1511500.2843980924,1487609.1590966445,1372928.1640997927,102.64886725299584,1291.5906510599962,42.29233980178833,2568583,2026-09-16,"{""metrics.jsonl"":""logs/cosine/awc8/h80/lr-0.011-b1-0.974-b2-0.99/s42/metrics.jsonl"",""result.json"":""logs/cosine/awc8/h80/lr-0.011-b1-0.974-b2-0.99/s42/result.json"",""resolved.yaml"":""logs/cosine/awc8/h80/lr-0.011-b1-0.974-b2-0.99/s42/resolved.yaml"",""receipt.json"":""logs/cosine/awc8/h80/lr-0.011-b1-0.974-b2-0.99/s42/receipt.json"",""request.json"":""logs/cosine/awc8/h80/lr-0.011-b1-0.974-b2-0.99/s42/request.json"",""environment.json"":""shared/environment-b198ec3a1e16224e9540537dcdd0f50c111f442a16394dca2c5ab6ab61851fde.json""}"
awc8-cosine-h80--0.011--0.974--0.99--s43,awc8,80,1512894.2471746723,1487441.5150394074,1374786.301896897,99.18817000999843,1286.539910737003,42.29233980178833,2568630,2026-09-16,"{""metrics.jsonl"":""logs/cosine/awc8/h80/lr-0.011-b1-0.974-b2-0.99/s43/metrics.jsonl"",""result.json"":""logs/cosine/awc8/h80/lr-0.011-b1-0.974-b2-0.99/s43/result.json"",""resolved.yaml"":""logs/cosine/awc8/h80/lr-0.011-b1-0.974-b2-0.99/s43/resolved.yaml"",""receipt.json"":""logs/cosine/awc8/h80/lr-0.011-b1-0.974-b2-0.99/s43/receipt.json"",""request.json"":""logs/cosine/awc8/h80/lr-0.011-b1-0.974-b2-0.99/s43/request.json"",""environment.json"":""shared/environment-41356e7e2e714cc905a663ec5035cf55f8372f853512fd57b1d235ef8cdeb0fc.json""}"
awc8-cosine-h80--0.011--0.974--0.99--s44,awc8,80,1530559.37276173,1505108.5572700924,1389418.611780259,101.70992579999438,1276.5297403239965,42.29233980178833,2568631,2026-09-16,"{""metrics.jsonl"":""logs/cosine/awc8/h80/lr-0.011-b1-0.974-b2-0.99/s44/metrics.jsonl"",""result.json"":""logs/cosine/awc8/h80/lr-0.011-b1-0.974-b2-0.99/s44/result.json"",""resolved.yaml"":""logs/cosine/awc8/h80/lr-0.011-b1-0.974-b2-0.99/s44/resolved.yaml"",""receipt.json"":""logs/cosine/awc8/h80/lr-0.011-b1-0.974-b2-0.99/s44/receipt.json"",""request.json"":""logs/cosine/awc8/h80/lr-0.011-b1-0.974-b2-0.99/s44/request.json"",""environment.json"":""shared/environment-c34ee414d72b2ab4f2b4be13562374b683e31197f695a41354b4ed6874d44055.json""}"
awc8-cosine-h80--0.011--0.974--0.999--s42,awc8,80,1476036.7530261693,1453975.8381828791,1345129.2082994243,100.92244611799833,1314.4811976759956,42.29233980178833,2568646,2026-09-16,"{""metrics.jsonl"":""logs/cosine/awc8/h80/lr-0.011-b1-0.974-b2-0.999/s42/metrics.jsonl"",""result.json"":""logs/cosine/awc8/h80/lr-0.011-b1-0.974-b2-0.999/s42/result.json"",""resolved.yaml"":""logs/cosine/awc8/h80/lr-0.011-b1-0.974-b2-0.999/s42/resolved.yaml"",""receipt.json"":""logs/cosine/awc8/h80/lr-0.011-b1-0.974-b2-0.999/s42/receipt.json"",""request.json"":""logs/cosine/awc8/h80/lr-0.011-b1-0.974-b2-0.999/s42/request.json"",""environment.json"":""shared/environment-838b927d531ebc40aa74460b36423b2e39a8fa40f380244f1bef7d3ff8ce86fd.json""}"
awc8-cosine-h80--0.011--0.974--0.999--s43,awc8,80,1473505.6910546364,1451263.6704347567,1340933.5626468111,101.54141853500914,1318.8534911419993,42.29233980178833,2568687,2026-09-16,"{""metrics.jsonl"":""logs/cosine/awc8/h80/lr-0.011-b1-0.974-b2-0.999/s43/metrics.jsonl"",""result.json"":""logs/cosine/awc8/h80/lr-0.011-b1-0.974-b2-0.999/s43/result.json"",""resolved.yaml"":""logs/cosine/awc8/h80/lr-0.011-b1-0.974-b2-0.999/s43/resolved.yaml"",""receipt.json"":""logs/cosine/awc8/h80/lr-0.011-b1-0.974-b2-0.999/s43/receipt.json"",""request.json"":""logs/cosine/awc8/h80/lr-0.011-b1-0.974-b2-0.999/s43/request.json"",""environment.json"":""shared/environment-9a90477632b64310256741e9aa7e3e530faf280911d1519d5901d391b47419b5.json""}"
awc8-cosine-h80--0.011--0.974--0.999--s44,awc8,80,1536651.140271948,1512534.1487247911,1395185.190674431,101.4627355929988,1271.429108227996,42.29233980178833,2568688,2026-09-16,"{""metrics.jsonl"":""logs/cosine/awc8/h80/lr-0.011-b1-0.974-b2-0.999/s44/metrics.jsonl"",""result.json"":""logs/cosine/awc8/h80/lr-0.011-b1-0.974-b2-0.999/s44/result.json"",""resolved.yaml"":""logs/cosine/awc8/h80/lr-0.011-b1-0.974-b2-0.999/s44/resolved.yaml"",""receipt.json"":""logs/cosine/awc8/h80/lr-0.011-b1-0.974-b2-0.999/s44/receipt.json"",""request.json"":""logs/cosine/awc8/h80/lr-0.011-b1-0.974-b2-0.999/s44/request.json"",""environment.json"":""shared/environment-5a3ea63cd6ede769bb9a93b0647fabb1029a226ace8666efe60d824adb7c8aee.json""}"
awc8-cosine-h80--0.012--0.9--0.99--s42,awc8,80,1511381.3602968338,1487158.4273410935,1376673.6127436731,99.27376752899727,1284.9714056579978,42.29233980178833,2578322,2026-09-17,"{""metrics.jsonl"":""logs/cosine/awc8/h80/lr-0.012-b1-0.9-b2-0.99/s42/metrics.jsonl"",""result.json"":""logs/cosine/awc8/h80/lr-0.012-b1-0.9-b2-0.99/s42/result.json"",""resolved.yaml"":""logs/cosine/awc8/h80/lr-0.012-b1-0.9-b2-0.99/s42/resolved.yaml"",""receipt.json"":""logs/cosine/awc8/h80/lr-0.012-b1-0.9-b2-0.99/s42/receipt.json"",""request.json"":""logs/cosine/awc8/h80/lr-0.012-b1-0.9-b2-0.99/s42/request.json"",""environment.json"":""shared/environment-23fe82d40e45b0844196dfa25a9359f193000d2f7c56ede1a3658ca7cf0d83be.json""}"
awc8-cosine-h80--0.012--0.9--0.99--s43,awc8,80,1552283.927613729,1496159.8400035766,1382185.2394893304,100.15419905100134,1281.543290415997,42.29233980178833,2578323,2026-09-17,"{""metrics.jsonl"":""logs/cosine/awc8/h80/lr-0.012-b1-0.9-b2-0.99/s43/metrics.jsonl"",""result.json"":""logs/cosine/awc8/h80/lr-0.012-b1-0.9-b2-0.99/s43/result.json"",""resolved.yaml"":""logs/cosine/awc8/h80/lr-0.012-b1-0.9-b2-0.99/s43/resolved.yaml"",""receipt.json"":""logs/cosine/awc8/h80/lr-0.012-b1-0.9-b2-0.99/s43/receipt.json"",""request.json"":""logs/cosine/awc8/h80/lr-0.012-b1-0.9-b2-0.99/s43/request.json"",""environment.json"":""shared/environment-8f7dac339b0fa4fcda90362709ce62d1c4483aa8d109c9a049ed5014546764df.json""}"
awc8-cosine-h80--0.012--0.9--0.99--s44,awc8,80,1544580.0772919222,1518206.1419279953,1402652.16862687,100.71248667999862,1264.4639559570005,42.29233980178833,2578324,2026-09-17,"{""metrics.jsonl"":""logs/cosine/awc8/h80/lr-0.012-b1-0.9-b2-0.99/s44/metrics.jsonl"",""result.json"":""logs/cosine/awc8/h80/lr-0.012-b1-0.9-b2-0.99/s44/result.json"",""resolved.yaml"":""logs/cosine/awc8/h80/lr-0.012-b1-0.9-b2-0.99/s44/resolved.yaml"",""receipt.json"":""logs/cosine/awc8/h80/lr-0.012-b1-0.9-b2-0.99/s44/receipt.json"",""request.json"":""logs/cosine/awc8/h80/lr-0.012-b1-0.9-b2-0.99/s44/request.json"",""environment.json"":""shared/environment-07aa0484e584e3a0dc78a654230e04f4a55ca9082e35d1baf5079e3f829b0dad.json""}"
awc8-cosine-h80--0.012--0.9--0.999--s42,awc8,80,1575160.632335118,1549207.521816136,1430201.9817336032,99.2394427449999,1240.575628781,42.29233980178833,2578325,2026-09-17,"{""metrics.jsonl"":""logs/cosine/awc8/h80/lr-0.012-b1-0.9-b2-0.999/s42/metrics.jsonl"",""result.json"":""logs/cosine/awc8/h80/lr-0.012-b1-0.9-b2-0.999/s42/result.json"",""resolved.yaml"":""logs/cosine/awc8/h80/lr-0.012-b1-0.9-b2-0.999/s42/resolved.yaml"",""receipt.json"":""logs/cosine/awc8/h80/lr-0.012-b1-0.9-b2-0.999/s42/receipt.json"",""request.json"":""logs/cosine/awc8/h80/lr-0.012-b1-0.9-b2-0.999/s42/request.json"",""environment.json"":""shared/environment-49af1dbfed5caf20131b28035ee5ad8635689919bf187b539e200a9e886c47ba.json""}"
awc8-cosine-h80--0.012--0.9--0.999--s43,awc8,80,1526448.7368106842,1499525.821232018,1384134.0081668615,99.59008311999787,1278.913358291,42.29233980178833,2578326,2026-09-17,"{""metrics.jsonl"":""logs/cosine/awc8/h80/lr-0.012-b1-0.9-b2-0.999/s43/metrics.jsonl"",""result.json"":""logs/cosine/awc8/h80/lr-0.012-b1-0.9-b2-0.999/s43/result.json"",""resolved.yaml"":""logs/cosine/awc8/h80/lr-0.012-b1-0.9-b2-0.999/s43/resolved.yaml"",""receipt.json"":""logs/cosine/awc8/h80/lr-0.012-b1-0.9-b2-0.999/s43/receipt.json"",""request.json"":""logs/cosine/awc8/h80/lr-0.012-b1-0.9-b2-0.999/s43/request.json"",""environment.json"":""shared/environment-27aecb37c57a68d4722700409f8efc4491643c9086410479cc60917572d65af3.json""}"
awc8-cosine-h80--0.012--0.9--0.999--s44,awc8,80,1551670.833010426,1523812.5928865492,1407468.512344069,99.79417097799887,1259.5637052459933,42.29233980178833,2578327,2026-09-17,"{""metrics.jsonl"":""logs/cosine/awc8/h80/lr-0.012-b1-0.9-b2-0.999/s44/metrics.jsonl"",""result.json"":""logs/cosine/awc8/h80/lr-0.012-b1-0.9-b2-0.999/s44/result.json"",""resolved.yaml"":""logs/cosine/awc8/h80/lr-0.012-b1-0.9-b2-0.999/s44/resolved.yaml"",""receipt.json"":""logs/cosine/awc8/h80/lr-0.012-b1-0.9-b2-0.999/s44/receipt.json"",""request.json"":""logs/cosine/awc8/h80/lr-0.012-b1-0.9-b2-0.999/s44/request.json"",""environment.json"":""shared/environment-8343bf035268e8d845dfa406c88161a8ed549730c7d7061017d078ab9d1ab355.json""}"
awc8-cosine-h80--0.012--0.95--0.99--s42,awc8,80,1540576.1465338415,1494076.4701013681,1380670.225633704,100.63245336399996,1283.172527843999,42.29233980178833,2577807,2026-09-17,"{""metrics.jsonl"":""logs/cosine/awc8/h80/lr-0.012-b1-0.95-b2-0.99/s42/metrics.jsonl"",""result.json"":""logs/cosine/awc8/h80/lr-0.012-b1-0.95-b2-0.99/s42/result.json"",""resolved.yaml"":""logs/cosine/awc8/h80/lr-0.012-b1-0.95-b2-0.99/s42/resolved.yaml"",""receipt.json"":""logs/cosine/awc8/h80/lr-0.012-b1-0.95-b2-0.99/s42/receipt.json"",""request.json"":""logs/cosine/awc8/h80/lr-0.012-b1-0.95-b2-0.99/s42/request.json"",""environment.json"":""shared/environment-e25eafb076d44a1a9be445eb9d73f309b28644124a3c8656f33df66fbb8b4137.json""}"
awc8-cosine-h80--0.012--0.95--0.99--s43,awc8,80,1549129.0076648996,1522723.0509331312,1405831.1848937033,100.90051380899968,1262.0167105990113,42.29233980178833,2578328,2026-09-17,"{""metrics.jsonl"":""logs/cosine/awc8/h80/lr-0.012-b1-0.95-b2-0.99/s43/metrics.jsonl"",""result.json"":""logs/cosine/awc8/h80/lr-0.012-b1-0.95-b2-0.99/s43/result.json"",""resolved.yaml"":""logs/cosine/awc8/h80/lr-0.012-b1-0.95-b2-0.99/s43/resolved.yaml"",""receipt.json"":""logs/cosine/awc8/h80/lr-0.012-b1-0.95-b2-0.99/s43/receipt.json"",""request.json"":""logs/cosine/awc8/h80/lr-0.012-b1-0.95-b2-0.99/s43/request.json"",""environment.json"":""shared/environment-e2026594d761941c63f2197e5e341f0396595ddbb8b998e1a48c8bdb446a1d45.json""}"
awc8-cosine-h80--0.012--0.95--0.99--s44,awc8,80,1530807.9858590355,1505681.215954563,1392519.0137338662,99.5431725649978,1271.752012271012,42.29233980178833,2578329,2026-09-17,"{""metrics.jsonl"":""logs/cosine/awc8/h80/lr-0.012-b1-0.95-b2-0.99/s44/metrics.jsonl"",""result.json"":""logs/cosine/awc8/h80/lr-0.012-b1-0.95-b2-0.99/s44/result.json"",""resolved.yaml"":""logs/cosine/awc8/h80/lr-0.012-b1-0.95-b2-0.99/s44/resolved.yaml"",""receipt.json"":""logs/cosine/awc8/h80/lr-0.012-b1-0.95-b2-0.99/s44/receipt.json"",""request.json"":""logs/cosine/awc8/h80/lr-0.012-b1-0.95-b2-0.99/s44/request.json"",""environment.json"":""shared/environment-e6cab47b909cbcf4f2f46f5cc426967efb8af0232fdfffeacfca560596247083.json""}"
awc8-cosine-h80--0.012--0.95--0.999--s42,awc8,80,1503831.9553516791,1479207.4557987538,1366849.8519383655,103.55164035699272,1297.7680391429894,42.29233980178833,2578330,2026-09-17,"{""metrics.jsonl"":""logs/cosine/awc8/h80/lr-0.012-b1-0.95-b2-0.999/s42/metrics.jsonl"",""result.json"":""logs/cosine/awc8/h80/lr-0.012-b1-0.95-b2-0.999/s42/result.json"",""resolved.yaml"":""logs/cosine/awc8/h80/lr-0.012-b1-0.95-b2-0.999/s42/resolved.yaml"",""receipt.json"":""logs/cosine/awc8/h80/lr-0.012-b1-0.95-b2-0.999/s42/receipt.json"",""request.json"":""logs/cosine/awc8/h80/lr-0.012-b1-0.95-b2-0.999/s42/request.json"",""environment.json"":""shared/environment-ebf9037acf53ce3c903b036af9362c78d2f6e17c72219a2c2449f2bb42df62b6.json""}"
awc8-cosine-h80--0.012--0.95--0.999--s43,awc8,80,1530084.9244853354,1504729.6485528473,1390403.2120597134,101.77734208002221,1275.786842439993,42.29233980178833,2578331,2026-09-17,"{""metrics.jsonl"":""logs/cosine/awc8/h80/lr-0.012-b1-0.95-b2-0.999/s43/metrics.jsonl"",""result.json"":""logs/cosine/awc8/h80/lr-0.012-b1-0.95-b2-0.999/s43/result.json"",""resolved.yaml"":""logs/cosine/awc8/h80/lr-0.012-b1-0.95-b2-0.999/s43/resolved.yaml"",""receipt.json"":""logs/cosine/awc8/h80/lr-0.012-b1-0.95-b2-0.999/s43/receipt.json"",""request.json"":""logs/cosine/awc8/h80/lr-0.012-b1-0.95-b2-0.999/s43/request.json"",""environment.json"":""shared/environment-a40c52e2854dd95dd98755023060357b1940b8152e0b66fe8c742f0e8627c1bf.json""}"
awc8-cosine-h80--0.012--0.95--0.999--s44,awc8,80,1547337.7078289203,1521661.7882200899,1405517.8941185814,100.50662346699391,1261.887783528,42.29233980178833,2578332,2026-09-17,"{""metrics.jsonl"":""logs/cosine/awc8/h80/lr-0.012-b1-0.95-b2-0.999/s44/metrics.jsonl"",""result.json"":""logs/cosine/awc8/h80/lr-0.012-b1-0.95-b2-0.999/s44/result.json"",""resolved.yaml"":""logs/cosine/awc8/h80/lr-0.012-b1-0.95-b2-0.999/s44/resolved.yaml"",""receipt.json"":""logs/cosine/awc8/h80/lr-0.012-b1-0.95-b2-0.999/s44/receipt.json"",""request.json"":""logs/cosine/awc8/h80/lr-0.012-b1-0.95-b2-0.999/s44/request.json"",""environment.json"":""shared/environment-d56d12ca549e10c6886f4bb82b331f29752d4f97e8ff594d1f25db7ce0a9b454.json""}"
awc8-cosine-h80--0.012--0.974--0.99--s42,awc8,80,1504498.5934047564,1478907.5056321777,1367215.010771129,102.49713183002314,1296.3937893049733,42.29233980178833,2578333,2026-09-17,"{""metrics.jsonl"":""logs/cosine/awc8/h80/lr-0.012-b1-0.974-b2-0.99/s42/metrics.jsonl"",""result.json"":""logs/cosine/awc8/h80/lr-0.012-b1-0.974-b2-0.99/s42/result.json"",""resolved.yaml"":""logs/cosine/awc8/h80/lr-0.012-b1-0.974-b2-0.99/s42/resolved.yaml"",""receipt.json"":""logs/cosine/awc8/h80/lr-0.012-b1-0.974-b2-0.99/s42/receipt.json"",""request.json"":""logs/cosine/awc8/h80/lr-0.012-b1-0.974-b2-0.99/s42/request.json"",""environment.json"":""shared/environment-715d75991291fbdc018fed5e645caf55ff59534a0c61a188dd4a8641f733f26a.json""}"
awc8-cosine-h80--0.012--0.974--0.99--s43,awc8,80,1553509.1516292489,1529152.878290282,1411792.9486581373,100.28394215300796,1256.4849803460093,42.29233980178833,2578542,2026-09-17,"{""metrics.jsonl"":""logs/cosine/awc8/h80/lr-0.012-b1-0.974-b2-0.99/s43/metrics.jsonl"",""result.json"":""logs/cosine/awc8/h80/lr-0.012-b1-0.974-b2-0.99/s43/result.json"",""resolved.yaml"":""logs/cosine/awc8/h80/lr-0.012-b1-0.974-b2-0.99/s43/resolved.yaml"",""receipt.json"":""logs/cosine/awc8/h80/lr-0.012-b1-0.974-b2-0.99/s43/receipt.json"",""request.json"":""logs/cosine/awc8/h80/lr-0.012-b1-0.974-b2-0.99/s43/request.json"",""environment.json"":""shared/environment-09df9f7c7c761a3e89484dc7bce455bdd127aae4a049d3428d0d43289c347424.json""}"
awc8-cosine-h80--0.012--0.974--0.99--s44,awc8,80,1557998.0816983946,1533161.4956045828,1414472.7682919817,100.21483793499647,1254.2476298029942,42.29233980178833,2578565,2026-09-17,"{""metrics.jsonl"":""logs/cosine/awc8/h80/lr-0.012-b1-0.974-b2-0.99/s44/metrics.jsonl"",""result.json"":""logs/cosine/awc8/h80/lr-0.012-b1-0.974-b2-0.99/s44/result.json"",""resolved.yaml"":""logs/cosine/awc8/h80/lr-0.012-b1-0.974-b2-0.99/s44/resolved.yaml"",""receipt.json"":""logs/cosine/awc8/h80/lr-0.012-b1-0.974-b2-0.99/s44/receipt.json"",""request.json"":""logs/cosine/awc8/h80/lr-0.012-b1-0.974-b2-0.99/s44/request.json"",""environment.json"":""shared/environment-f8f644ae9032a6a733cf98fc2f3872536708f9107b1e621757bceb58073701f9.json""}"
awc8-cosine-h80--0.012--0.974--0.999--s42,awc8,80,1523739.3214204796,1498155.2403847321,1385442.1312955965,100.47303462200034,1278.662933896001,42.29233980178833,2578567,2026-09-17,"{""metrics.jsonl"":""logs/cosine/awc8/h80/lr-0.012-b1-0.974-b2-0.999/s42/metrics.jsonl"",""result.json"":""logs/cosine/awc8/h80/lr-0.012-b1-0.974-b2-0.999/s42/result.json"",""resolved.yaml"":""logs/cosine/awc8/h80/lr-0.012-b1-0.974-b2-0.999/s42/resolved.yaml"",""receipt.json"":""logs/cosine/awc8/h80/lr-0.012-b1-0.974-b2-0.999/s42/receipt.json"",""request.json"":""logs/cosine/awc8/h80/lr-0.012-b1-0.974-b2-0.999/s42/request.json"",""environment.json"":""shared/environment-90eda87620b308993653a3d044ba7a7167aa46f98af9079599d0848b494fd251.json""}"
awc8-cosine-h80--0.012--0.974--0.999--s43,awc8,80,1519903.374374424,1495942.7627854394,1382420.3365375977,102.13260420100414,1282.9046011839819,42.29233980178833,2578568,2026-09-17,"{""metrics.jsonl"":""logs/cosine/awc8/h80/lr-0.012-b1-0.974-b2-0.999/s43/metrics.jsonl"",""result.json"":""logs/cosine/awc8/h80/lr-0.012-b1-0.974-b2-0.999/s43/result.json"",""resolved.yaml"":""logs/cosine/awc8/h80/lr-0.012-b1-0.974-b2-0.999/s43/resolved.yaml"",""receipt.json"":""logs/cosine/awc8/h80/lr-0.012-b1-0.974-b2-0.999/s43/receipt.json"",""request.json"":""logs/cosine/awc8/h80/lr-0.012-b1-0.974-b2-0.999/s43/request.json"",""environment.json"":""shared/environment-90fbbef0d456a62839142808998d7ac628e71097c1093cbc013f6fd4dbffa85d.json""}"
awc8-cosine-h80--0.012--0.974--0.999--s44,awc8,80,1521642.633846719,1496523.4051487625,1382442.9640863512,102.4200208010152,1283.1854721650016,42.29233980178833,2578569,2026-09-17,"{""metrics.jsonl"":""logs/cosine/awc8/h80/lr-0.012-b1-0.974-b2-0.999/s44/metrics.jsonl"",""result.json"":""logs/cosine/awc8/h80/lr-0.012-b1-0.974-b2-0.999/s44/result.json"",""resolved.yaml"":""logs/cosine/awc8/h80/lr-0.012-b1-0.974-b2-0.999/s44/resolved.yaml"",""receipt.json"":""logs/cosine/awc8/h80/lr-0.012-b1-0.974-b2-0.999/s44/receipt.json"",""request.json"":""logs/cosine/awc8/h80/lr-0.012-b1-0.974-b2-0.999/s44/request.json"",""environment.json"":""shared/environment-ca0bd3f5636d39b28fcfb91f73276be089cecb726701fd91632d6513d90f2c2f.json""}"
awc8-cosine-h80--0.013--0.9--0.99--s42,awc8,80,1519129.1976323538,1482865.4898048341,1370945.3201200818,102.16582342699985,1293.3557684240077,42.29233980178833,2581319,2026-09-17,"{""metrics.jsonl"":""logs/cosine/awc8/h80/lr-0.013-b1-0.9-b2-0.99/s42/metrics.jsonl"",""result.json"":""logs/cosine/awc8/h80/lr-0.013-b1-0.9-b2-0.99/s42/result.json"",""resolved.yaml"":""logs/cosine/awc8/h80/lr-0.013-b1-0.9-b2-0.99/s42/resolved.yaml"",""receipt.json"":""logs/cosine/awc8/h80/lr-0.013-b1-0.9-b2-0.99/s42/receipt.json"",""request.json"":""logs/cosine/awc8/h80/lr-0.013-b1-0.9-b2-0.99/s42/request.json"",""environment.json"":""shared/environment-4a589cf06bedd47e6e5bfabe6d1a61b2405c17d2cc8d217d86e14ccd3dfbf330.json""}"
awc8-cosine-h80--0.013--0.9--0.99--s43,awc8,80,1512116.7348595348,1475608.1727863075,1362954.889615743,99.44074300202192,1297.6213890379877,42.29233980178833,2581320,2026-09-17,"{""metrics.jsonl"":""logs/cosine/awc8/h80/lr-0.013-b1-0.9-b2-0.99/s43/metrics.jsonl"",""result.json"":""logs/cosine/awc8/h80/lr-0.013-b1-0.9-b2-0.99/s43/result.json"",""resolved.yaml"":""logs/cosine/awc8/h80/lr-0.013-b1-0.9-b2-0.99/s43/resolved.yaml"",""receipt.json"":""logs/cosine/awc8/h80/lr-0.013-b1-0.9-b2-0.99/s43/receipt.json"",""request.json"":""logs/cosine/awc8/h80/lr-0.013-b1-0.9-b2-0.99/s43/request.json"",""environment.json"":""shared/environment-204394a98a17deddc1f284183388b3594671dbfce19c1033f7b8c3cb87f064fe.json""}"
awc8-cosine-h80--0.013--0.9--0.99--s44,awc8,80,1520316.3395103582,1484026.9836502091,1370198.019293737,102.31463791399437,1294.1411819560017,42.29233980178833,2581321,2026-09-17,"{""metrics.jsonl"":""logs/cosine/awc8/h80/lr-0.013-b1-0.9-b2-0.99/s44/metrics.jsonl"",""result.json"":""logs/cosine/awc8/h80/lr-0.013-b1-0.9-b2-0.99/s44/result.json"",""resolved.yaml"":""logs/cosine/awc8/h80/lr-0.013-b1-0.9-b2-0.99/s44/resolved.yaml"",""receipt.json"":""logs/cosine/awc8/h80/lr-0.013-b1-0.9-b2-0.99/s44/receipt.json"",""request.json"":""logs/cosine/awc8/h80/lr-0.013-b1-0.9-b2-0.99/s44/request.json"",""environment.json"":""shared/environment-2ef9cd88cfac597644ccd4fb26135c408797c95153fec71c58cb5d790b0c43a7.json""}"
awc8-cosine-h80--0.013--0.9--0.999--s42,awc8,80,1563089.071982322,1538452.9892551077,1420482.7689004347,100.09948070699829,1249.245986846001,42.29233980178833,2581351,2026-09-17,"{""metrics.jsonl"":""logs/cosine/awc8/h80/lr-0.013-b1-0.9-b2-0.999/s42/metrics.jsonl"",""result.json"":""logs/cosine/awc8/h80/lr-0.013-b1-0.9-b2-0.999/s42/result.json"",""resolved.yaml"":""logs/cosine/awc8/h80/lr-0.013-b1-0.9-b2-0.999/s42/resolved.yaml"",""receipt.json"":""logs/cosine/awc8/h80/lr-0.013-b1-0.9-b2-0.999/s42/receipt.json"",""request.json"":""logs/cosine/awc8/h80/lr-0.013-b1-0.9-b2-0.999/s42/request.json"",""environment.json"":""shared/environment-ebb10131ae23484c6e29b107af1c571360acece76ac84483baefb7d147112f3f.json""}"
awc8-cosine-h80--0.013--0.9--0.999--s43,awc8,80,1504969.3671158417,1442126.8443895609,1334895.6662580047,103.16961176498444,1326.490232865006,42.29233980178833,2581352,2026-09-17,"{""metrics.jsonl"":""logs/cosine/awc8/h80/lr-0.013-b1-0.9-b2-0.999/s43/metrics.jsonl"",""result.json"":""logs/cosine/awc8/h80/lr-0.013-b1-0.9-b2-0.999/s43/result.json"",""resolved.yaml"":""logs/cosine/awc8/h80/lr-0.013-b1-0.9-b2-0.999/s43/resolved.yaml"",""receipt.json"":""logs/cosine/awc8/h80/lr-0.013-b1-0.9-b2-0.999/s43/receipt.json"",""request.json"":""logs/cosine/awc8/h80/lr-0.013-b1-0.9-b2-0.999/s43/request.json"",""environment.json"":""shared/environment-b6b2134699d20969939c855e6840c80cc325e6e8c9145ca79d924d968205ffa1.json""}"
awc8-cosine-h80--0.013--0.9--0.999--s44,awc8,80,1499361.7803993484,1437154.3425063542,1332417.4991193123,100.22569431099691,1325.8420191360055,42.29233980178833,2581353,2026-09-17,"{""metrics.jsonl"":""logs/cosine/awc8/h80/lr-0.013-b1-0.9-b2-0.999/s44/metrics.jsonl"",""result.json"":""logs/cosine/awc8/h80/lr-0.013-b1-0.9-b2-0.999/s44/result.json"",""resolved.yaml"":""logs/cosine/awc8/h80/lr-0.013-b1-0.9-b2-0.999/s44/resolved.yaml"",""receipt.json"":""logs/cosine/awc8/h80/lr-0.013-b1-0.9-b2-0.999/s44/receipt.json"",""request.json"":""logs/cosine/awc8/h80/lr-0.013-b1-0.9-b2-0.999/s44/request.json"",""environment.json"":""shared/environment-feb121c3b3aa39188302ed84f106c133b48ee2387586d51ecf19822926c2e8b6.json""}"
awc8-cosine-h80--0.013--0.95--0.99--s42,awc8,80,1537092.5442190599,1511379.1502778693,1378647.5679589515,100.70220736599913,1284.695109620001,42.29233980178833,2579930,2026-09-17,"{""metrics.jsonl"":""logs/cosine/awc8/h80/lr-0.013-b1-0.95-b2-0.99/s42/metrics.jsonl"",""result.json"":""logs/cosine/awc8/h80/lr-0.013-b1-0.95-b2-0.99/s42/result.json"",""resolved.yaml"":""logs/cosine/awc8/h80/lr-0.013-b1-0.95-b2-0.99/s42/resolved.yaml"",""receipt.json"":""logs/cosine/awc8/h80/lr-0.013-b1-0.95-b2-0.99/s42/receipt.json"",""request.json"":""logs/cosine/awc8/h80/lr-0.013-b1-0.95-b2-0.99/s42/request.json"",""environment.json"":""shared/environment-039b4c7dba44ae97183878643528a16fd691b8140d09d478dfb5a222bbc2b417.json""}"
awc8-cosine-h80--0.013--0.95--0.99--s43,awc8,80,1531381.8452143932,1506350.4549429733,1390983.8920381078,101.41852500900859,1274.9418401000003,42.29233980178833,2581563,2026-09-17,"{""metrics.jsonl"":""logs/cosine/awc8/h80/lr-0.013-b1-0.95-b2-0.99/s43/metrics.jsonl"",""result.json"":""logs/cosine/awc8/h80/lr-0.013-b1-0.95-b2-0.99/s43/result.json"",""resolved.yaml"":""logs/cosine/awc8/h80/lr-0.013-b1-0.95-b2-0.99/s43/resolved.yaml"",""receipt.json"":""logs/cosine/awc8/h80/lr-0.013-b1-0.95-b2-0.99/s43/receipt.json"",""request.json"":""logs/cosine/awc8/h80/lr-0.013-b1-0.95-b2-0.99/s43/request.json"",""environment.json"":""shared/environment-e20e73d3842c7c1381a1fce7f4825da6883585caf92d071ba506e432b09e2b0b.json""}"
awc8-cosine-h80--0.013--0.95--0.99--s44,awc8,80,1551335.9522320866,1525399.260604702,1408549.8794762618,100.53789775900077,1259.4505787289963,42.29233980178833,2581564,2026-09-17,"{""metrics.jsonl"":""logs/cosine/awc8/h80/lr-0.013-b1-0.95-b2-0.99/s44/metrics.jsonl"",""result.json"":""logs/cosine/awc8/h80/lr-0.013-b1-0.95-b2-0.99/s44/result.json"",""resolved.yaml"":""logs/cosine/awc8/h80/lr-0.013-b1-0.95-b2-0.99/s44/resolved.yaml"",""receipt.json"":""logs/cosine/awc8/h80/lr-0.013-b1-0.95-b2-0.99/s44/receipt.json"",""request.json"":""logs/cosine/awc8/h80/lr-0.013-b1-0.95-b2-0.99/s44/request.json"",""environment.json"":""shared/environment-28748882e592a52707966aeb50f94bbfa18ab2435521c5d6bf41fbe19e804dc9.json""}"
awc8-cosine-h80--0.013--0.95--0.999--s42,awc8,80,1510966.956123079,1487450.0898734324,1375824.1049604272,100.28783732999,1286.7217647450161,42.29233980178833,2581661,2026-09-17,"{""metrics.jsonl"":""logs/cosine/awc8/h80/lr-0.013-b1-0.95-b2-0.999/s42/metrics.jsonl"",""result.json"":""logs/cosine/awc8/h80/lr-0.013-b1-0.95-b2-0.999/s42/result.json"",""resolved.yaml"":""logs/cosine/awc8/h80/lr-0.013-b1-0.95-b2-0.999/s42/resolved.yaml"",""receipt.json"":""logs/cosine/awc8/h80/lr-0.013-b1-0.95-b2-0.999/s42/receipt.json"",""request.json"":""logs/cosine/awc8/h80/lr-0.013-b1-0.95-b2-0.999/s42/request.json"",""environment.json"":""shared/environment-c7af0a00d82d354f368977bd510382aa7d9478068316e2b429991b695128c2ec.json""}"
awc8-cosine-h80--0.013--0.95--0.999--s43,awc8,80,1521282.4555100533,1495912.9132350306,1382064.76225127,102.19333466899116,1283.291534013988,42.29233980178833,2581662,2026-09-17,"{""metrics.jsonl"":""logs/cosine/awc8/h80/lr-0.013-b1-0.95-b2-0.999/s43/metrics.jsonl"",""result.json"":""logs/cosine/awc8/h80/lr-0.013-b1-0.95-b2-0.999/s43/result.json"",""resolved.yaml"":""logs/cosine/awc8/h80/lr-0.013-b1-0.95-b2-0.999/s43/resolved.yaml"",""receipt.json"":""logs/cosine/awc8/h80/lr-0.013-b1-0.95-b2-0.999/s43/receipt.json"",""request.json"":""logs/cosine/awc8/h80/lr-0.013-b1-0.95-b2-0.999/s43/request.json"",""environment.json"":""shared/environment-16058751ffe7fd526c990f7415668701f95e0c1508d1cd3d2007bec2c408aee4.json""}"
awc8-cosine-h80--0.013--0.95--0.999--s44,awc8,80,1522804.298166964,1458570.0058340086,1349557.4311640577,102.26308517702273,1312.404239927011,42.29233980178833,2581663,2026-09-17,"{""metrics.jsonl"":""logs/cosine/awc8/h80/lr-0.013-b1-0.95-b2-0.999/s44/metrics.jsonl"",""result.json"":""logs/cosine/awc8/h80/lr-0.013-b1-0.95-b2-0.999/s44/result.json"",""resolved.yaml"":""logs/cosine/awc8/h80/lr-0.013-b1-0.95-b2-0.999/s44/resolved.yaml"",""receipt.json"":""logs/cosine/awc8/h80/lr-0.013-b1-0.95-b2-0.999/s44/receipt.json"",""request.json"":""logs/cosine/awc8/h80/lr-0.013-b1-0.95-b2-0.999/s44/request.json"",""environment.json"":""shared/environment-dbcfe189cb0e47b46b842d41dd8a7069cb3ba6138009a6697c90812a0f1ea39b.json""}"
awc8-cosine-h80--0.013--0.974--0.99--s42,awc8,80,1522088.3794607741,1469059.0971081767,1360351.4175364573,99.93528912001057,1300.2385095719947,42.29233980178833,2581667,2026-09-17,"{""metrics.jsonl"":""logs/cosine/awc8/h80/lr-0.013-b1-0.974-b2-0.99/s42/metrics.jsonl"",""result.json"":""logs/cosine/awc8/h80/lr-0.013-b1-0.974-b2-0.99/s42/result.json"",""resolved.yaml"":""logs/cosine/awc8/h80/lr-0.013-b1-0.974-b2-0.99/s42/resolved.yaml"",""receipt.json"":""logs/cosine/awc8/h80/lr-0.013-b1-0.974-b2-0.99/s42/receipt.json"",""request.json"":""logs/cosine/awc8/h80/lr-0.013-b1-0.974-b2-0.99/s42/request.json"",""environment.json"":""shared/environment-430baa034a3896447980b423af56702d39c8d132416f3b603f31655a2ff8eed9.json""}"
awc8-cosine-h80--0.013--0.974--0.99--s43,awc8,80,1503291.4505253842,1479354.925701172,1368233.5426297295,99.9136976749869,1292.9316407579754,42.29233980178833,2581921,2026-09-17,"{""metrics.jsonl"":""logs/cosine/awc8/h80/lr-0.013-b1-0.974-b2-0.99/s43/metrics.jsonl"",""result.json"":""logs/cosine/awc8/h80/lr-0.013-b1-0.974-b2-0.99/s43/result.json"",""resolved.yaml"":""logs/cosine/awc8/h80/lr-0.013-b1-0.974-b2-0.99/s43/resolved.yaml"",""receipt.json"":""logs/cosine/awc8/h80/lr-0.013-b1-0.974-b2-0.99/s43/receipt.json"",""request.json"":""logs/cosine/awc8/h80/lr-0.013-b1-0.974-b2-0.99/s43/request.json"",""environment.json"":""shared/environment-08dc66ea65e5d6efddd90f85ac97a70b3ec7d3bf5cadcb3c6adc39508152a5fa.json""}"
awc8-cosine-h80--0.013--0.974--0.99--s44,awc8,80,1513198.2212303728,1488303.823524915,1376742.2122449584,99.80125619399996,1285.454332624,42.29233980178833,2581923,2026-09-17,"{""metrics.jsonl"":""logs/cosine/awc8/h80/lr-0.013-b1-0.974-b2-0.99/s44/metrics.jsonl"",""result.json"":""logs/cosine/awc8/h80/lr-0.013-b1-0.974-b2-0.99/s44/result.json"",""resolved.yaml"":""logs/cosine/awc8/h80/lr-0.013-b1-0.974-b2-0.99/s44/resolved.yaml"",""receipt.json"":""logs/cosine/awc8/h80/lr-0.013-b1-0.974-b2-0.99/s44/receipt.json"",""request.json"":""logs/cosine/awc8/h80/lr-0.013-b1-0.974-b2-0.99/s44/request.json"",""environment.json"":""shared/environment-6bfefe9649d1613b17d56d0f0d986f44deb10ccc1c44e13640b9560a688cb367.json""}"
awc8-cosine-h80--0.013--0.974--0.999--s42,awc8,80,1531406.6403141024,1507213.3536172363,1386108.9723997873,101.71891501999926,1279.3642354809854,42.29233980178833,2582044,2026-09-17,"{""metrics.jsonl"":""logs/cosine/awc8/h80/lr-0.013-b1-0.974-b2-0.999/s42/metrics.jsonl"",""result.json"":""logs/cosine/awc8/h80/lr-0.013-b1-0.974-b2-0.999/s42/result.json"",""resolved.yaml"":""logs/cosine/awc8/h80/lr-0.013-b1-0.974-b2-0.999/s42/resolved.yaml"",""receipt.json"":""logs/cosine/awc8/h80/lr-0.013-b1-0.974-b2-0.999/s42/receipt.json"",""request.json"":""logs/cosine/awc8/h80/lr-0.013-b1-0.974-b2-0.999/s42/request.json"",""environment.json"":""shared/environment-0579cb9662e8098bc866fd036c1ebc6b5e157d550980e3653ff1ba22bc14ad11.json""}"
awc8-cosine-h80--0.013--0.974--0.999--s43,awc8,80,1479758.165331178,1456461.6012060693,1348040.9286723528,100.95612867599993,1311.845900748,42.29233980178833,2582045,2026-09-17,"{""metrics.jsonl"":""logs/cosine/awc8/h80/lr-0.013-b1-0.974-b2-0.999/s43/metrics.jsonl"",""result.json"":""logs/cosine/awc8/h80/lr-0.013-b1-0.974-b2-0.999/s43/result.json"",""resolved.yaml"":""logs/cosine/awc8/h80/lr-0.013-b1-0.974-b2-0.999/s43/resolved.yaml"",""receipt.json"":""logs/cosine/awc8/h80/lr-0.013-b1-0.974-b2-0.999/s43/receipt.json"",""request.json"":""logs/cosine/awc8/h80/lr-0.013-b1-0.974-b2-0.999/s43/request.json"",""environment.json"":""shared/environment-f445c35ebf3e25bff9856a74fb16952f80c3be745c0ea5d364d7b989cce66327.json""}"
awc8-cosine-h80--0.013--0.974--0.999--s44,awc8,80,1521598.1589186313,1495953.4906571272,1381031.8301539612,102.39890930499996,1284.359488058,42.29233980178833,2582046,2026-09-17,"{""metrics.jsonl"":""logs/cosine/awc8/h80/lr-0.013-b1-0.974-b2-0.999/s44/metrics.jsonl"",""result.json"":""logs/cosine/awc8/h80/lr-0.013-b1-0.974-b2-0.999/s44/result.json"",""resolved.yaml"":""logs/cosine/awc8/h80/lr-0.013-b1-0.974-b2-0.999/s44/resolved.yaml"",""receipt.json"":""logs/cosine/awc8/h80/lr-0.013-b1-0.974-b2-0.999/s44/receipt.json"",""request.json"":""logs/cosine/awc8/h80/lr-0.013-b1-0.974-b2-0.999/s44/request.json"",""environment.json"":""shared/environment-c92e43ad994e586d34ee5d6b703d3c29ecf1934908f7e79cec976d360bc412a0.json""}"
awc8-cosine-h80--0.014--0.9--0.99--s42,awc8,80,1548711.2390281528,1511266.5118286018,1396282.3291734257,100.79207791099907,1270.3650548880105,42.29233980178833,2581322,2026-09-17,"{""metrics.jsonl"":""logs/cosine/awc8/h80/lr-0.014-b1-0.9-b2-0.99/s42/metrics.jsonl"",""result.json"":""logs/cosine/awc8/h80/lr-0.014-b1-0.9-b2-0.99/s42/result.json"",""resolved.yaml"":""logs/cosine/awc8/h80/lr-0.014-b1-0.9-b2-0.99/s42/resolved.yaml"",""receipt.json"":""logs/cosine/awc8/h80/lr-0.014-b1-0.9-b2-0.99/s42/receipt.json"",""request.json"":""logs/cosine/awc8/h80/lr-0.014-b1-0.9-b2-0.99/s42/request.json"",""environment.json"":""shared/environment-5cc114744f1d77d7daae46589a20873ab27b2ca6eb8044a687caab2717a235df.json""}"
awc8-cosine-h80--0.014--0.9--0.99--s43,awc8,80,1515918.0755459203,1492217.9625314146,1378086.8977738563,101.7885324700037,1286.2897519029939,42.29233980178833,2581349,2026-09-17,"{""metrics.jsonl"":""logs/cosine/awc8/h80/lr-0.014-b1-0.9-b2-0.99/s43/metrics.jsonl"",""result.json"":""logs/cosine/awc8/h80/lr-0.014-b1-0.9-b2-0.99/s43/result.json"",""resolved.yaml"":""logs/cosine/awc8/h80/lr-0.014-b1-0.9-b2-0.99/s43/resolved.yaml"",""receipt.json"":""logs/cosine/awc8/h80/lr-0.014-b1-0.9-b2-0.99/s43/receipt.json"",""request.json"":""logs/cosine/awc8/h80/lr-0.014-b1-0.9-b2-0.99/s43/request.json"",""environment.json"":""shared/environment-ffd2a3678c938bb8eb5e5ddac14e20c413e4806e9cb950718ab7907c32c3f2ed.json""}"
awc8-cosine-h80--0.014--0.9--0.99--s44,awc8,80,1535241.2226199957,1511445.9762123942,1395539.8385732414,102.1272805200133,1271.7952676709974,42.29233980178833,2581350,2026-09-17,"{""metrics.jsonl"":""logs/cosine/awc8/h80/lr-0.014-b1-0.9-b2-0.99/s44/metrics.jsonl"",""result.json"":""logs/cosine/awc8/h80/lr-0.014-b1-0.9-b2-0.99/s44/result.json"",""resolved.yaml"":""logs/cosine/awc8/h80/lr-0.014-b1-0.9-b2-0.99/s44/resolved.yaml"",""receipt.json"":""logs/cosine/awc8/h80/lr-0.014-b1-0.9-b2-0.99/s44/receipt.json"",""request.json"":""logs/cosine/awc8/h80/lr-0.014-b1-0.9-b2-0.99/s44/request.json"",""environment.json"":""shared/environment-5c41791b5beb7ecd6ecb5cc9934c798483b1dbda71b4364d2f1b7bfe79feb5c7.json""}"
awc8-cosine-h80--0.014--0.9--0.999--s42,awc8,80,1495864.9818941304,1473184.8209653182,1362092.0610794064,102.83108097899822,1301.241696194018,42.29233980178833,2581354,2026-09-17,"{""metrics.jsonl"":""logs/cosine/awc8/h80/lr-0.014-b1-0.9-b2-0.999/s42/metrics.jsonl"",""result.json"":""logs/cosine/awc8/h80/lr-0.014-b1-0.9-b2-0.999/s42/result.json"",""resolved.yaml"":""logs/cosine/awc8/h80/lr-0.014-b1-0.9-b2-0.999/s42/resolved.yaml"",""receipt.json"":""logs/cosine/awc8/h80/lr-0.014-b1-0.9-b2-0.999/s42/receipt.json"",""request.json"":""logs/cosine/awc8/h80/lr-0.014-b1-0.9-b2-0.999/s42/request.json"",""environment.json"":""shared/environment-b46024fce7db635bb61764a1f844809c11bd9afaec8dd7bd0928e17edecb941b.json""}"
awc8-cosine-h80--0.014--0.9--0.999--s43,awc8,80,1515320.5145882433,1487905.4701756528,1374377.54393258,102.35846764200005,1290.0533657239998,42.29233980178833,2581355,2026-09-17,"{""metrics.jsonl"":""logs/cosine/awc8/h80/lr-0.014-b1-0.9-b2-0.999/s43/metrics.jsonl"",""result.json"":""logs/cosine/awc8/h80/lr-0.014-b1-0.9-b2-0.999/s43/result.json"",""resolved.yaml"":""logs/cosine/awc8/h80/lr-0.014-b1-0.9-b2-0.999/s43/resolved.yaml"",""receipt.json"":""logs/cosine/awc8/h80/lr-0.014-b1-0.9-b2-0.999/s43/receipt.json"",""request.json"":""logs/cosine/awc8/h80/lr-0.014-b1-0.9-b2-0.999/s43/request.json"",""environment.json"":""shared/environment-97f282e36e22740717454c058ff486f2be718e97a9d4eccb8cf5b6f9ce4bc3b6.json""}"
awc8-cosine-h80--0.014--0.9--0.999--s44,awc8,80,1521525.6130891044,1494830.244712038,1380587.0239379609,102.36807599900021,1284.6947199180001,42.29233980178833,2581356,2026-09-17,"{""metrics.jsonl"":""logs/cosine/awc8/h80/lr-0.014-b1-0.9-b2-0.999/s44/metrics.jsonl"",""result.json"":""logs/cosine/awc8/h80/lr-0.014-b1-0.9-b2-0.999/s44/result.json"",""resolved.yaml"":""logs/cosine/awc8/h80/lr-0.014-b1-0.9-b2-0.999/s44/resolved.yaml"",""receipt.json"":""logs/cosine/awc8/h80/lr-0.014-b1-0.9-b2-0.999/s44/receipt.json"",""request.json"":""logs/cosine/awc8/h80/lr-0.014-b1-0.9-b2-0.999/s44/request.json"",""environment.json"":""shared/environment-aa7c8a905f5b29d5483ccc4d7878acaf6d88098fcca35366198aab1168b54624.json""}"
awc8-cosine-h80--0.014--0.95--0.99--s42,awc8,80,1482445.7738535616,1460240.4322545065,1351692.8546902246,101.11018545500701,1308.7210133289918,42.29233980178833,2581658,2026-09-17,"{""metrics.jsonl"":""logs/cosine/awc8/h80/lr-0.014-b1-0.95-b2-0.99/s42/metrics.jsonl"",""result.json"":""logs/cosine/awc8/h80/lr-0.014-b1-0.95-b2-0.99/s42/result.json"",""resolved.yaml"":""logs/cosine/awc8/h80/lr-0.014-b1-0.95-b2-0.99/s42/resolved.yaml"",""receipt.json"":""logs/cosine/awc8/h80/lr-0.014-b1-0.95-b2-0.99/s42/receipt.json"",""request.json"":""logs/cosine/awc8/h80/lr-0.014-b1-0.95-b2-0.99/s42/request.json"",""environment.json"":""shared/environment-0a4b5fc9308045398e3dd254e99ed6a65e24b1c9d32b50b8eab6fcf226cdbb09.json""}"
awc8-cosine-h80--0.014--0.95--0.99--s43,awc8,80,1545571.072713102,1520972.1550015477,1404639.40971185,100.91204779900727,1263.013487652992,42.29233980178833,2581659,2026-09-17,"{""metrics.jsonl"":""logs/cosine/awc8/h80/lr-0.014-b1-0.95-b2-0.99/s43/metrics.jsonl"",""result.json"":""logs/cosine/awc8/h80/lr-0.014-b1-0.95-b2-0.99/s43/result.json"",""resolved.yaml"":""logs/cosine/awc8/h80/lr-0.014-b1-0.95-b2-0.99/s43/resolved.yaml"",""receipt.json"":""logs/cosine/awc8/h80/lr-0.014-b1-0.95-b2-0.99/s43/receipt.json"",""request.json"":""logs/cosine/awc8/h80/lr-0.014-b1-0.95-b2-0.99/s43/request.json"",""environment.json"":""shared/environment-ea3e266960e4c03dc86e84fb068ee93807e4c66be704ba7a5284e6cdf43581e5.json""}"
awc8-cosine-h80--0.014--0.95--0.99--s44,awc8,80,1512753.7945951452,1449253.849061983,1343103.8249955042,99.80758945998969,1315.767479999995,42.29233980178833,2581660,2026-09-17,"{""metrics.jsonl"":""logs/cosine/awc8/h80/lr-0.014-b1-0.95-b2-0.99/s44/metrics.jsonl"",""result.json"":""logs/cosine/awc8/h80/lr-0.014-b1-0.95-b2-0.99/s44/result.json"",""resolved.yaml"":""logs/cosine/awc8/h80/lr-0.014-b1-0.95-b2-0.99/s44/resolved.yaml"",""receipt.json"":""logs/cosine/awc8/h80/lr-0.014-b1-0.95-b2-0.99/s44/receipt.json"",""request.json"":""logs/cosine/awc8/h80/lr-0.014-b1-0.95-b2-0.99/s44/request.json"",""environment.json"":""shared/environment-90f137a31a3f34a121110b40989be5db3ae449ff224724d99687f5e4e117ea1b.json""}"
awc8-cosine-h80--0.014--0.95--0.999--s42,awc8,80,1524908.9780438363,1499976.9343994083,1386192.9838732819,101.1814245429996,1278.7403670890199,42.29233980178833,2581664,2026-09-17,"{""metrics.jsonl"":""logs/cosine/awc8/h80/lr-0.014-b1-0.95-b2-0.999/s42/metrics.jsonl"",""result.json"":""logs/cosine/awc8/h80/lr-0.014-b1-0.95-b2-0.999/s42/result.json"",""resolved.yaml"":""logs/cosine/awc8/h80/lr-0.014-b1-0.95-b2-0.999/s42/resolved.yaml"",""receipt.json"":""logs/cosine/awc8/h80/lr-0.014-b1-0.95-b2-0.999/s42/receipt.json"",""request.json"":""logs/cosine/awc8/h80/lr-0.014-b1-0.95-b2-0.999/s42/request.json"",""environment.json"":""shared/environment-cbd0e9c389f1d2767991d49d33c223dc12ef13095ee200b2e3bf8f84105d091d.json""}"
awc8-cosine-h80--0.014--0.95--0.999--s43,awc8,80,1489463.5985081715,1466517.0309903296,1357502.9983197981,100.79807491999236,1303.267305690999,42.29233980178833,2581665,2026-09-17,"{""metrics.jsonl"":""logs/cosine/awc8/h80/lr-0.014-b1-0.95-b2-0.999/s43/metrics.jsonl"",""result.json"":""logs/cosine/awc8/h80/lr-0.014-b1-0.95-b2-0.999/s43/result.json"",""resolved.yaml"":""logs/cosine/awc8/h80/lr-0.014-b1-0.95-b2-0.999/s43/resolved.yaml"",""receipt.json"":""logs/cosine/awc8/h80/lr-0.014-b1-0.95-b2-0.999/s43/receipt.json"",""request.json"":""logs/cosine/awc8/h80/lr-0.014-b1-0.95-b2-0.999/s43/request.json"",""environment.json"":""shared/environment-e4d1ba731c81ce077d9874117de06c9a4d3114634fa6719d1d44760f916f4507.json""}"
awc8-cosine-h80--0.014--0.95--0.999--s44,awc8,80,1532416.1290347937,1467403.5334474293,1357596.351334917,101.55514510000648,1304.5469984039955,42.29233980178833,2581666,2026-09-17,"{""metrics.jsonl"":""logs/cosine/awc8/h80/lr-0.014-b1-0.95-b2-0.999/s44/metrics.jsonl"",""result.json"":""logs/cosine/awc8/h80/lr-0.014-b1-0.95-b2-0.999/s44/result.json"",""resolved.yaml"":""logs/cosine/awc8/h80/lr-0.014-b1-0.95-b2-0.999/s44/resolved.yaml"",""receipt.json"":""logs/cosine/awc8/h80/lr-0.014-b1-0.95-b2-0.999/s44/receipt.json"",""request.json"":""logs/cosine/awc8/h80/lr-0.014-b1-0.95-b2-0.999/s44/request.json"",""environment.json"":""shared/environment-f2fa2447d8198206b327ff1f5fd78dd37204c645cc0161e48209070d683524f5.json""}"
awc8-cosine-h80--0.014--0.974--0.99--s42,awc8,80,1479827.1479384464,1427089.4345184215,1322345.2878023174,101.01741787799983,1335.7934604470001,42.29233980178833,2581924,2026-09-17,"{""metrics.jsonl"":""logs/cosine/awc8/h80/lr-0.014-b1-0.974-b2-0.99/s42/metrics.jsonl"",""result.json"":""logs/cosine/awc8/h80/lr-0.014-b1-0.974-b2-0.99/s42/result.json"",""resolved.yaml"":""logs/cosine/awc8/h80/lr-0.014-b1-0.974-b2-0.99/s42/resolved.yaml"",""receipt.json"":""logs/cosine/awc8/h80/lr-0.014-b1-0.974-b2-0.99/s42/receipt.json"",""request.json"":""logs/cosine/awc8/h80/lr-0.014-b1-0.974-b2-0.99/s42/request.json"",""environment.json"":""shared/environment-6f81aa51369939090b9a58f2c36a16b85f1d255f11a981bab83a89087e10190f.json""}"
awc8-cosine-h80--0.014--0.974--0.99--s43,awc8,80,1512537.9230276619,1457979.569563736,1341766.6860373279,102.34295212299912,1319.2654211909976,42.29233980178833,2581972,2026-09-17,"{""metrics.jsonl"":""logs/cosine/awc8/h80/lr-0.014-b1-0.974-b2-0.99/s43/metrics.jsonl"",""result.json"":""logs/cosine/awc8/h80/lr-0.014-b1-0.974-b2-0.99/s43/result.json"",""resolved.yaml"":""logs/cosine/awc8/h80/lr-0.014-b1-0.974-b2-0.99/s43/resolved.yaml"",""receipt.json"":""logs/cosine/awc8/h80/lr-0.014-b1-0.974-b2-0.99/s43/receipt.json"",""request.json"":""logs/cosine/awc8/h80/lr-0.014-b1-0.974-b2-0.99/s43/request.json"",""environment.json"":""shared/environment-f8f2be82185a592ec58853a6c2bd489dc1c594f73db88fbc11a6c8b878dcac01.json""}"
awc8-cosine-h80--0.014--0.974--0.99--s44,awc8,80,1548924.024944411,1522946.2180150046,1404967.1407387487,100.7085503039998,1262.5558105290002,42.29233980178833,2581973,2026-09-17,"{""metrics.jsonl"":""logs/cosine/awc8/h80/lr-0.014-b1-0.974-b2-0.99/s44/metrics.jsonl"",""result.json"":""logs/cosine/awc8/h80/lr-0.014-b1-0.974-b2-0.99/s44/result.json"",""resolved.yaml"":""logs/cosine/awc8/h80/lr-0.014-b1-0.974-b2-0.99/s44/resolved.yaml"",""receipt.json"":""logs/cosine/awc8/h80/lr-0.014-b1-0.974-b2-0.99/s44/receipt.json"",""request.json"":""logs/cosine/awc8/h80/lr-0.014-b1-0.974-b2-0.99/s44/request.json"",""environment.json"":""shared/environment-2684c62f7a37dc0a46d5d58fa54704d4f22c83119ef5c9e830a9fb5fde4b26ae.json""}"
awc8-cosine-h80--0.014--0.974--0.999--s42,awc8,80,1542033.799024474,1514945.8012328371,1399225.190567741,100.45849673200064,1267.0642614970002,42.29233980178833,2582047,2026-09-17,"{""metrics.jsonl"":""logs/cosine/awc8/h80/lr-0.014-b1-0.974-b2-0.999/s42/metrics.jsonl"",""result.json"":""logs/cosine/awc8/h80/lr-0.014-b1-0.974-b2-0.999/s42/result.json"",""resolved.yaml"":""logs/cosine/awc8/h80/lr-0.014-b1-0.974-b2-0.999/s42/resolved.yaml"",""receipt.json"":""logs/cosine/awc8/h80/lr-0.014-b1-0.974-b2-0.999/s42/receipt.json"",""request.json"":""logs/cosine/awc8/h80/lr-0.014-b1-0.974-b2-0.999/s42/request.json"",""environment.json"":""shared/environment-7e21004c4274fc1af4638d0df966665a36e4cc0ee466b7b275236941c3153363.json""}"
awc8-cosine-h80--0.014--0.974--0.999--s43,awc8,80,1554176.4931265218,1529327.2858684808,1404184.0749885936,100.5666205460002,1263.0476710519997,42.29233980178833,2582048,2026-09-17,"{""metrics.jsonl"":""logs/cosine/awc8/h80/lr-0.014-b1-0.974-b2-0.999/s43/metrics.jsonl"",""result.json"":""logs/cosine/awc8/h80/lr-0.014-b1-0.974-b2-0.999/s43/result.json"",""resolved.yaml"":""logs/cosine/awc8/h80/lr-0.014-b1-0.974-b2-0.999/s43/resolved.yaml"",""receipt.json"":""logs/cosine/awc8/h80/lr-0.014-b1-0.974-b2-0.999/s43/receipt.json"",""request.json"":""logs/cosine/awc8/h80/lr-0.014-b1-0.974-b2-0.999/s43/request.json"",""environment.json"":""shared/environment-93bbd255f9ffe4ffbf2490e61f0644bf1b4320fcb0f0214fa2bdf4c1c770c346.json""}"
awc8-cosine-h80--0.014--0.974--0.999--s44,awc8,80,1522213.3411746006,1499043.7907834288,1385643.9912443422,101.09211654099636,1279.1074014350015,42.29233980178833,2582049,2026-09-17,"{""metrics.jsonl"":""logs/cosine/awc8/h80/lr-0.014-b1-0.974-b2-0.999/s44/metrics.jsonl"",""result.json"":""logs/cosine/awc8/h80/lr-0.014-b1-0.974-b2-0.999/s44/result.json"",""resolved.yaml"":""logs/cosine/awc8/h80/lr-0.014-b1-0.974-b2-0.999/s44/resolved.yaml"",""receipt.json"":""logs/cosine/awc8/h80/lr-0.014-b1-0.974-b2-0.999/s44/receipt.json"",""request.json"":""logs/cosine/awc8/h80/lr-0.014-b1-0.974-b2-0.999/s44/request.json"",""environment.json"":""shared/environment-6d0d6491a8a8bebe2d586e10eef456f1499a05eb725b0c7df8ba72803d862341.json""}"
sync-cosine-h80--0.004--0.9--0.98--s42,sync,80,1751530.453145522,1661089.6983206936,1522363.7592098708,101.07774882299418,1174.142564365,39.47825336456299,2558442,2026-09-16,"{""metrics.jsonl"":""logs/cosine/sync/h80/lr-0.004-b1-0.9-b2-0.98/s42/metrics.jsonl"",""result.json"":""logs/cosine/sync/h80/lr-0.004-b1-0.9-b2-0.98/s42/result.json"",""resolved.yaml"":""logs/cosine/sync/h80/lr-0.004-b1-0.9-b2-0.98/s42/resolved.yaml"",""receipt.json"":""logs/cosine/sync/h80/lr-0.004-b1-0.9-b2-0.98/s42/receipt.json"",""request.json"":""logs/cosine/sync/h80/lr-0.004-b1-0.9-b2-0.98/s42/request.json"",""environment.json"":""shared/environment-3e69b3e1fd76ac076d44d75b7ab806692b7f9cda2e5ab5ebcd2d8e0d0ef1c3a6.json""}"
sync-cosine-h80--0.004--0.9--0.98--s43,sync,80,1743369.6373119953,1653690.5264954504,1513499.5325640356,101.38288322099834,1180.700122574999,39.47825336456299,2558443,2026-09-16,"{""metrics.jsonl"":""logs/cosine/sync/h80/lr-0.004-b1-0.9-b2-0.98/s43/metrics.jsonl"",""result.json"":""logs/cosine/sync/h80/lr-0.004-b1-0.9-b2-0.98/s43/result.json"",""resolved.yaml"":""logs/cosine/sync/h80/lr-0.004-b1-0.9-b2-0.98/s43/resolved.yaml"",""receipt.json"":""logs/cosine/sync/h80/lr-0.004-b1-0.9-b2-0.98/s43/receipt.json"",""request.json"":""logs/cosine/sync/h80/lr-0.004-b1-0.9-b2-0.98/s43/request.json"",""environment.json"":""shared/environment-03ce0cc9826722bb5eca211f4625752d2e2232a2e7b8afa95b25b8350cc0d2ce.json""}"
sync-cosine-h80--0.004--0.9--0.98--s44,sync,80,1740687.6493389409,1651361.4843966858,1513728.3823344025,101.32271669200418,1180.5296063549977,39.47825336456299,2558444,2026-09-16,"{""metrics.jsonl"":""logs/cosine/sync/h80/lr-0.004-b1-0.9-b2-0.98/s44/metrics.jsonl"",""result.json"":""logs/cosine/sync/h80/lr-0.004-b1-0.9-b2-0.98/s44/result.json"",""resolved.yaml"":""logs/cosine/sync/h80/lr-0.004-b1-0.9-b2-0.98/s44/resolved.yaml"",""receipt.json"":""logs/cosine/sync/h80/lr-0.004-b1-0.9-b2-0.98/s44/receipt.json"",""request.json"":""logs/cosine/sync/h80/lr-0.004-b1-0.9-b2-0.98/s44/request.json"",""environment.json"":""shared/environment-55d9f664732cc6a409fa22f70461e017f25e28352c7764cfe6a86a4a0e1d7b22.json""}"
sync-cosine-h80--0.004--0.9--0.99--s42,sync,80,1749284.399235029,1659253.48279078,1520655.2891497526,101.60571136600629,1175.8601886879915,39.47825336456299,2558457,2026-09-16,"{""metrics.jsonl"":""logs/cosine/sync/h80/lr-0.004-b1-0.9-b2-0.99/s42/metrics.jsonl"",""result.json"":""logs/cosine/sync/h80/lr-0.004-b1-0.9-b2-0.99/s42/result.json"",""resolved.yaml"":""logs/cosine/sync/h80/lr-0.004-b1-0.9-b2-0.99/s42/resolved.yaml"",""receipt.json"":""logs/cosine/sync/h80/lr-0.004-b1-0.9-b2-0.99/s42/receipt.json"",""request.json"":""logs/cosine/sync/h80/lr-0.004-b1-0.9-b2-0.99/s42/request.json"",""environment.json"":""shared/environment-e1c3f68bf2a2120009ac1daefeb84210fd916bbb55c2f8a6cc455afa790438b8.json""}"
sync-cosine-h80--0.004--0.9--0.99--s43,sync,80,1743832.735845733,1654205.501327159,1514976.045522366,101.47238314399146,1179.7548320589995,39.47825336456299,2558458,2026-09-16,"{""metrics.jsonl"":""logs/cosine/sync/h80/lr-0.004-b1-0.9-b2-0.99/s43/metrics.jsonl"",""result.json"":""logs/cosine/sync/h80/lr-0.004-b1-0.9-b2-0.99/s43/result.json"",""resolved.yaml"":""logs/cosine/sync/h80/lr-0.004-b1-0.9-b2-0.99/s43/resolved.yaml"",""receipt.json"":""logs/cosine/sync/h80/lr-0.004-b1-0.9-b2-0.99/s43/receipt.json"",""request.json"":""logs/cosine/sync/h80/lr-0.004-b1-0.9-b2-0.99/s43/request.json"",""environment.json"":""shared/environment-7d5adb2a4e8be3283134a169d7e784632b629923704936d2c673e77898b1ddfe.json""}"
sync-cosine-h80--0.004--0.9--0.99--s44,sync,80,1715171.9149303965,1628544.9134233647,1494124.432863768,102.25188154200441,1195.604021400999,39.47825336456299,2558459,2026-09-16,"{""metrics.jsonl"":""logs/cosine/sync/h80/lr-0.004-b1-0.9-b2-0.99/s44/metrics.jsonl"",""result.json"":""logs/cosine/sync/h80/lr-0.004-b1-0.9-b2-0.99/s44/result.json"",""resolved.yaml"":""logs/cosine/sync/h80/lr-0.004-b1-0.9-b2-0.99/s44/resolved.yaml"",""receipt.json"":""logs/cosine/sync/h80/lr-0.004-b1-0.9-b2-0.99/s44/receipt.json"",""request.json"":""logs/cosine/sync/h80/lr-0.004-b1-0.9-b2-0.99/s44/request.json"",""environment.json"":""shared/environment-5fbf57cff35c2e18a4339c6de85bdad375601c47a5c2c6920dd51582b1933ec7.json""}"
sync-cosine-h80--0.004--0.9--0.999--s42,sync,80,1787772.7783513537,1706773.241681849,1559872.582772029,98.75252070900751,1145.6672410820029,39.47825336456299,2558471,2026-09-16,"{""metrics.jsonl"":""logs/cosine/sync/h80/lr-0.004-b1-0.9-b2-0.999/s42/metrics.jsonl"",""result.json"":""logs/cosine/sync/h80/lr-0.004-b1-0.9-b2-0.999/s42/result.json"",""resolved.yaml"":""logs/cosine/sync/h80/lr-0.004-b1-0.9-b2-0.999/s42/resolved.yaml"",""receipt.json"":""logs/cosine/sync/h80/lr-0.004-b1-0.9-b2-0.999/s42/receipt.json"",""request.json"":""logs/cosine/sync/h80/lr-0.004-b1-0.9-b2-0.999/s42/request.json"",""environment.json"":""shared/environment-664dfd1ce74906548b299c3f40d21370d4ea9e22854ae6987991e404b825fbe0.json""}"
sync-cosine-h80--0.004--0.9--0.999--s43,sync,80,1768481.9838195809,1682041.4243597714,1540094.8095960333,100.08346010199966,1160.5256540520022,39.47825336456299,2558472,2026-09-16,"{""metrics.jsonl"":""logs/cosine/sync/h80/lr-0.004-b1-0.9-b2-0.999/s43/metrics.jsonl"",""result.json"":""logs/cosine/sync/h80/lr-0.004-b1-0.9-b2-0.999/s43/result.json"",""resolved.yaml"":""logs/cosine/sync/h80/lr-0.004-b1-0.9-b2-0.999/s43/resolved.yaml"",""receipt.json"":""logs/cosine/sync/h80/lr-0.004-b1-0.9-b2-0.999/s43/receipt.json"",""request.json"":""logs/cosine/sync/h80/lr-0.004-b1-0.9-b2-0.999/s43/request.json"",""environment.json"":""shared/environment-96ede92e682da4d1dfa2f226be250e348ba388bb68850f058982998365953f27.json""}"
sync-cosine-h80--0.004--0.9--0.999--s44,sync,80,1708548.8107199434,1627870.864029803,1492402.684198766,102.88480818099924,1197.1904350549994,39.47825336456299,2558473,2026-09-16,"{""metrics.jsonl"":""logs/cosine/sync/h80/lr-0.004-b1-0.9-b2-0.999/s44/metrics.jsonl"",""result.json"":""logs/cosine/sync/h80/lr-0.004-b1-0.9-b2-0.999/s44/result.json"",""resolved.yaml"":""logs/cosine/sync/h80/lr-0.004-b1-0.9-b2-0.999/s44/resolved.yaml"",""receipt.json"":""logs/cosine/sync/h80/lr-0.004-b1-0.9-b2-0.999/s44/receipt.json"",""request.json"":""logs/cosine/sync/h80/lr-0.004-b1-0.9-b2-0.999/s44/request.json"",""environment.json"":""shared/environment-9e4097c41322ae24a256eedfd63adfab1fb3677ba5d0a5d72b5e1513e8e172f4.json""}"
sync-cosine-h80--0.005--0.9--0.98--s42,sync,80,1749456.1913138558,1659256.4446646215,1520963.5228465972,100.91118595499574,1174.9528355379953,39.47825336456299,2558445,2026-09-16,"{""metrics.jsonl"":""logs/cosine/sync/h80/lr-0.005-b1-0.9-b2-0.98/s42/metrics.jsonl"",""result.json"":""logs/cosine/sync/h80/lr-0.005-b1-0.9-b2-0.98/s42/result.json"",""resolved.yaml"":""logs/cosine/sync/h80/lr-0.005-b1-0.9-b2-0.98/s42/resolved.yaml"",""receipt.json"":""logs/cosine/sync/h80/lr-0.005-b1-0.9-b2-0.98/s42/receipt.json"",""request.json"":""logs/cosine/sync/h80/lr-0.005-b1-0.9-b2-0.98/s42/request.json"",""environment.json"":""shared/environment-83a2a11c8a883ae3ba11d6bbcb0e6991e652ec50528ab8ee2f3343f0e8b3e105.json""}"
sync-cosine-h80--0.005--0.9--0.98--s43,sync,80,1731227.1964690485,1642959.4519089113,1505984.4163977283,102.3216054450022,1187.0447730219894,39.47825336456299,2558446,2026-09-16,"{""metrics.jsonl"":""logs/cosine/sync/h80/lr-0.005-b1-0.9-b2-0.98/s43/metrics.jsonl"",""result.json"":""logs/cosine/sync/h80/lr-0.005-b1-0.9-b2-0.98/s43/result.json"",""resolved.yaml"":""logs/cosine/sync/h80/lr-0.005-b1-0.9-b2-0.98/s43/resolved.yaml"",""receipt.json"":""logs/cosine/sync/h80/lr-0.005-b1-0.9-b2-0.98/s43/receipt.json"",""request.json"":""logs/cosine/sync/h80/lr-0.005-b1-0.9-b2-0.98/s43/request.json"",""environment.json"":""shared/environment-78f41b49e8245cab6525ecc9353ea2b700810a1080f04b91349207f28ddf3c8f.json""}"
sync-cosine-h80--0.005--0.9--0.98--s44,sync,80,1777383.9563507626,1684154.1947013405,1540627.1585502138,99.85073340201052,1160.1884070669912,39.47825336456299,2558447,2026-09-16,"{""metrics.jsonl"":""logs/cosine/sync/h80/lr-0.005-b1-0.9-b2-0.98/s44/metrics.jsonl"",""result.json"":""logs/cosine/sync/h80/lr-0.005-b1-0.9-b2-0.98/s44/result.json"",""resolved.yaml"":""logs/cosine/sync/h80/lr-0.005-b1-0.9-b2-0.98/s44/resolved.yaml"",""receipt.json"":""logs/cosine/sync/h80/lr-0.005-b1-0.9-b2-0.98/s44/receipt.json"",""request.json"":""logs/cosine/sync/h80/lr-0.005-b1-0.9-b2-0.98/s44/request.json"",""environment.json"":""shared/environment-a01ac6bee688562d8df503cc27ba4416dec65828629ec92fcf0579d528a13389.json""}"
sync-cosine-h80--0.005--0.9--0.99--s42,sync,80,1775669.354274307,1682636.2487727182,1540586.1201153563,100.46758524399775,1160.8067118720064,39.47825336456299,2558460,2026-09-16,"{""metrics.jsonl"":""logs/cosine/sync/h80/lr-0.005-b1-0.9-b2-0.99/s42/metrics.jsonl"",""result.json"":""logs/cosine/sync/h80/lr-0.005-b1-0.9-b2-0.99/s42/result.json"",""resolved.yaml"":""logs/cosine/sync/h80/lr-0.005-b1-0.9-b2-0.99/s42/resolved.yaml"",""receipt.json"":""logs/cosine/sync/h80/lr-0.005-b1-0.9-b2-0.99/s42/receipt.json"",""request.json"":""logs/cosine/sync/h80/lr-0.005-b1-0.9-b2-0.99/s42/request.json"",""environment.json"":""shared/environment-6ab23785a323477a3ae54eb41d945a17310b250be0ccd00b2280cd817b2caaf2.json""}"
sync-cosine-h80--0.005--0.9--0.99--s43,sync,80,1718119.2336929322,1631198.1449023515,1493392.9959996983,102.32370027399156,1195.7992466309952,39.47825336456299,2558461,2026-09-16,"{""metrics.jsonl"":""logs/cosine/sync/h80/lr-0.005-b1-0.9-b2-0.99/s43/metrics.jsonl"",""result.json"":""logs/cosine/sync/h80/lr-0.005-b1-0.9-b2-0.99/s43/result.json"",""resolved.yaml"":""logs/cosine/sync/h80/lr-0.005-b1-0.9-b2-0.99/s43/resolved.yaml"",""receipt.json"":""logs/cosine/sync/h80/lr-0.005-b1-0.9-b2-0.99/s43/receipt.json"",""request.json"":""logs/cosine/sync/h80/lr-0.005-b1-0.9-b2-0.99/s43/request.json"",""environment.json"":""shared/environment-1b585f2a3cf4175b3a612e6627c580433daa7fb3b048a3742f9fa86430f0d266.json""}"
sync-cosine-h80--0.005--0.9--0.99--s44,sync,80,1758272.539261263,1667211.177147082,1524474.4605156807,101.32461631500337,1172.5469083299977,39.47825336456299,2558462,2026-09-16,"{""metrics.jsonl"":""logs/cosine/sync/h80/lr-0.005-b1-0.9-b2-0.99/s44/metrics.jsonl"",""result.json"":""logs/cosine/sync/h80/lr-0.005-b1-0.9-b2-0.99/s44/result.json"",""resolved.yaml"":""logs/cosine/sync/h80/lr-0.005-b1-0.9-b2-0.99/s44/resolved.yaml"",""receipt.json"":""logs/cosine/sync/h80/lr-0.005-b1-0.9-b2-0.99/s44/receipt.json"",""request.json"":""logs/cosine/sync/h80/lr-0.005-b1-0.9-b2-0.99/s44/request.json"",""environment.json"":""shared/environment-c887fb3e3b73a2e0e7497195436b147769cb7605770ccdef544b0b72c16fea28.json""}"
sync-cosine-h80--0.005--0.9--0.999--s42,sync,80,1712059.417325187,1679398.1861103098,1535668.9916382886,103.85719381499803,1166.8539445539936,39.47825336456299,2558474,2026-09-16,"{""metrics.jsonl"":""logs/cosine/sync/h80/lr-0.005-b1-0.9-b2-0.999/s42/metrics.jsonl"",""result.json"":""logs/cosine/sync/h80/lr-0.005-b1-0.9-b2-0.999/s42/result.json"",""resolved.yaml"":""logs/cosine/sync/h80/lr-0.005-b1-0.9-b2-0.999/s42/resolved.yaml"",""receipt.json"":""logs/cosine/sync/h80/lr-0.005-b1-0.9-b2-0.999/s42/receipt.json"",""request.json"":""logs/cosine/sync/h80/lr-0.005-b1-0.9-b2-0.999/s42/request.json"",""environment.json"":""shared/environment-ad7b2ea000ed9e0c76eff549e98ea8c9bdd9410264e67262b4c7ab579fec63d1.json""}"
sync-cosine-h80--0.005--0.9--0.999--s43,sync,80,1748620.2807140087,1657337.7041001143,1518026.6048034313,101.02739031100646,1176.8511944820057,39.47825336456299,2558475,2026-09-16,"{""metrics.jsonl"":""logs/cosine/sync/h80/lr-0.005-b1-0.9-b2-0.999/s43/metrics.jsonl"",""result.json"":""logs/cosine/sync/h80/lr-0.005-b1-0.9-b2-0.999/s43/result.json"",""resolved.yaml"":""logs/cosine/sync/h80/lr-0.005-b1-0.9-b2-0.999/s43/resolved.yaml"",""receipt.json"":""logs/cosine/sync/h80/lr-0.005-b1-0.9-b2-0.999/s43/receipt.json"",""request.json"":""logs/cosine/sync/h80/lr-0.005-b1-0.9-b2-0.999/s43/request.json"",""environment.json"":""shared/environment-e43d11208891737cb717892ef30a22b5a7fd5f6556846997710c83b4ab3f4579.json""}"
sync-cosine-h80--0.005--0.9--0.999--s44,sync,80,1757583.334543024,1665204.2244490392,1526191.7398025745,100.05457952000143,1170.0597603729984,39.47825336456299,2558476,2026-09-16,"{""metrics.jsonl"":""logs/cosine/sync/h80/lr-0.005-b1-0.9-b2-0.999/s44/metrics.jsonl"",""result.json"":""logs/cosine/sync/h80/lr-0.005-b1-0.9-b2-0.999/s44/result.json"",""resolved.yaml"":""logs/cosine/sync/h80/lr-0.005-b1-0.9-b2-0.999/s44/resolved.yaml"",""receipt.json"":""logs/cosine/sync/h80/lr-0.005-b1-0.9-b2-0.999/s44/receipt.json"",""request.json"":""logs/cosine/sync/h80/lr-0.005-b1-0.9-b2-0.999/s44/request.json"",""environment.json"":""shared/environment-51e9e8af59355189266a352e6dde3f63f1fe351b19b22b71290b2a9330719025.json""}"
sync-cosine-h80--0.006--0.9--0.98--s42,sync,80,1706472.6666403285,1620589.6248444456,1483458.912981936,103.05462520998844,1204.233404291008,39.47825336456299,2558448,2026-09-16,"{""metrics.jsonl"":""logs/cosine/sync/h80/lr-0.006-b1-0.9-b2-0.98/s42/metrics.jsonl"",""result.json"":""logs/cosine/sync/h80/lr-0.006-b1-0.9-b2-0.98/s42/result.json"",""resolved.yaml"":""logs/cosine/sync/h80/lr-0.006-b1-0.9-b2-0.98/s42/resolved.yaml"",""receipt.json"":""logs/cosine/sync/h80/lr-0.006-b1-0.9-b2-0.98/s42/receipt.json"",""request.json"":""logs/cosine/sync/h80/lr-0.006-b1-0.9-b2-0.98/s42/request.json"",""environment.json"":""shared/environment-3d75987f5fd7c0e0d7703c2eee72e8b45ae1b58a8b17826a36f32bb5b025da0f.json""}"
sync-cosine-h80--0.006--0.9--0.98--s43,sync,80,1723695.1755897256,1636010.791054641,1489799.1348766792,102.02095859999827,1198.3164946280012,39.47825336456299,2558449,2026-09-16,"{""metrics.jsonl"":""logs/cosine/sync/h80/lr-0.006-b1-0.9-b2-0.98/s43/metrics.jsonl"",""result.json"":""logs/cosine/sync/h80/lr-0.006-b1-0.9-b2-0.98/s43/result.json"",""resolved.yaml"":""logs/cosine/sync/h80/lr-0.006-b1-0.9-b2-0.98/s43/resolved.yaml"",""receipt.json"":""logs/cosine/sync/h80/lr-0.006-b1-0.9-b2-0.98/s43/receipt.json"",""request.json"":""logs/cosine/sync/h80/lr-0.006-b1-0.9-b2-0.98/s43/request.json"",""environment.json"":""shared/environment-0121719e84de96569f85d3076b3fbdabb4636a5bbc7d8eb82e73dae518e96bc3.json""}"
sync-cosine-h80--0.006--0.9--0.98--s44,sync,80,1748707.4131961965,1658475.6390912302,1520189.0673517117,101.4965202230087,1175.8874517670047,39.47825336456299,2558450,2026-09-16,"{""metrics.jsonl"":""logs/cosine/sync/h80/lr-0.006-b1-0.9-b2-0.98/s44/metrics.jsonl"",""result.json"":""logs/cosine/sync/h80/lr-0.006-b1-0.9-b2-0.98/s44/result.json"",""resolved.yaml"":""logs/cosine/sync/h80/lr-0.006-b1-0.9-b2-0.98/s44/resolved.yaml"",""receipt.json"":""logs/cosine/sync/h80/lr-0.006-b1-0.9-b2-0.98/s44/receipt.json"",""request.json"":""logs/cosine/sync/h80/lr-0.006-b1-0.9-b2-0.98/s44/request.json"",""environment.json"":""shared/environment-155f0dcc5112c97684d1f30fa58dccb5c7e9065fdbc2a0e80392575c94707d1e.json""}"
sync-cosine-h80--0.006--0.9--0.99--s42,sync,80,1795819.199852041,1728284.060764473,1576042.8008537788,99.25914540000304,1135.4526862509992,39.47825336456299,2557119,2026-09-16,"{""metrics.jsonl"":""logs/cosine/sync/h80/lr-0.006-b1-0.9-b2-0.99/s42/metrics.jsonl"",""result.json"":""logs/cosine/sync/h80/lr-0.006-b1-0.9-b2-0.99/s42/result.json"",""resolved.yaml"":""logs/cosine/sync/h80/lr-0.006-b1-0.9-b2-0.99/s42/resolved.yaml"",""receipt.json"":""logs/cosine/sync/h80/lr-0.006-b1-0.9-b2-0.99/s42/receipt.json"",""request.json"":""logs/cosine/sync/h80/lr-0.006-b1-0.9-b2-0.99/s42/request.json"",""environment.json"":""shared/environment-c5511e354df4729a7366414b56362081d74395f4fce4f13828f0e338778aad66.json""}"
sync-cosine-h80--0.006--0.9--0.99--s43,sync,80,1721034.6258686911,1633650.1055135834,1497642.4693695868,102.83738987999823,1193.599664028996,39.47825336456299,2558463,2026-09-16,"{""metrics.jsonl"":""logs/cosine/sync/h80/lr-0.006-b1-0.9-b2-0.99/s43/metrics.jsonl"",""result.json"":""logs/cosine/sync/h80/lr-0.006-b1-0.9-b2-0.99/s43/result.json"",""resolved.yaml"":""logs/cosine/sync/h80/lr-0.006-b1-0.9-b2-0.99/s43/resolved.yaml"",""receipt.json"":""logs/cosine/sync/h80/lr-0.006-b1-0.9-b2-0.99/s43/receipt.json"",""request.json"":""logs/cosine/sync/h80/lr-0.006-b1-0.9-b2-0.99/s43/request.json"",""environment.json"":""shared/environment-edf824de60ea716bf696ef42079578f1e86a06b1a729f5a5f649abb39b3d2478.json""}"
sync-cosine-h80--0.006--0.9--0.99--s44,sync,80,1749263.9926611905,1659030.403464092,1519320.8783450325,102.04114390899485,1177.3217697600048,39.47825336456299,2558464,2026-09-16,"{""metrics.jsonl"":""logs/cosine/sync/h80/lr-0.006-b1-0.9-b2-0.99/s44/metrics.jsonl"",""result.json"":""logs/cosine/sync/h80/lr-0.006-b1-0.9-b2-0.99/s44/result.json"",""resolved.yaml"":""logs/cosine/sync/h80/lr-0.006-b1-0.9-b2-0.99/s44/resolved.yaml"",""receipt.json"":""logs/cosine/sync/h80/lr-0.006-b1-0.9-b2-0.99/s44/receipt.json"",""request.json"":""logs/cosine/sync/h80/lr-0.006-b1-0.9-b2-0.99/s44/request.json"",""environment.json"":""shared/environment-217f83eb62dfa967fc873b1dfee748204ed4d04d231e6e40c2a7f8d0508a6aed.json""}"
sync-cosine-h80--0.006--0.9--0.999--s42,sync,80,1731857.4096451767,1642392.3707524124,1496374.032356195,101.68675294800778,1193.0280880339997,39.47825336456299,2558477,2026-09-16,"{""metrics.jsonl"":""logs/cosine/sync/h80/lr-0.006-b1-0.9-b2-0.999/s42/metrics.jsonl"",""result.json"":""logs/cosine/sync/h80/lr-0.006-b1-0.9-b2-0.999/s42/result.json"",""resolved.yaml"":""logs/cosine/sync/h80/lr-0.006-b1-0.9-b2-0.999/s42/resolved.yaml"",""receipt.json"":""logs/cosine/sync/h80/lr-0.006-b1-0.9-b2-0.999/s42/receipt.json"",""request.json"":""logs/cosine/sync/h80/lr-0.006-b1-0.9-b2-0.999/s42/request.json"",""environment.json"":""shared/environment-7df2158011da40257950ec0dd771c948859716cc7e98453874eccc6a9bee3a4f.json""}"
sync-cosine-h80--0.006--0.9--0.999--s43,sync,80,1757109.5476263165,1664782.5954008077,1524772.374358253,100.60751673999766,1171.6902641909983,39.47825336456299,2558478,2026-09-16,"{""metrics.jsonl"":""logs/cosine/sync/h80/lr-0.006-b1-0.9-b2-0.999/s43/metrics.jsonl"",""result.json"":""logs/cosine/sync/h80/lr-0.006-b1-0.9-b2-0.999/s43/result.json"",""resolved.yaml"":""logs/cosine/sync/h80/lr-0.006-b1-0.9-b2-0.999/s43/resolved.yaml"",""receipt.json"":""logs/cosine/sync/h80/lr-0.006-b1-0.9-b2-0.999/s43/receipt.json"",""request.json"":""logs/cosine/sync/h80/lr-0.006-b1-0.9-b2-0.999/s43/request.json"",""environment.json"":""shared/environment-4aed5c12c966ad276dc12abbaf69dbcff2d13cbb98206542c92673d0ef22b2fb.json""}"
sync-cosine-h80--0.006--0.9--0.999--s44,sync,80,1720740.4465303423,1643245.892024335,1494591.1434773742,103.05834259200492,1195.7053992930014,39.47825336456299,2558479,2026-09-16,"{""metrics.jsonl"":""logs/cosine/sync/h80/lr-0.006-b1-0.9-b2-0.999/s44/metrics.jsonl"",""result.json"":""logs/cosine/sync/h80/lr-0.006-b1-0.9-b2-0.999/s44/result.json"",""resolved.yaml"":""logs/cosine/sync/h80/lr-0.006-b1-0.9-b2-0.999/s44/resolved.yaml"",""receipt.json"":""logs/cosine/sync/h80/lr-0.006-b1-0.9-b2-0.999/s44/receipt.json"",""request.json"":""logs/cosine/sync/h80/lr-0.006-b1-0.9-b2-0.999/s44/request.json"",""environment.json"":""shared/environment-022b97b067b5520325c73cadd138fc80826242b3e20a25f4d3856803e37d42ab.json""}"
sync-cosine-h80--0.007--0.9--0.98--s42,sync,80,1797545.1015640234,1761870.099628329,1608998.5593035952,99.23563491800087,1113.760789041,39.47825336456299,2558451,2026-09-16,"{""metrics.jsonl"":""logs/cosine/sync/h80/lr-0.007-b1-0.9-b2-0.98/s42/metrics.jsonl"",""result.json"":""logs/cosine/sync/h80/lr-0.007-b1-0.9-b2-0.98/s42/result.json"",""resolved.yaml"":""logs/cosine/sync/h80/lr-0.007-b1-0.9-b2-0.98/s42/resolved.yaml"",""receipt.json"":""logs/cosine/sync/h80/lr-0.007-b1-0.9-b2-0.98/s42/receipt.json"",""request.json"":""logs/cosine/sync/h80/lr-0.007-b1-0.9-b2-0.98/s42/request.json"",""environment.json"":""shared/environment-ac7f63383df3401c91922ff02f6f5ef26ea5fa2fcf49b32068632e18ef1cc136.json""}"
sync-cosine-h80--0.007--0.9--0.98--s43,sync,80,1730352.5430871453,1642032.5151092226,1504538.4914998037,101.87280515199382,1187.7050727349997,39.47825336456299,2558452,2026-09-16,"{""metrics.jsonl"":""logs/cosine/sync/h80/lr-0.007-b1-0.9-b2-0.98/s43/metrics.jsonl"",""result.json"":""logs/cosine/sync/h80/lr-0.007-b1-0.9-b2-0.98/s43/result.json"",""resolved.yaml"":""logs/cosine/sync/h80/lr-0.007-b1-0.9-b2-0.98/s43/resolved.yaml"",""receipt.json"":""logs/cosine/sync/h80/lr-0.007-b1-0.9-b2-0.98/s43/receipt.json"",""request.json"":""logs/cosine/sync/h80/lr-0.007-b1-0.9-b2-0.98/s43/request.json"",""environment.json"":""shared/environment-45426ade8df2de0b2bcce97afdb5bc2cdaf57004ec642fd248b7356d6fc826ba.json""}"
sync-cosine-h80--0.007--0.9--0.98--s44,sync,80,1732975.303496966,1644491.3562032303,1505477.5602739197,101.66166866599815,1186.7384649209998,39.47825336456299,2558453,2026-09-16,"{""metrics.jsonl"":""logs/cosine/sync/h80/lr-0.007-b1-0.9-b2-0.98/s44/metrics.jsonl"",""result.json"":""logs/cosine/sync/h80/lr-0.007-b1-0.9-b2-0.98/s44/result.json"",""resolved.yaml"":""logs/cosine/sync/h80/lr-0.007-b1-0.9-b2-0.98/s44/resolved.yaml"",""receipt.json"":""logs/cosine/sync/h80/lr-0.007-b1-0.9-b2-0.98/s44/receipt.json"",""request.json"":""logs/cosine/sync/h80/lr-0.007-b1-0.9-b2-0.98/s44/request.json"",""environment.json"":""shared/environment-617218878acfbc3747a2ef6e6a9ed364a47cddfea8c48969b44266b086853d25.json""}"
sync-cosine-h80--0.007--0.9--0.99--s42,sync,80,1741457.774512973,1664020.998882013,1524838.34631319,101.19699372099421,1172.161598555991,39.47825336456299,2558465,2026-09-16,"{""metrics.jsonl"":""logs/cosine/sync/h80/lr-0.007-b1-0.9-b2-0.99/s42/metrics.jsonl"",""result.json"":""logs/cosine/sync/h80/lr-0.007-b1-0.9-b2-0.99/s42/result.json"",""resolved.yaml"":""logs/cosine/sync/h80/lr-0.007-b1-0.9-b2-0.99/s42/resolved.yaml"",""receipt.json"":""logs/cosine/sync/h80/lr-0.007-b1-0.9-b2-0.99/s42/receipt.json"",""request.json"":""logs/cosine/sync/h80/lr-0.007-b1-0.9-b2-0.99/s42/request.json"",""environment.json"":""shared/environment-0f87472208e96e11406b372c21406e9847c924c6a42ebb310bfc59e8f332161a.json""}"
sync-cosine-h80--0.007--0.9--0.99--s43,sync,80,1750855.467024923,1716660.3459629868,1568401.4148014504,101.54628522900748,1142.3197034620098,39.47825336456299,2558466,2026-09-16,"{""metrics.jsonl"":""logs/cosine/sync/h80/lr-0.007-b1-0.9-b2-0.99/s43/metrics.jsonl"",""result.json"":""logs/cosine/sync/h80/lr-0.007-b1-0.9-b2-0.99/s43/result.json"",""resolved.yaml"":""logs/cosine/sync/h80/lr-0.007-b1-0.9-b2-0.99/s43/resolved.yaml"",""receipt.json"":""logs/cosine/sync/h80/lr-0.007-b1-0.9-b2-0.99/s43/receipt.json"",""request.json"":""logs/cosine/sync/h80/lr-0.007-b1-0.9-b2-0.99/s43/request.json"",""environment.json"":""shared/environment-98f93f6a42b9c547ad3bc95319fc05561404c5bce32e7912adb943750a8ed14e.json""}"
sync-cosine-h80--0.007--0.9--0.99--s44,sync,80,1757797.2092067285,1725150.312812061,1577104.1004735897,100.70505267899716,1135.7448568489926,39.47825336456299,2558467,2026-09-16,"{""metrics.jsonl"":""logs/cosine/sync/h80/lr-0.007-b1-0.9-b2-0.99/s44/metrics.jsonl"",""result.json"":""logs/cosine/sync/h80/lr-0.007-b1-0.9-b2-0.99/s44/result.json"",""resolved.yaml"":""logs/cosine/sync/h80/lr-0.007-b1-0.9-b2-0.99/s44/resolved.yaml"",""receipt.json"":""logs/cosine/sync/h80/lr-0.007-b1-0.9-b2-0.99/s44/receipt.json"",""request.json"":""logs/cosine/sync/h80/lr-0.007-b1-0.9-b2-0.99/s44/request.json"",""environment.json"":""shared/environment-c67642bad6af38fb039c78231928eaf57d6e613a0cd2c7a584fd7ca6a0721764.json""}"
sync-cosine-h80--0.007--0.9--0.999--s42,sync,80,1721955.7284642176,1636836.9015394554,1492054.0998355977,102.59624801900645,1197.0445119769865,39.47825336456299,2558480,2026-09-16,"{""metrics.jsonl"":""logs/cosine/sync/h80/lr-0.007-b1-0.9-b2-0.999/s42/metrics.jsonl"",""result.json"":""logs/cosine/sync/h80/lr-0.007-b1-0.9-b2-0.999/s42/result.json"",""resolved.yaml"":""logs/cosine/sync/h80/lr-0.007-b1-0.9-b2-0.999/s42/resolved.yaml"",""receipt.json"":""logs/cosine/sync/h80/lr-0.007-b1-0.9-b2-0.999/s42/receipt.json"",""request.json"":""logs/cosine/sync/h80/lr-0.007-b1-0.9-b2-0.999/s42/request.json"",""environment.json"":""shared/environment-82de5d8a296255363d8a930eb4195e06fed67123689d5931306df5a1fd988cab.json""}"
sync-cosine-h80--0.007--0.9--0.999--s43,sync,80,1749462.7189437232,1659118.2605624306,1519768.2672861114,101.89685388100042,1176.4932795969944,39.47825336456299,2558481,2026-09-16,"{""metrics.jsonl"":""logs/cosine/sync/h80/lr-0.007-b1-0.9-b2-0.999/s43/metrics.jsonl"",""result.json"":""logs/cosine/sync/h80/lr-0.007-b1-0.9-b2-0.999/s43/result.json"",""resolved.yaml"":""logs/cosine/sync/h80/lr-0.007-b1-0.9-b2-0.999/s43/resolved.yaml"",""receipt.json"":""logs/cosine/sync/h80/lr-0.007-b1-0.9-b2-0.999/s43/receipt.json"",""request.json"":""logs/cosine/sync/h80/lr-0.007-b1-0.9-b2-0.999/s43/request.json"",""environment.json"":""shared/environment-ee20469d73c8c07e03a988fecccd0952516969f0e1ea6bc39fcdefdf3f66908d.json""}"
sync-cosine-h80--0.007--0.9--0.999--s44,sync,80,1716847.83799538,1684553.42595309,1539240.1326602185,103.12003614599234,1163.6427336440101,39.47825336456299,2558482,2026-09-16,"{""metrics.jsonl"":""logs/cosine/sync/h80/lr-0.007-b1-0.9-b2-0.999/s44/metrics.jsonl"",""result.json"":""logs/cosine/sync/h80/lr-0.007-b1-0.9-b2-0.999/s44/result.json"",""resolved.yaml"":""logs/cosine/sync/h80/lr-0.007-b1-0.9-b2-0.999/s44/resolved.yaml"",""receipt.json"":""logs/cosine/sync/h80/lr-0.007-b1-0.9-b2-0.999/s44/receipt.json"",""request.json"":""logs/cosine/sync/h80/lr-0.007-b1-0.9-b2-0.999/s44/request.json"",""environment.json"":""shared/environment-9677ec6ee83b387b45ff45b3be25bc44d3d6c9d77208687731832c47cb8c1dad.json""}"
sync-cosine-h80--0.008--0.9--0.98--s42,sync,80,1720554.9844221368,1633244.09997471,1497694.0339054149,104.88111041299999,1195.6089010030046,39.47825336456299,2558454,2026-09-16,"{""metrics.jsonl"":""logs/cosine/sync/h80/lr-0.008-b1-0.9-b2-0.98/s42/metrics.jsonl"",""result.json"":""logs/cosine/sync/h80/lr-0.008-b1-0.9-b2-0.98/s42/result.json"",""resolved.yaml"":""logs/cosine/sync/h80/lr-0.008-b1-0.9-b2-0.98/s42/resolved.yaml"",""receipt.json"":""logs/cosine/sync/h80/lr-0.008-b1-0.9-b2-0.98/s42/receipt.json"",""request.json"":""logs/cosine/sync/h80/lr-0.008-b1-0.9-b2-0.98/s42/request.json"",""environment.json"":""shared/environment-e15f91bca781341c8c10d005bdb0bdcfa171dba31d55735a5c46a801773463e3.json""}"
sync-cosine-h80--0.008--0.9--0.98--s43,sync,80,1781585.9093845265,1688052.6711391683,1546067.5389265835,99.45233441099117,1156.0964370930014,39.47825336456299,2558455,2026-09-16,"{""metrics.jsonl"":""logs/cosine/sync/h80/lr-0.008-b1-0.9-b2-0.98/s43/metrics.jsonl"",""result.json"":""logs/cosine/sync/h80/lr-0.008-b1-0.9-b2-0.98/s43/result.json"",""resolved.yaml"":""logs/cosine/sync/h80/lr-0.008-b1-0.9-b2-0.98/s43/resolved.yaml"",""receipt.json"":""logs/cosine/sync/h80/lr-0.008-b1-0.9-b2-0.98/s43/receipt.json"",""request.json"":""logs/cosine/sync/h80/lr-0.008-b1-0.9-b2-0.98/s43/request.json"",""environment.json"":""shared/environment-9ec5ec708a0b96d914f234e1fa620c3486d3ea8dc4a29fd6942f169fbf34f800.json""}"
sync-cosine-h80--0.008--0.9--0.98--s44,sync,80,1775666.8660423849,1682650.4314258825,1541021.5050356174,99.15478799599805,1159.211210073001,39.47825336456299,2558456,2026-09-16,"{""metrics.jsonl"":""logs/cosine/sync/h80/lr-0.008-b1-0.9-b2-0.98/s44/metrics.jsonl"",""result.json"":""logs/cosine/sync/h80/lr-0.008-b1-0.9-b2-0.98/s44/result.json"",""resolved.yaml"":""logs/cosine/sync/h80/lr-0.008-b1-0.9-b2-0.98/s44/resolved.yaml"",""receipt.json"":""logs/cosine/sync/h80/lr-0.008-b1-0.9-b2-0.98/s44/receipt.json"",""request.json"":""logs/cosine/sync/h80/lr-0.008-b1-0.9-b2-0.98/s44/request.json"",""environment.json"":""shared/environment-294ff7775e4c0412bb582c6af3fd1a0f79e6a5857b6c1991d29795f85a2d895a.json""}"
sync-cosine-h80--0.008--0.9--0.99--s42,sync,80,1728559.3105517249,1695438.7855225552,1550040.25366472,102.83094581199111,1155.9178474140062,39.47825336456299,2558468,2026-09-16,"{""metrics.jsonl"":""logs/cosine/sync/h80/lr-0.008-b1-0.9-b2-0.99/s42/metrics.jsonl"",""result.json"":""logs/cosine/sync/h80/lr-0.008-b1-0.9-b2-0.99/s42/result.json"",""resolved.yaml"":""logs/cosine/sync/h80/lr-0.008-b1-0.9-b2-0.99/s42/resolved.yaml"",""receipt.json"":""logs/cosine/sync/h80/lr-0.008-b1-0.9-b2-0.99/s42/receipt.json"",""request.json"":""logs/cosine/sync/h80/lr-0.008-b1-0.9-b2-0.99/s42/request.json"",""environment.json"":""shared/environment-175b73e33e8dde352ed75b9a60b65581fbfa772a1ba6e77d872eee5fc2367deb.json""}"
sync-cosine-h80--0.008--0.9--0.99--s43,sync,80,1733921.5905619778,1656231.123811083,1518199.5032594563,101.41691315300704,1177.0109646330093,39.47825336456299,2558469,2026-09-16,"{""metrics.jsonl"":""logs/cosine/sync/h80/lr-0.008-b1-0.9-b2-0.99/s43/metrics.jsonl"",""result.json"":""logs/cosine/sync/h80/lr-0.008-b1-0.9-b2-0.99/s43/result.json"",""resolved.yaml"":""logs/cosine/sync/h80/lr-0.008-b1-0.9-b2-0.99/s43/resolved.yaml"",""receipt.json"":""logs/cosine/sync/h80/lr-0.008-b1-0.9-b2-0.99/s43/receipt.json"",""request.json"":""logs/cosine/sync/h80/lr-0.008-b1-0.9-b2-0.99/s43/request.json"",""environment.json"":""shared/environment-30ca8092244464816c389687e366d49ffa7e41a47122252020e7c840aa4b8ea7.json""}"
sync-cosine-h80--0.008--0.9--0.99--s44,sync,80,1722238.2607503273,1646423.8715952998,1508595.6604365746,102.31161286999122,1184.741104109009,39.47825336456299,2558470,2026-09-16,"{""metrics.jsonl"":""logs/cosine/sync/h80/lr-0.008-b1-0.9-b2-0.99/s44/metrics.jsonl"",""result.json"":""logs/cosine/sync/h80/lr-0.008-b1-0.9-b2-0.99/s44/result.json"",""resolved.yaml"":""logs/cosine/sync/h80/lr-0.008-b1-0.9-b2-0.99/s44/resolved.yaml"",""receipt.json"":""logs/cosine/sync/h80/lr-0.008-b1-0.9-b2-0.99/s44/receipt.json"",""request.json"":""logs/cosine/sync/h80/lr-0.008-b1-0.9-b2-0.99/s44/request.json"",""environment.json"":""shared/environment-1bd7a40064f08763b8caccb051476afa6a7847c8b92ce9d709f26738eacc4205.json""}"
sync-cosine-h80--0.008--0.9--0.999--s42,sync,80,1769137.6131309508,1676811.1276889374,1535766.6555747944,100.59810054700938,1164.003639247996,39.47825336456299,2558483,2026-09-16,"{""metrics.jsonl"":""logs/cosine/sync/h80/lr-0.008-b1-0.9-b2-0.999/s42/metrics.jsonl"",""result.json"":""logs/cosine/sync/h80/lr-0.008-b1-0.9-b2-0.999/s42/result.json"",""resolved.yaml"":""logs/cosine/sync/h80/lr-0.008-b1-0.9-b2-0.999/s42/resolved.yaml"",""receipt.json"":""logs/cosine/sync/h80/lr-0.008-b1-0.9-b2-0.999/s42/receipt.json"",""request.json"":""logs/cosine/sync/h80/lr-0.008-b1-0.9-b2-0.999/s42/request.json"",""environment.json"":""shared/environment-ad41d2b1660ea6800adad15528fc8737e18c5b17d763138a619a5f2c222b2afd.json""}"
sync-cosine-h80--0.008--0.9--0.999--s43,sync,80,1733966.4425627976,1647637.3680461592,1510344.0907204058,101.54894987499574,1182.852519299995,39.47825336456299,2558484,2026-09-16,"{""metrics.jsonl"":""logs/cosine/sync/h80/lr-0.008-b1-0.9-b2-0.999/s43/metrics.jsonl"",""result.json"":""logs/cosine/sync/h80/lr-0.008-b1-0.9-b2-0.999/s43/result.json"",""resolved.yaml"":""logs/cosine/sync/h80/lr-0.008-b1-0.9-b2-0.999/s43/resolved.yaml"",""receipt.json"":""logs/cosine/sync/h80/lr-0.008-b1-0.9-b2-0.999/s43/receipt.json"",""request.json"":""logs/cosine/sync/h80/lr-0.008-b1-0.9-b2-0.999/s43/request.json"",""environment.json"":""shared/environment-118f8e0b388b3af97334abab5e4319d55cd352454d4192ee19c2a4e83caf51ab.json""}"
sync-cosine-h80--0.008--0.9--0.999--s44,sync,80,1737319.6958458729,1650688.8834744599,1511696.7413790424,102.58904647699819,1182.9300500960017,39.47825336456299,2558485,2026-09-16,"{""metrics.jsonl"":""logs/cosine/sync/h80/lr-0.008-b1-0.9-b2-0.999/s44/metrics.jsonl"",""result.json"":""logs/cosine/sync/h80/lr-0.008-b1-0.9-b2-0.999/s44/result.json"",""resolved.yaml"":""logs/cosine/sync/h80/lr-0.008-b1-0.9-b2-0.999/s44/resolved.yaml"",""receipt.json"":""logs/cosine/sync/h80/lr-0.008-b1-0.9-b2-0.999/s44/receipt.json"",""request.json"":""logs/cosine/sync/h80/lr-0.008-b1-0.9-b2-0.999/s44/request.json"",""environment.json"":""shared/environment-2f524cd01b4d0807e092ea23f87f27f9016388a52198fde9a2fe5ca4a04541e3.json""}"
sync-cosine-h80--0.009--0.9--0.98--s42,sync,80,1715923.343254398,1641305.0637817862,1503067.37693195,102.69480734800163,1189.0949059480045,39.47825336456299,2565645,2026-09-16,"{""metrics.jsonl"":""logs/cosine/sync/h80/lr-0.009-b1-0.9-b2-0.98/s42/metrics.jsonl"",""result.json"":""logs/cosine/sync/h80/lr-0.009-b1-0.9-b2-0.98/s42/result.json"",""resolved.yaml"":""logs/cosine/sync/h80/lr-0.009-b1-0.9-b2-0.98/s42/resolved.yaml"",""receipt.json"":""logs/cosine/sync/h80/lr-0.009-b1-0.9-b2-0.98/s42/receipt.json"",""request.json"":""logs/cosine/sync/h80/lr-0.009-b1-0.9-b2-0.98/s42/request.json"",""environment.json"":""shared/environment-5d39bd3d0dec5a52c7cb2ed848bac4a7f1931ec3cd58e3332ad4656d516e82fe.json""}"
sync-cosine-h80--0.009--0.9--0.98--s43,sync,80,1732284.2542846717,1695284.2912179877,1550682.5116543695,102.06915864000621,1154.8493587060075,39.47825336456299,2565646,2026-09-16,"{""metrics.jsonl"":""logs/cosine/sync/h80/lr-0.009-b1-0.9-b2-0.98/s43/metrics.jsonl"",""result.json"":""logs/cosine/sync/h80/lr-0.009-b1-0.9-b2-0.98/s43/result.json"",""resolved.yaml"":""logs/cosine/sync/h80/lr-0.009-b1-0.9-b2-0.98/s43/resolved.yaml"",""receipt.json"":""logs/cosine/sync/h80/lr-0.009-b1-0.9-b2-0.98/s43/receipt.json"",""request.json"":""logs/cosine/sync/h80/lr-0.009-b1-0.9-b2-0.98/s43/request.json"",""environment.json"":""shared/environment-6a238bacf5ae7f35a7d5ae4c8126be48edd47b6ab5c907440f44e8e341869d33.json""}"
sync-cosine-h80--0.009--0.9--0.98--s44,sync,80,1739413.9103091925,1700830.9488889298,1555343.0188745244,101.7028949430096,1151.264518697004,39.47825336456299,2565647,2026-09-16,"{""metrics.jsonl"":""logs/cosine/sync/h80/lr-0.009-b1-0.9-b2-0.98/s44/metrics.jsonl"",""result.json"":""logs/cosine/sync/h80/lr-0.009-b1-0.9-b2-0.98/s44/result.json"",""resolved.yaml"":""logs/cosine/sync/h80/lr-0.009-b1-0.9-b2-0.98/s44/resolved.yaml"",""receipt.json"":""logs/cosine/sync/h80/lr-0.009-b1-0.9-b2-0.98/s44/receipt.json"",""request.json"":""logs/cosine/sync/h80/lr-0.009-b1-0.9-b2-0.98/s44/request.json"",""environment.json"":""shared/environment-78651ef52e17eb0a1649cc8794fef538b00dfa6ec0a5bd5673f6e84b7ca91cbb.json""}"
sync-cosine-h80--0.009--0.9--0.99--s42,sync,80,1791350.8626035706,1726446.2224568177,1575864.3952548632,99.23547485699237,1135.56173248899,39.47825336456299,2563765,2026-09-16,"{""metrics.jsonl"":""logs/cosine/sync/h80/lr-0.009-b1-0.9-b2-0.99/s42/metrics.jsonl"",""result.json"":""logs/cosine/sync/h80/lr-0.009-b1-0.9-b2-0.99/s42/result.json"",""resolved.yaml"":""logs/cosine/sync/h80/lr-0.009-b1-0.9-b2-0.99/s42/resolved.yaml"",""receipt.json"":""logs/cosine/sync/h80/lr-0.009-b1-0.9-b2-0.99/s42/receipt.json"",""request.json"":""logs/cosine/sync/h80/lr-0.009-b1-0.9-b2-0.99/s42/request.json"",""environment.json"":""shared/environment-3fc7b1f72d8659eaf97ca14608c1775b988ac56792c8c68ca66f9039d03cd9e1.json""}"
sync-cosine-h80--0.009--0.9--0.99--s43,sync,80,1752849.1861460912,1718226.7775247698,1569996.0898522364,100.76686541600793,1140.460225909992,39.47825336456299,2565651,2026-09-16,"{""metrics.jsonl"":""logs/cosine/sync/h80/lr-0.009-b1-0.9-b2-0.99/s43/metrics.jsonl"",""result.json"":""logs/cosine/sync/h80/lr-0.009-b1-0.9-b2-0.99/s43/result.json"",""resolved.yaml"":""logs/cosine/sync/h80/lr-0.009-b1-0.9-b2-0.99/s43/resolved.yaml"",""receipt.json"":""logs/cosine/sync/h80/lr-0.009-b1-0.9-b2-0.99/s43/receipt.json"",""request.json"":""logs/cosine/sync/h80/lr-0.009-b1-0.9-b2-0.99/s43/request.json"",""environment.json"":""shared/environment-7ab84c092ef7848616d32cbd8e932d39f1181efe4d20c94eab1c991e688124d7.json""}"
sync-cosine-h80--0.009--0.9--0.99--s44,sync,80,1789639.8114929334,1755181.4451716077,1603288.5670109075,98.61753222800326,1116.7251979709981,39.47825336456299,2565652,2026-09-16,"{""metrics.jsonl"":""logs/cosine/sync/h80/lr-0.009-b1-0.9-b2-0.99/s44/metrics.jsonl"",""result.json"":""logs/cosine/sync/h80/lr-0.009-b1-0.9-b2-0.99/s44/result.json"",""resolved.yaml"":""logs/cosine/sync/h80/lr-0.009-b1-0.9-b2-0.99/s44/resolved.yaml"",""receipt.json"":""logs/cosine/sync/h80/lr-0.009-b1-0.9-b2-0.99/s44/receipt.json"",""request.json"":""logs/cosine/sync/h80/lr-0.009-b1-0.9-b2-0.99/s44/request.json"",""environment.json"":""shared/environment-8dc893d423b555c42b1f96b4156e00b637f350cbc760f69b964856fb323b8edf.json""}"
sync-cosine-h80--0.009--0.9--0.999--s42,sync,80,1787418.086912149,1752806.4724473914,1599247.660000044,99.97662911900261,1120.6872370079946,39.47825336456299,2565656,2026-09-16,"{""metrics.jsonl"":""logs/cosine/sync/h80/lr-0.009-b1-0.9-b2-0.999/s42/metrics.jsonl"",""result.json"":""logs/cosine/sync/h80/lr-0.009-b1-0.9-b2-0.999/s42/result.json"",""resolved.yaml"":""logs/cosine/sync/h80/lr-0.009-b1-0.9-b2-0.999/s42/resolved.yaml"",""receipt.json"":""logs/cosine/sync/h80/lr-0.009-b1-0.9-b2-0.999/s42/receipt.json"",""request.json"":""logs/cosine/sync/h80/lr-0.009-b1-0.9-b2-0.999/s42/request.json"",""environment.json"":""shared/environment-5791611dbc87d79626a903da4db11529288b69d2865013c81416e4e46a836820.json""}"
sync-cosine-h80--0.009--0.9--0.999--s43,sync,80,1737503.4079406315,1699848.753555477,1552202.5235082908,101.90785275100643,1153.550657918,39.47825336456299,2566232,2026-09-16,"{""metrics.jsonl"":""logs/cosine/sync/h80/lr-0.009-b1-0.9-b2-0.999/s43/metrics.jsonl"",""result.json"":""logs/cosine/sync/h80/lr-0.009-b1-0.9-b2-0.999/s43/result.json"",""resolved.yaml"":""logs/cosine/sync/h80/lr-0.009-b1-0.9-b2-0.999/s43/resolved.yaml"",""receipt.json"":""logs/cosine/sync/h80/lr-0.009-b1-0.9-b2-0.999/s43/receipt.json"",""request.json"":""logs/cosine/sync/h80/lr-0.009-b1-0.9-b2-0.999/s43/request.json"",""environment.json"":""shared/environment-3565d55dfd337af183bc424bd14d1d51a8fa46c45bc058b9309d78f5f82b686d.json""}"
sync-cosine-h80--0.009--0.9--0.999--s44,sync,80,1752053.0145617411,1718177.5410571017,1569438.3836534896,100.55365097000322,1140.6534636310098,39.47825336456299,2566489,2026-09-16,"{""metrics.jsonl"":""logs/cosine/sync/h80/lr-0.009-b1-0.9-b2-0.999/s44/metrics.jsonl"",""result.json"":""logs/cosine/sync/h80/lr-0.009-b1-0.9-b2-0.999/s44/result.json"",""resolved.yaml"":""logs/cosine/sync/h80/lr-0.009-b1-0.9-b2-0.999/s44/resolved.yaml"",""receipt.json"":""logs/cosine/sync/h80/lr-0.009-b1-0.9-b2-0.999/s44/receipt.json"",""request.json"":""logs/cosine/sync/h80/lr-0.009-b1-0.9-b2-0.999/s44/request.json"",""environment.json"":""shared/environment-b7db390becd55bfe61a631bfda5f8c27818e3d3e8c850c9da05d49003091b28d.json""}"
sync-cosine-h80--0.01--0.9--0.98--s42,sync,80,1737137.051386767,1704884.7850590085,1558049.062367479,101.1919676319958,1148.8654475229996,39.47825336456299,2565648,2026-09-16,"{""metrics.jsonl"":""logs/cosine/sync/h80/lr-0.01-b1-0.9-b2-0.98/s42/metrics.jsonl"",""result.json"":""logs/cosine/sync/h80/lr-0.01-b1-0.9-b2-0.98/s42/result.json"",""resolved.yaml"":""logs/cosine/sync/h80/lr-0.01-b1-0.9-b2-0.98/s42/resolved.yaml"",""receipt.json"":""logs/cosine/sync/h80/lr-0.01-b1-0.9-b2-0.98/s42/receipt.json"",""request.json"":""logs/cosine/sync/h80/lr-0.01-b1-0.9-b2-0.98/s42/request.json"",""environment.json"":""shared/environment-fc37b620ebcba763b243c093284db6d34c6d574af393d11189af669058113b67.json""}"
sync-cosine-h80--0.01--0.9--0.98--s43,sync,80,1757370.8539211282,1722743.7011028489,1574068.0081672624,100.91249697298917,1137.9379791750107,39.47825336456299,2565649,2026-09-16,"{""metrics.jsonl"":""logs/cosine/sync/h80/lr-0.01-b1-0.9-b2-0.98/s43/metrics.jsonl"",""result.json"":""logs/cosine/sync/h80/lr-0.01-b1-0.9-b2-0.98/s43/result.json"",""resolved.yaml"":""logs/cosine/sync/h80/lr-0.01-b1-0.9-b2-0.98/s43/resolved.yaml"",""receipt.json"":""logs/cosine/sync/h80/lr-0.01-b1-0.9-b2-0.98/s43/receipt.json"",""request.json"":""logs/cosine/sync/h80/lr-0.01-b1-0.9-b2-0.98/s43/request.json"",""environment.json"":""shared/environment-f7ea616d7590feaf22ee6271593ad7283fc2e1f6100b9a190c06c53299b72816.json""}"
sync-cosine-h80--0.01--0.9--0.98--s44,sync,80,1753763.6448932765,1719446.012792012,1570372.3151208325,101.34168547700392,1140.794789407999,39.47825336456299,2565650,2026-09-16,"{""metrics.jsonl"":""logs/cosine/sync/h80/lr-0.01-b1-0.9-b2-0.98/s44/metrics.jsonl"",""result.json"":""logs/cosine/sync/h80/lr-0.01-b1-0.9-b2-0.98/s44/result.json"",""resolved.yaml"":""logs/cosine/sync/h80/lr-0.01-b1-0.9-b2-0.98/s44/resolved.yaml"",""receipt.json"":""logs/cosine/sync/h80/lr-0.01-b1-0.9-b2-0.98/s44/receipt.json"",""request.json"":""logs/cosine/sync/h80/lr-0.01-b1-0.9-b2-0.98/s44/request.json"",""environment.json"":""shared/environment-f99edd238c854d1a7848834c1dcec56502e809aa331af467a9305463840a3083.json""}"
sync-cosine-h80--0.01--0.9--0.99--s42,sync,80,1738824.5889289586,1700937.4856927525,1554287.014366768,102.4379370960014,1152.6431966320015,39.47825336456299,2565653,2026-09-16,"{""metrics.jsonl"":""logs/cosine/sync/h80/lr-0.01-b1-0.9-b2-0.99/s42/metrics.jsonl"",""result.json"":""logs/cosine/sync/h80/lr-0.01-b1-0.9-b2-0.99/s42/result.json"",""resolved.yaml"":""logs/cosine/sync/h80/lr-0.01-b1-0.9-b2-0.99/s42/resolved.yaml"",""receipt.json"":""logs/cosine/sync/h80/lr-0.01-b1-0.9-b2-0.99/s42/receipt.json"",""request.json"":""logs/cosine/sync/h80/lr-0.01-b1-0.9-b2-0.99/s42/request.json"",""environment.json"":""shared/environment-bc9f52fcdb0d4f41f7e6ccc4250809be15583231360431c393904ae792c093c8.json""}"
sync-cosine-h80--0.01--0.9--0.99--s43,sync,80,1715927.0978537672,1684975.9164284985,1532434.5040400312,102.17196037199756,1167.3778374380054,39.47825336456299,2565654,2026-09-16,"{""metrics.jsonl"":""logs/cosine/sync/h80/lr-0.01-b1-0.9-b2-0.99/s43/metrics.jsonl"",""result.json"":""logs/cosine/sync/h80/lr-0.01-b1-0.9-b2-0.99/s43/result.json"",""resolved.yaml"":""logs/cosine/sync/h80/lr-0.01-b1-0.9-b2-0.99/s43/resolved.yaml"",""receipt.json"":""logs/cosine/sync/h80/lr-0.01-b1-0.9-b2-0.99/s43/receipt.json"",""request.json"":""logs/cosine/sync/h80/lr-0.01-b1-0.9-b2-0.99/s43/request.json"",""environment.json"":""shared/environment-8e444a363411e18697754fdf2cfeea99d9d9f9cc37d14dc2f666d0ae5b5f1f47.json""}"
sync-cosine-h80--0.01--0.9--0.99--s44,sync,80,1722931.4261883278,1690777.488748359,1545627.1512334389,102.67864956399717,1158.786832093996,39.47825336456299,2565655,2026-09-16,"{""metrics.jsonl"":""logs/cosine/sync/h80/lr-0.01-b1-0.9-b2-0.99/s44/metrics.jsonl"",""result.json"":""logs/cosine/sync/h80/lr-0.01-b1-0.9-b2-0.99/s44/result.json"",""resolved.yaml"":""logs/cosine/sync/h80/lr-0.01-b1-0.9-b2-0.99/s44/resolved.yaml"",""receipt.json"":""logs/cosine/sync/h80/lr-0.01-b1-0.9-b2-0.99/s44/receipt.json"",""request.json"":""logs/cosine/sync/h80/lr-0.01-b1-0.9-b2-0.99/s44/request.json"",""environment.json"":""shared/environment-a0bf75166f923f95d041cd4bec75f70bdcd8ddb592a3a6d4a1b08f11ea03451b.json""}"
sync-cosine-h80--0.01--0.9--0.999--s42,sync,80,1746968.9638517965,1713821.5518419852,1567873.19206611,101.75502068800415,1142.8757620290016,39.47825336456299,2566491,2026-09-16,"{""metrics.jsonl"":""logs/cosine/sync/h80/lr-0.01-b1-0.9-b2-0.999/s42/metrics.jsonl"",""result.json"":""logs/cosine/sync/h80/lr-0.01-b1-0.9-b2-0.999/s42/result.json"",""resolved.yaml"":""logs/cosine/sync/h80/lr-0.01-b1-0.9-b2-0.999/s42/resolved.yaml"",""receipt.json"":""logs/cosine/sync/h80/lr-0.01-b1-0.9-b2-0.999/s42/receipt.json"",""request.json"":""logs/cosine/sync/h80/lr-0.01-b1-0.9-b2-0.999/s42/request.json"",""environment.json"":""shared/environment-a201d3f32f3c148b858841cfe3d1aafc23d40fddcbb36c07df178f067f599501.json""}"
sync-cosine-h80--0.01--0.9--0.999--s43,sync,80,1758805.14213014,1717090.9136035843,1569388.3082961133,101.10356336399855,1141.2021433460031,39.47825336456299,2566723,2026-09-16,"{""metrics.jsonl"":""logs/cosine/sync/h80/lr-0.01-b1-0.9-b2-0.999/s43/metrics.jsonl"",""result.json"":""logs/cosine/sync/h80/lr-0.01-b1-0.9-b2-0.999/s43/result.json"",""resolved.yaml"":""logs/cosine/sync/h80/lr-0.01-b1-0.9-b2-0.999/s43/resolved.yaml"",""receipt.json"":""logs/cosine/sync/h80/lr-0.01-b1-0.9-b2-0.999/s43/receipt.json"",""request.json"":""logs/cosine/sync/h80/lr-0.01-b1-0.9-b2-0.999/s43/request.json"",""environment.json"":""shared/environment-5e9782c642d455a3c53e1248492b3a3a6e3053bc439ba8de28a99c4b11103c02.json""}"
sync-cosine-h80--0.01--0.9--0.999--s44,sync,80,1743903.1237519805,1711451.9246688168,1562096.8286265314,100.54272706698976,1145.502478769995,39.47825336456299,2566724,2026-09-16,"{""metrics.jsonl"":""logs/cosine/sync/h80/lr-0.01-b1-0.9-b2-0.999/s44/metrics.jsonl"",""result.json"":""logs/cosine/sync/h80/lr-0.01-b1-0.9-b2-0.999/s44/result.json"",""resolved.yaml"":""logs/cosine/sync/h80/lr-0.01-b1-0.9-b2-0.999/s44/resolved.yaml"",""receipt.json"":""logs/cosine/sync/h80/lr-0.01-b1-0.9-b2-0.999/s44/receipt.json"",""request.json"":""logs/cosine/sync/h80/lr-0.01-b1-0.9-b2-0.999/s44/request.json"",""environment.json"":""shared/environment-5d4fa1dc1cc3bf9214acde8ea9a24136ac09c53e7b920046e81131f7a3684365.json""}"
sync-cosine-h80--0.011--0.9--0.98--s42,sync,80,1782352.6434506646,1688666.33060978,1547066.5372858539,99.92722071800381,1155.6536081700178,39.47825336456299,2578217,2026-09-17,"{""metrics.jsonl"":""logs/cosine/sync/h80/lr-0.011-b1-0.9-b2-0.98/s42/metrics.jsonl"",""result.json"":""logs/cosine/sync/h80/lr-0.011-b1-0.9-b2-0.98/s42/result.json"",""resolved.yaml"":""logs/cosine/sync/h80/lr-0.011-b1-0.9-b2-0.98/s42/resolved.yaml"",""receipt.json"":""logs/cosine/sync/h80/lr-0.011-b1-0.9-b2-0.98/s42/receipt.json"",""request.json"":""logs/cosine/sync/h80/lr-0.011-b1-0.9-b2-0.98/s42/request.json"",""environment.json"":""shared/environment-1563a2e3e5b2f1cb8c78ba39e7a1cad4dfa1f50cc5bb66ecbb5d4b98a2478048.json""}"
sync-cosine-h80--0.011--0.9--0.98--s43,sync,80,1787617.7633200902,1693411.996902278,1550986.4667924237,99.41390789797879,1152.4953211849788,39.47825336456299,2578218,2026-09-17,"{""metrics.jsonl"":""logs/cosine/sync/h80/lr-0.011-b1-0.9-b2-0.98/s43/metrics.jsonl"",""result.json"":""logs/cosine/sync/h80/lr-0.011-b1-0.9-b2-0.98/s43/result.json"",""resolved.yaml"":""logs/cosine/sync/h80/lr-0.011-b1-0.9-b2-0.98/s43/resolved.yaml"",""receipt.json"":""logs/cosine/sync/h80/lr-0.011-b1-0.9-b2-0.98/s43/receipt.json"",""request.json"":""logs/cosine/sync/h80/lr-0.011-b1-0.9-b2-0.98/s43/request.json"",""environment.json"":""shared/environment-a2cba48aa6fc296eef157230061b42d5783be2bb900b06381807be3e5d0f6923.json""}"
sync-cosine-h80--0.011--0.9--0.98--s44,sync,80,1726232.6660818567,1638303.1038812627,1501186.8520662435,102.7777387410024,1190.731478296002,39.47825336456299,2578219,2026-09-17,"{""metrics.jsonl"":""logs/cosine/sync/h80/lr-0.011-b1-0.9-b2-0.98/s44/metrics.jsonl"",""result.json"":""logs/cosine/sync/h80/lr-0.011-b1-0.9-b2-0.98/s44/result.json"",""resolved.yaml"":""logs/cosine/sync/h80/lr-0.011-b1-0.9-b2-0.98/s44/resolved.yaml"",""receipt.json"":""logs/cosine/sync/h80/lr-0.011-b1-0.9-b2-0.98/s44/receipt.json"",""request.json"":""logs/cosine/sync/h80/lr-0.011-b1-0.9-b2-0.98/s44/request.json"",""environment.json"":""shared/environment-dd4e9fb35c6406b6b748cb67c602b0563d8ecd86fa6eb8285926836220f1372e.json""}"
sync-cosine-h80--0.011--0.9--0.99--s42,sync,80,1765013.2697892513,1703550.848526361,1557731.1185881956,99.9909633990028,1148.3997973240039,39.47825336456299,2577809,2026-09-17,"{""metrics.jsonl"":""logs/cosine/sync/h80/lr-0.011-b1-0.9-b2-0.99/s42/metrics.jsonl"",""result.json"":""logs/cosine/sync/h80/lr-0.011-b1-0.9-b2-0.99/s42/result.json"",""resolved.yaml"":""logs/cosine/sync/h80/lr-0.011-b1-0.9-b2-0.99/s42/resolved.yaml"",""receipt.json"":""logs/cosine/sync/h80/lr-0.011-b1-0.9-b2-0.99/s42/receipt.json"",""request.json"":""logs/cosine/sync/h80/lr-0.011-b1-0.9-b2-0.99/s42/request.json"",""environment.json"":""shared/environment-49ecb81086c7fddd2833ec3696ef1dc33818488f0341a77bba791c64d8a59750.json""}"
sync-cosine-h80--0.011--0.9--0.99--s43,sync,80,1717989.779824548,1630741.9928568942,1495411.8004879456,102.83301819101325,1195.0117353459937,39.47825336456299,2578220,2026-09-17,"{""metrics.jsonl"":""logs/cosine/sync/h80/lr-0.011-b1-0.9-b2-0.99/s43/metrics.jsonl"",""result.json"":""logs/cosine/sync/h80/lr-0.011-b1-0.9-b2-0.99/s43/result.json"",""resolved.yaml"":""logs/cosine/sync/h80/lr-0.011-b1-0.9-b2-0.99/s43/resolved.yaml"",""receipt.json"":""logs/cosine/sync/h80/lr-0.011-b1-0.9-b2-0.99/s43/receipt.json"",""request.json"":""logs/cosine/sync/h80/lr-0.011-b1-0.9-b2-0.99/s43/request.json"",""environment.json"":""shared/environment-13fb7e4cdd7daeef38398e1abb76dae3585f6b88eecf818e6d6f930e9e14910a.json""}"
sync-cosine-h80--0.011--0.9--0.99--s44,sync,80,1741956.1966674423,1652701.7915401934,1514976.0479535798,102.51961160500105,1180.441504205999,39.47825336456299,2578221,2026-09-17,"{""metrics.jsonl"":""logs/cosine/sync/h80/lr-0.011-b1-0.9-b2-0.99/s44/metrics.jsonl"",""result.json"":""logs/cosine/sync/h80/lr-0.011-b1-0.9-b2-0.99/s44/result.json"",""resolved.yaml"":""logs/cosine/sync/h80/lr-0.011-b1-0.9-b2-0.99/s44/resolved.yaml"",""receipt.json"":""logs/cosine/sync/h80/lr-0.011-b1-0.9-b2-0.99/s44/receipt.json"",""request.json"":""logs/cosine/sync/h80/lr-0.011-b1-0.9-b2-0.99/s44/request.json"",""environment.json"":""shared/environment-25a98e9ca0185bd7c252bfcdb77d1c82b0a6f2cf076b58c356f76c4302127c3b.json""}"
sync-cosine-h80--0.011--0.9--0.999--s42,sync,80,1747297.3992587111,1657110.3977216638,1519863.9125742537,101.25610985599997,1175.7039916199992,39.47825336456299,2578222,2026-09-17,"{""metrics.jsonl"":""logs/cosine/sync/h80/lr-0.011-b1-0.9-b2-0.999/s42/metrics.jsonl"",""result.json"":""logs/cosine/sync/h80/lr-0.011-b1-0.9-b2-0.999/s42/result.json"",""resolved.yaml"":""logs/cosine/sync/h80/lr-0.011-b1-0.9-b2-0.999/s42/resolved.yaml"",""receipt.json"":""logs/cosine/sync/h80/lr-0.011-b1-0.9-b2-0.999/s42/receipt.json"",""request.json"":""logs/cosine/sync/h80/lr-0.011-b1-0.9-b2-0.999/s42/request.json"",""environment.json"":""shared/environment-16d36376df82c9787faaea9bbb414dec60dbc6a01e2d0fcf5725450a02435d6c.json""}"
sync-cosine-h80--0.011--0.9--0.999--s43,sync,80,1775719.7991485277,1682630.7291493255,1542555.1045551116,100.512396413018,1159.338254190021,39.47825336456299,2578223,2026-09-17,"{""metrics.jsonl"":""logs/cosine/sync/h80/lr-0.011-b1-0.9-b2-0.999/s43/metrics.jsonl"",""result.json"":""logs/cosine/sync/h80/lr-0.011-b1-0.9-b2-0.999/s43/result.json"",""resolved.yaml"":""logs/cosine/sync/h80/lr-0.011-b1-0.9-b2-0.999/s43/resolved.yaml"",""receipt.json"":""logs/cosine/sync/h80/lr-0.011-b1-0.9-b2-0.999/s43/receipt.json"",""request.json"":""logs/cosine/sync/h80/lr-0.011-b1-0.9-b2-0.999/s43/request.json"",""environment.json"":""shared/environment-ec3c09089b970ee14f770b659d0270758071cc48009830c9e94c7ad38792d2a8.json""}"
sync-cosine-h80--0.011--0.9--0.999--s44,sync,80,1783579.0563257341,1689607.7277670086,1548940.1656906365,100.31655083101941,1154.754840968002,39.47825336456299,2578224,2026-09-17,"{""metrics.jsonl"":""logs/cosine/sync/h80/lr-0.011-b1-0.9-b2-0.999/s44/metrics.jsonl"",""result.json"":""logs/cosine/sync/h80/lr-0.011-b1-0.9-b2-0.999/s44/result.json"",""resolved.yaml"":""logs/cosine/sync/h80/lr-0.011-b1-0.9-b2-0.999/s44/resolved.yaml"",""receipt.json"":""logs/cosine/sync/h80/lr-0.011-b1-0.9-b2-0.999/s44/receipt.json"",""request.json"":""logs/cosine/sync/h80/lr-0.011-b1-0.9-b2-0.999/s44/request.json"",""environment.json"":""shared/environment-25271b72f2676828eda35994b7ff7d49c93a3d0817a09374cf89d5785ce4e391.json""}"
