case,category,repeat,allocation,order,steps_per_window,native_tokens_per_second,candidate_tokens_per_second,speedup,original_baseline_tokens_per_second,native_startup_seconds,native_elapsed_seconds,native_training_seconds,native_peak_allocated_bytes,native_peak_reserved_bytes,candidate_startup_seconds,candidate_elapsed_seconds,candidate_training_seconds,candidate_peak_allocated_bytes,candidate_peak_reserved_bytes
20m-sync-b4-c512-clip1,small_batch,0,3350704,native then candidate,480,190040.1068020227,788083.8963524168,4.146934610878827,169174.0502478336,6.005323735997081,32.08626054102206,25.844271052978,727191552,752877568,12.497475451003993,19.000299064995488,6.27168057099334,481327104,1344274432
20m-sync-b4-c512-clip1,small_batch,1,3351052,candidate then native,480,187020.04055140805,789221.4337058387,4.2199832241448885,194205.9264928828,6.965284120000433,33.56566742599898,26.32775754999966,727191552,752877568,11.614654673001496,18.305297562001215,6.450703799997427,481327104,1344274432
20m-sync-b4-c512-clip1,small_batch,2,3351272,native then candidate,480,177265.81054775516,786027.1180636372,4.434172137508054,201777.17198130407,4.930270167009439,32.656003814016,27.459203860984417,727191552,752877568,10.734994850994553,17.268764531996567,6.287332620966481,481327104,1344274432
20m-sync-b4-c512-clipoff,small_batch,0,3350704,candidate then native,480,195702.96482869628,786342.0166874225,4.018038343853029,165561.68911869059,5.88240856199991,31.385731250979006,25.276441344991326,727191552,752877568,12.191803891997552,18.687722886999836,6.2720209840044845,481327104,1344274432
20m-sync-b4-c512-clipoff,small_batch,1,3351052,native then candidate,480,203214.7198115796,787272.1289495433,3.874090074181147,180394.6434952512,5.734243435996177,30.168253312996967,24.188439834000746,727191552,752877568,11.734517944001709,18.219645774999663,6.24602534099904,481327104,1344274432
20m-sync-b4-c512-clipoff,small_batch,2,3351272,candidate then native,480,168314.61022174289,786146.8324641187,4.670698707785524,197490.22723703584,4.955477184994379,34.231161511997925,29.007992613012902,727191552,752877568,10.610680743993726,17.11207795300288,6.248344498017104,481327104,1344274432
20m-sync-b4-c1024-clip1,small_batch,0,3350704,native then candidate,480,386355.852730673,1123019.2255021485,2.9066965533585445,323732.80831506825,5.692600037000375,31.466285651986254,25.54322346599656,1067495424,1203765248,11.641868930018973,20.625485237018438,8.75461062398972,482293760,1902116864
20m-sync-b4-c1024-clip1,small_batch,1,3351052,candidate then native,480,392305.57809254376,1120670.14423829,2.856625566445367,399332.34543641267,5.960166422999464,31.392189674999827,25.190222292996623,1067495424,1203765248,11.93901036799798,21.03110012700199,8.827535229003843,482293760,1902116864
20m-sync-b4-c1024-clip1,small_batch,2,3351272,native then candidate,480,312847.3744993968,1121494.6694818377,3.5847980865314883,367103.52618323755,5.176159434020519,36.79470365101588,31.3479063900013,1067495424,1203765248,10.640240142965922,19.657588895002846,8.764699430961628,482293760,1902116864
20m-sync-b4-c1024-clipoff,small_batch,0,3350704,candidate then native,480,385608.41835386446,1122358.704147389,2.910617742575902,340859.0804679083,5.927574639994418,32.099950217001606,25.930280061031226,1067495424,1203765248,12.843198223999934,21.840510018984787,8.756610063952394,482293760,1902116864
20m-sync-b4-c1024-clipoff,small_batch,1,3351052,native then candidate,480,385093.3354115742,1118484.404023847,2.9044501713550828,396382.41850234935,5.90315631699923,31.703975426000397,25.550208655997267,1067495424,1203765248,12.051429986000585,21.109438804000092,8.815789935000794,482293760,1902116864
20m-sync-b4-c1024-clipoff,small_batch,2,3351272,candidate then native,480,333572.2973357827,1123472.9009528589,3.3680042075614605,378752.5432979299,5.161931620008545,34.9876756540034,29.54825840104604,1067495424,1203765248,10.594789220020175,19.60960914401221,8.748007611982757,482293760,1902116864
20m-sync-b8-c512-clip1,small_batch,0,3350705,native then candidate,480,401433.4602308515,1169491.7741686278,2.9132892248097373,362699.711384074,7.870775658986531,32.63064840401057,24.494104512006743,1066446848,1201668096,14.807688361004693,23.48920017600176,8.424782900954597,481245184,1895825408
20m-sync-b8-c512-clip1,small_batch,1,3351053,candidate then native,480,403972.2536969277,1180351.442955232,2.921862658024944,378824.5166196199,6.784333728999627,31.332180317000166,24.306846167000913,1066446848,1201668096,11.817557764996309,20.395152871999016,8.32965130500088,481245184,1895825408
20m-sync-b8-c512-clip1,small_batch,2,3351294,native then candidate,480,390534.8264194135,1171828.9390748201,3.000574749808199,361490.5781594154,6.013608262990601,31.33591407898348,25.081761459994595,1066446848,1201668096,11.802467453991994,20.78036536698346,8.388945951941423,481245184,1895825408
20m-sync-b8-c512-clipoff,small_batch,0,3350705,candidate then native,480,397792.8839953513,1170631.0518433752,2.9428154674005063,356136.73572610563,6.273760226991726,31.261421317991335,24.725174549006624,1066446848,1201668096,12.960762953996891,21.63798354798928,8.417033827980049,481245184,1895825408
20m-sync-b8-c512-clipoff,small_batch,1,3351053,native then candidate,480,389744.3588273535,1176742.857466642,3.0192684789772883,380394.80496658274,5.410462373998598,30.908183409999765,25.257112381001207,1066446848,1201668096,11.814318194999942,20.409126826998545,8.350921698001912,481245184,1895825408
20m-sync-b8-c512-clipoff,small_batch,2,3351294,candidate then native,480,397102.23258160986,1171740.2540579075,2.9507269360846493,383790.5978530776,5.681054156011669,30.596555023017572,24.68948014001944,1066446848,1201668096,11.17356929500238,19.822481953015085,8.400871320976876,481245184,1895825408
20m-sync-b8-c1024-clip1,small_batch,0,3350705,native then candidate,240,734964.8001548122,1403138.2919641477,1.9091231194590437,654492.1136102274,22.028039208002156,35.63246701899334,13.368844691984123,1742893056,2153775104,21.70932160000666,28.977116588997887,7.00780328703695,483833856,3229614080
20m-sync-b8-c1024-clip1,small_batch,1,3351053,candidate then native,240,733053.0406933588,1432617.746984021,1.9543166284788596,666262.052185996,18.003275866998592,31.639699211002153,13.402002701997844,1742893056,2153775104,19.818038702997,26.944083607999346,6.872421792006207,483833856,3229614080
20m-sync-b8-c1024-clip1,small_batch,2,3351294,native then candidate,240,781267.8349231347,1398875.7081262115,1.7905200311540286,656111.8140325599,18.2990905509796,31.1597567970166,12.632112259976566,1742893056,2153775104,19.67706966496189,26.939049048000015,7.0293902730045374,483833856,3229614080
20m-sync-b8-c1024-clipoff,small_batch,0,3350705,candidate then native,240,805294.654087192,1406422.422468477,1.7464693393037212,783121.3388853099,5.764174377982272,18.22934564901516,12.215823007019935,1745514496,2149580800,12.765824232978048,20.008999774989206,6.9895805490377825,483833856,3126853632
20m-sync-b8-c1024-clipoff,small_batch,1,3351053,native then candidate,240,807862.7258126049,1436273.1912163731,1.7778678794366567,610394.9516610036,6.002956568001537,18.507099365000613,12.240624838006624,1745514496,2149580800,12.14345879800021,19.218350505998387,6.835197688997141,483833856,3126853632
20m-sync-b8-c1024-clipoff,small_batch,2,3351294,candidate then native,240,770469.2627925279,1399447.7637955341,1.8163576814515672,614362.300041347,5.471179373998893,18.449157852010103,12.745425538014388,1745514496,2149580800,11.432025596994208,18.685776293015806,7.026181266963249,483833856,3126853632
20m-sync-b16-c512-clip1,small_batch,0,3350706,native then candidate,240,693178.8761972388,1488257.7269206939,2.1470038658495145,729987.9749191909,67.25030790000164,81.6572968630062,14.17875734300469,1742303232,2162163712,20.523805786004232,27.358383478000178,6.6067854600041755,482785280,2730491904
20m-sync-b16-c512-clip1,small_batch,1,3351055,candidate then native,240,711249.410382478,1511872.9061856417,2.1256578692594266,698752.7691749127,17.336992008029483,31.526691927021602,13.9411387250002,1742303232,2162163712,19.597346477996325,26.346481340005994,6.50186576397391,482785280,2730491904
20m-sync-b16-c512-clip1,small_batch,2,3351300,native then candidate,240,752450.3714661071,1464144.4461086039,1.9458352359582214,666309.3468910964,18.775163749996864,32.21939853799995,13.200775236000482,1742303232,2162163712,19.34866440100086,26.307924335997086,6.70634243799941,482785280,2730491904
20m-sync-b16-c512-clipoff,small_batch,0,3350706,candidate then native,240,780754.109706976,1489570.5254527933,1.9078612676298847,801859.4662930407,6.118828860999201,18.93041273400013,12.589167550009734,1744465920,2147483648,12.15760400200088,18.973218009996344,6.5954884059901815,482785280,3120562176
20m-sync-b16-c512-clipoff,small_batch,1,3351055,native then candidate,240,747282.3576336226,1511475.5801482443,2.022629819516347,618610.3075310609,5.2578781280026305,18.68459061201429,13.178190040984191,1744465920,2147483648,10.909075842006132,17.71854900100152,6.512570882012369,482785280,3120562176
20m-sync-b16-c512-clipoff,small_batch,2,3351300,candidate then native,240,720258.3143317213,1471225.0968350784,2.0426353539564874,693946.0018511777,5.547284034004406,19.49780820900196,13.708640518998436,1744465920,2147483648,11.442101249002008,18.367368070998054,6.687980338996567,482785280,3120562176
20m-sync-b16-c1024-clip1,small_batch,0,3350706,native then candidate,200,1326722.949734629,1629845.2641041202,1.228474463662607,1338970.2586414558,18.299129960993014,30.867561383995053,12.343917499005329,3079630848,4013948928,18.598571091999474,28.87585258600302,10.055805021002016,479918080,5542772736
20m-sync-b16-c1024-clip1,small_batch,1,3351055,candidate then native,200,1321906.6450349768,1666716.766161501,1.260843019756059,1064043.7235664164,17.969901715026936,30.6332888440229,12.402875221974682,3079630848,4013948928,18.292112121998798,28.361312324996106,9.82520793704316,479918080,5542772736
20m-sync-b16-c1024-clip1,small_batch,2,3351300,native then candidate,200,1314526.832901674,1585868.4294153794,1.2064176932126585,1177237.210035898,17.825764029999846,30.582845734999864,12.511106711997854,3079630848,4013948928,19.536901095998473,30.088992277000216,10.307965849999164,479918080,5542772736
20m-sync-b16-c1024-clipoff,small_batch,0,3350706,candidate then native,240,1361234.8249599005,1638847.6874330542,1.2039419337375032,1369652.582208096,5.283213062000868,19.94958833399869,14.446140460990136,3078451200,4007657472,11.116550177001045,23.3434059949941,12.006888710006024,479918080,5597298688
20m-sync-b16-c1024-clipoff,small_batch,1,3351055,native then candidate,240,1280991.3234060756,1672068.5401394498,1.3052926351550331,1208349.6629938185,5.316025812993757,20.930234794010175,15.353174878982827,3078451200,4007657472,10.86444012701395,22.889405363996048,11.749838535004528,479918080,5597298688
20m-sync-b16-c1024-clipoff,small_batch,2,3351300,candidate then native,240,1330517.439564629,1587942.2856491674,1.1934772430857974,1179825.0200960012,5.396814790001372,20.410389611999562,14.771755134996056,3078451200,4007657472,11.136699667997163,23.746040665999317,12.370060502998967,479918080,5597298688
20m-packed4-b4-c512-clip1,small_batch,0,3350707,native then candidate,160,477653.6383904714,980747.8527635258,2.0532615559431493,461751.52613757766,67.58111248796922,81.54686198898708,13.73419013703824,2990406144,3250585600,19.98474054399412,26.888426340010483,6.675462238985347,2040745984,4693426176
20m-packed4-b4-c512-clip1,small_batch,1,3351056,candidate then native,160,514452.87513931986,968446.7793143537,1.8824790882004245,507962.5769235827,18.465183709020494,31.432490990002407,12.74297908495646,2990165504,3221225472,19.108364191983128,26.090677906002384,6.760113040014403,2040745984,4768923648
20m-packed4-b4-c512-clip1,small_batch,2,3351301,native then candidate,160,518352.76771535183,980482.188918609,1.8915345879990186,514830.7829795051,19.49801063700579,33.24356737700873,12.824076740973396,2990406144,3250585600,18.766950936987996,25.694837774004554,6.689838945982046,2040745984,4693426176
20m-packed4-b4-c512-clipoff,small_batch,0,3350707,candidate then native,160,564871.0707963007,983399.1897326941,1.740926807149803,546916.9659880218,6.537373077997472,18.357837510004174,11.601297460962087,2990165504,3221225472,12.05391695900471,18.928695138019975,6.660399919055635,2040745984,4599054336
20m-packed4-b4-c512-clipoff,small_batch,1,3351056,native then candidate,160,540409.7139942078,969434.2826225309,1.7938875958712346,509705.5794477265,5.935806210007286,18.283030074991984,12.121390482992865,2990165504,3221225472,11.08463042799849,18.05958262900822,6.7485429989756085,2040745984,4599054336
20m-packed4-b4-c512-clipoff,small_batch,2,3351301,candidate then native,160,531864.6329473268,980874.1991176957,1.844217754585755,549513.3081847224,7.128793186013354,19.976090662006754,12.572323419008171,2990165504,3221225472,12.661169044004055,19.62967586898594,6.680425719037885,2040745984,4599054336
20m-packed4-b4-c1024-clip1,small_batch,0,3350707,native then candidate,160,956170.9644590361,1278116.8178189974,1.3367032312491371,832976.2701899244,19.079730219003977,33.10498623698368,13.791619591036579,4333817344,5085593600,18.170837879995815,28.64458130201092,10.252155297988793,2040647680,7157579776
20m-packed4-b4-c1024-clip1,small_batch,1,3351056,candidate then native,160,930148.8722412955,1247412.6990591155,1.3410892990208525,932620.6743883358,18.37669188401196,32.693999518000055,14.088286046026042,4333817344,5085593600,17.81005334603833,28.538437124021584,10.494597402983345,2040647680,7063207936
20m-packed4-b4-c1024-clip1,small_batch,2,3351301,native then candidate,160,968754.1047180496,1289233.32413837,1.3308158570472268,947290.2919489829,20.476414670964004,34.37118080499931,13.65028975502355,4333817344,5085593600,17.90227654800401,28.343675067997538,10.164903280034196,2040647680,7157579776
20m-packed4-b4-c1024-clipoff,small_batch,0,3350707,candidate then native,160,994494.6479068464,1276837.7622684687,1.2839061174998594,879257.8639087355,5.934053728997242,19.3314506370225,13.179464881977765,4333817344,5085593600,11.170062545977999,21.64804241398815,10.255481187981786,2040647680,7063207936
20m-packed4-b4-c1024-clipoff,small_batch,1,3351056,native then candidate,160,982787.9206730253,1248055.3873589819,1.269913234692891,980513.7237953248,5.821850938984426,19.379895352001768,13.33014967298368,4333817344,5085593600,11.164546693995362,21.878416633000597,10.484516580967465,2040647680,7063207936
20m-packed4-b4-c1024-clipoff,small_batch,2,3351301,candidate then native,160,946872.3568224281,1288290.5674900203,1.3605746943688843,1006885.7242078261,5.9292895950202364,19.999795906012878,13.8010977730155,4333817344,5085593600,11.807907704001991,22.2768292450055,10.183836082956987,2040647680,7063207936
20m-packed4-b8-c512-clip1,small_batch,0,3350774,native then candidate,160,809596.0127158113,1363059.2861424063,1.683628951642175,823869.7755845833,18.86791139698471,35.414833173999796,16.27995084502618,4332768768,5114953728,18.34327794701676,28.23079129800317,9.61665192100918,2039599104,7132413952
20m-packed4-b8-c512-clip1,small_batch,1,3351066,candidate then native,160,958969.8916780638,1302783.8666945505,1.3585242644217537,959719.9056521428,19.871529565018136,33.781779809010914,13.671532631997252,4332768768,5085593600,67.152127060981,77.43196445301874,10.041646563011454,2039599104,7161774080
20m-packed4-b8-c512-clip1,small_batch,2,3351302,native then candidate,160,928632.0080588098,1301626.6507338672,1.4016603341669824,947901.5346681513,21.993293785002606,36.37568679600008,14.1603022790041,4332768768,5114953728,20.6598102129974,30.928978771000402,10.047834043001785,2039599104,7132413952
20m-packed4-b8-c512-clipoff,small_batch,0,3350774,candidate then native,160,924627.8274519278,1359953.0227370157,1.4708112630405565,864672.0401294952,5.786575047997758,20.138464035990182,14.090366923046531,4332768768,5085593600,11.17117608699482,21.096976727014408,9.644320177962072,2039599104,7063207936
20m-packed4-b8-c512-clipoff,small_batch,1,3351066,native then candidate,160,1012251.3896546735,1303299.0840787753,1.2875251122385634,1022597.9654604828,6.921773502981523,20.10701938200509,12.956897762021981,4332768768,5085593600,12.548971598007483,22.82616830500774,10.047920365992468,2039599104,7063207936
20m-packed4-b8-c512-clipoff,small_batch,2,3351302,candidate then native,160,977627.1836707962,1303063.6132348177,1.3328839817465716,1018528.4967382149,7.021305153000867,20.676400840999122,13.426806492996548,4332768768,5085593600,13.337309152997477,23.603738617999625,10.042964639000274,2039599104,7063207936
20m-packed4-b8-c1024-clip1,small_batch,0,3350774,native then candidate,120,1242137.0329861438,1576481.4460411638,1.2691687021449183,1239009.9749715775,18.69969726499403,34.783646937983576,15.827568094013259,7003950592,8858370048,17.950821130973054,30.671183653001208,12.451860605971888,2037567488,12132024320
20m-packed4-b8-c1024-clip1,small_batch,1,3351066,candidate then native,120,1268917.3129503538,1478076.6334564525,1.1648328999623965,1216525.6741212248,18.720403907995205,34.42082987399772,15.471122403017944,7003950592,8858370048,19.002570715965703,32.52237687498564,13.290622975007864,2037567488,12211716096
20m-packed4-b8-c1024-clip1,small_batch,2,3351302,native then candidate,120,1265594.7614778061,1485021.3444220927,1.1733782326090438,1227306.1497990096,22.43662734499958,38.23297498699685,15.56406834199879,7003950592,8858370048,21.74194841100325,35.199633430001995,13.230058703997202,2037567488,12132024320
20m-packed4-b8-c1024-clipoff,small_batch,0,3350774,candidate then native,120,1259384.379088169,1582088.3643039071,1.2562394695171504,1251800.4277218545,6.4290461630153,22.302614381012972,15.587690352986101,7003950592,8829009920,11.0850276289857,23.833392264990835,12.45516596804373,2037567488,12102664192
20m-packed4-b8-c1024-clipoff,small_batch,1,3351066,native then candidate,120,1305432.8650500055,1478796.9232502342,1.1328019715464939,1249442.6551078628,5.952602370001841,21.24717835598858,15.066129930026364,7003950592,8829009920,11.457594400999369,24.97139639398665,13.280732471932424,2037567488,12102664192
20m-packed4-b8-c1024-clipoff,small_batch,2,3351302,candidate then native,120,1292015.3512067653,1483347.2894523488,1.1480879759415212,1255571.206087399,6.965496856002574,22.38918653899964,15.203509988001315,7003950592,8829009920,12.803218648998154,26.265845015001105,13.241071318003378,2037567488,12102664192
20m-packed4-b16-c512-clip1,small_batch,0,3350775,native then candidate,120,1283969.1540772691,1580757.6111268906,1.2311492111061733,1332453.6144846485,21.432431346038356,36.98839368901099,15.331187444011448,7002902016,8854175744,21.692946792958537,34.34755067899823,12.423960895015625,2036518912,12236881920
20m-packed4-b16-c512-clip1,small_batch,1,3351067,candidate then native,120,1319938.8307324587,1553197.0842634188,1.1767189873499826,1239188.1022417604,18.726628101983806,33.888453916995786,14.919570850004675,7002902016,8854175744,21.417080803978024,34.38611722100177,12.726532149041304,2036518912,12236881920
20m-packed4-b16-c512-clip1,small_batch,2,3351334,native then candidate,120,1315603.081418743,1586218.0327040826,1.2056965015569203,1272167.315534462,86.06099325399919,101.24815532700086,14.94423321100112,7002902016,8854175744,22.932484643999487,36.32277341399822,12.362880559001496,2036518912,12236881920
20m-packed4-b16-c512-clipoff,small_batch,0,3350775,candidate then native,120,1344605.4457612291,1577545.3880318108,1.1732403680238748,1384230.5469198816,6.97851098200772,21.890537763014436,14.681892421009252,7002902016,8824815616,12.7409886099922,25.427968125994084,12.44618431298295,2036518912,12102664192
20m-packed4-b16-c512-clipoff,small_batch,1,3351067,native then candidate,120,1341240.077105149,1553971.0843432203,1.1586077025801504,1299316.088926333,6.289878424984636,21.189853160991333,14.658480172045529,7002902016,8824815616,11.670588774984935,24.570809389988426,12.640618803008692,2036518912,12102664192
20m-packed4-b16-c512-clipoff,small_batch,2,3351334,candidate then native,120,1356367.3046309527,1584704.6309247408,1.1683447584693258,1278054.6369156493,7.390688629999204,22.2117042830032,14.588115452999773,7002902016,8824815616,12.90267930200207,25.525776123002288,12.382692396000493,2036518912,12102664192
20m-packed4-b16-c1024-clip1,small_batch,0,3350775,native then candidate,80,1471301.6041148575,1690368.0585990802,1.148892962443288,1508612.1245297785,21.11946806299966,39.156589310005074,17.806838956021238,12385766912,16441671680,20.84695893499884,36.58749246201478,15.503396957996301,2040909824,18092130304
20m-packed4-b16-c1024-clip1,small_batch,1,3351067,candidate then native,80,1472202.2547434561,1667660.5775872187,1.13276594449845,1452346.2560834659,19.327970245998586,37.439637139992556,17.86723813196295,12385766912,16420700160,19.33272966495133,35.360793196974555,15.71247804199811,2040909824,18196987904
20m-packed4-b16-c1024-clip1,small_batch,2,3351334,native then candidate,80,1495934.1920574945,1693491.4968676819,1.1320628312790075,1455909.640365428,20.94606487099736,38.70013841599939,17.523700967001787,12385766912,16441671680,19.730987038998137,35.4304276139992,15.459367878000194,2040909824,18092130304
20m-packed4-b16-c1024-clipoff,small_batch,0,3350775,candidate then native,80,1486370.8466102434,1688731.552581188,1.1361441570469712,1532244.7524138154,6.602915102994302,24.47232210499351,17.63428192792344,12385766912,16378757120,13.96985026303446,29.748667309992015,15.54316059598932,2040909824,18167627776
20m-packed4-b16-c1024-clipoff,small_batch,1,3351067,native then candidate,80,1492457.596561304,1668050.1549986182,1.1176532980514073,1467202.8347297078,7.1176036020042375,24.922823945991695,17.560043509001844,12385766912,16378757120,11.92605846200604,27.874529761000304,15.71060626101098,2040909824,18167627776
20m-packed4-b16-c1024-clipoff,small_batch,2,3351334,candidate then native,80,1517388.9527276338,1692951.9040261812,1.1157006916275214,1470005.604561502,6.337528404998011,23.846964005999325,17.268302610998944,12385766912,16378757120,11.665114713996445,27.36645144800059,15.46202858900142,2040909824,18167627776
20m-packed8-b4-c512-clip1,small_batch,0,3350776,native then candidate,120,733515.0665024262,1034024.1097732983,1.409683532069451,706551.272281315,20.76126808699337,34.624721762986155,13.625358144985512,5888961024,6339690496,21.046650091011543,30.801387788989814,9.511058180039981,3993773056,9130999808
20m-packed8-b4-c512-clip1,small_batch,1,3351071,candidate then native,120,708200.2852434447,1027466.2902445532,1.4508131550545202,624502.6865151263,20.826345419999598,34.931741602999864,13.888676398999905,5889288704,6310330368,59.336165824999625,69.11179182599972,9.558392888999606,3993773056,9145679872
20m-packed8-b4-c512-clip1,small_batch,2,3351336,native then candidate,120,710458.3389660083,1012824.7710572474,1.4255934732658628,642112.2206279715,21.95944748999318,35.9859617750044,13.799777399050072,5888961024,6339690496,21.58020768899587,31.515915683005005,9.70371467701625,3993773056,9130999808
20m-packed8-b4-c512-clipoff,small_batch,0,3350776,candidate then native,120,780024.8744317959,1034376.4263156003,1.326081334353709,769139.4205562936,6.214725320023717,19.14435989302001,12.690586267999606,5889288704,6310330368,12.28340312698856,22.044924827001523,9.516155119985342,3993773056,9040822272
20m-packed8-b4-c512-clipoff,small_batch,1,3351071,native then candidate,120,783909.674358641,1028739.7593077881,1.3123192543190079,712407.2522077683,6.476868704000026,19.312657805999606,12.617645360000097,5889288704,6310330368,11.834212203999869,21.607764110000062,9.546152041000369,3993773056,9040822272
20m-packed8-b4-c512-clipoff,small_batch,2,3351336,candidate then native,120,729698.8490852838,1015332.4201984345,1.3914403475779187,714595.4135240474,6.993871817976469,20.668168577976758,13.444833076006034,5889288704,6310330368,12.491662429034477,22.393466630019248,9.673582438990707,3993773056,9040822272
20m-packed8-b4-c1024-clip1,small_batch,0,3350776,native then candidate,80,1085482.1899556278,1312306.3631866958,1.2089616719002456,983751.7899193243,18.889763999002753,31.19632674800232,12.064265975990565,8599464448,10089398272,19.038653168012388,29.254217180015985,9.973572826944292,3991413760,14252244992
20m-packed8-b4-c1024-clip1,small_batch,1,3351071,candidate then native,80,1053359.2995229373,1298431.7940665784,1.2326580252859909,1008198.2140126635,17.99523279200048,30.80563839100023,12.5932727659997,8599464448,10089398272,18.996325796000292,29.284014364000086,10.070371395000166,3991413760,14048821248
20m-packed8-b4-c1024-clip1,small_batch,2,3351336,native then candidate,80,1037175.4134999617,1284908.3838963995,1.23885349302724,1002434.3050080608,21.10388320698985,33.973789826995926,12.639031528990017,8599464448,10089398272,20.570102438010508,30.9939728390018,10.191615590971196,3991413760,14252244992
20m-packed8-b4-c1024-clipoff,small_batch,0,3350776,candidate then native,80,1138307.0075348741,1310441.5305227113,1.1512197692260657,1010043.314592223,6.52375574701,18.352992823027307,11.584692394040758,8599464448,10089398272,12.488123214978259,22.785011661995668,10.04761205095565,3991413760,14082375680
20m-packed8-b4-c1024-clipoff,small_batch,1,3351071,native then candidate,80,1110616.4601634406,1299498.1145090456,1.170069201313484,1065194.1389277491,6.509346902999823,18.633745153999826,11.890728362000573,8599464448,10089398272,12.555601547000151,22.839388088000305,10.072429241999544,3991413760,14082375680
20m-packed8-b4-c1024-clipoff,small_batch,2,3351336,candidate then native,80,1078638.1429312006,1285519.915816176,1.1917990516474541,1044181.1268373455,7.22015471701161,19.726021687994944,12.276103081996553,8599464448,10089398272,13.170444216986652,23.587842963985167,10.18704697699286,3991413760,14082375680
20m-packed8-b8-c512-clip1,small_batch,0,3350777,native then candidate,120,1109350.3999766908,1341071.6370776817,1.20888011317782,1024052.6779119633,20.62038953701267,38.613624465011526,17.738742109999293,8598415872,10116661248,19.938097240024945,34.832619455002714,14.650124319043243,3990365184,14069792768
20m-packed8-b8-c512-clip1,small_batch,1,3351082,candidate then native,120,1110893.4739366209,1350702.5792736784,1.2158704781001703,1074706.5429925811,19.690999762999127,37.73883357699742,17.70066278599552,8598415872,10087301120,20.42565398300212,35.18574481100222,14.528316639003606,3990365184,14090764288
20m-packed8-b8-c512-clip1,small_batch,2,3351354,native then candidate,120,1109403.614751414,1318397.5894797405,1.1883840758668847,1054953.9403801817,19.525480326003162,37.48719061000156,17.713459604943637,8598415872,10116661248,19.17567725101253,34.338983922993066,14.906802852987312,3990365184,14069792768
20m-packed8-b8-c512-clipoff,small_batch,0,3350777,candidate then native,120,1137189.978885112,1345249.3049071224,1.1829591623960574,1055770.9784280271,6.3659478230110835,24.009679568000138,17.40309767902363,8598415872,10087301120,11.830724075989565,26.675292152009206,14.606826644041575,3990365184,14082375680
20m-packed8-b8-c512-clipoff,small_batch,1,3351082,native then candidate,120,1137847.4008034684,1350743.3452202154,1.1871041268507663,1092630.801663532,6.509639706000598,24.104774168001313,17.34886058599659,8598415872,10087301120,12.158498395998322,27.22790165100014,14.529067702002067,3990365184,14082375680
20m-packed8-b8-c512-clipoff,small_batch,2,3351354,candidate then native,120,1131475.4623928478,1320275.3272054556,1.1668616519648896,1045631.5717564154,6.6727810030279215,24.38646307500312,17.475376905087614,8598415872,10087301120,11.987279569002567,27.100274791999254,14.878033399028936,3990365184,14082375680
20m-packed8-b8-c1024-clip1,small_batch,0,3350777,native then candidate,80,1348804.6172011462,1541926.7902863962,1.1431802431741305,1302177.095807027,19.495605018018978,39.161937552009476,19.42500683403341,13940519424,17804820480,19.785517201991752,37.019804151990684,16.987131777976174,3990168576,24182259712
20m-packed8-b8-c1024-clip1,small_batch,1,3351082,candidate then native,80,1356967.8375816091,1553663.7859560037,1.1449525500360764,1334232.8737397129,19.500447365000582,39.03999185000066,19.318909334997443,13940519424,17804820480,19.477375954003946,36.899817868001264,16.85715328900551,3990168576,24224202752
20m-packed8-b8-c1024-clip1,small_batch,2,3351354,native then candidate,80,1336821.8932924364,1519880.624176786,1.1369357666887825,1342221.5917803985,19.19050563100609,39.059193824010435,19.63033489501686,13940519424,17804820480,18.999745264998637,36.4710065429972,17.240588139975443,3990168576,24182259712
20m-packed8-b8-c1024-clipoff,small_batch,0,3350777,candidate then native,80,1374812.6471995958,1544408.2802117683,1.1233590870418801,1324204.5550771037,6.680657114018686,26.04557576798834,19.125164807017427,13940519424,17699962880,12.210350478999317,29.431865685997764,16.953024060028838,3990168576,24173871104
20m-packed8-b8-c1024-clipoff,small_batch,1,3351082,native then candidate,80,1382265.3232984052,1553483.302043867,1.1238676655339195,1370808.8027857742,6.916302826997708,26.144806629999948,19.011471692003397,13940519424,17699962880,11.870025983000232,28.95907455699853,16.857712075001473,3990168576,24173871104
20m-packed8-b8-c1024-clipoff,small_batch,2,3351354,candidate then native,80,1366977.9790755739,1514018.148380402,1.1075658654020637,1377081.072824195,6.693545495014405,26.178639726014808,19.25007466596435,13940519424,17699962880,11.979207848984515,29.51983819299494,17.29493677194114,3990168576,24173871104
20m-packed8-b16-c512-clip1,small_batch,0,3350778,native then candidate,80,1330917.6674671292,1616914.7854831764,1.2148871601955127,1366609.569439307,26.902629653020995,46.84735591599019,19.702128417033236,13939470848,17802723328,20.87175494999974,37.36754985598964,16.215079930989305,3989120000,24138219520
20m-packed8-b16-c512-clip1,small_batch,1,3351097,candidate then native,80,1405938.9190470742,1601462.1743565898,1.1390695233346542,1390965.4196013932,19.58694736900361,38.54524440100067,18.718020678003086,13939470848,17781751808,20.789529078996566,37.38398230599705,16.354768796998542,3989120000,24138219520
20m-packed8-b16-c512-clip1,small_batch,2,3351355,native then candidate,80,1376261.9538985775,1604576.6651537097,1.1658948070230224,1394346.1805928831,20.43457324800056,39.720918924000216,19.04454971999894,13939470848,17802723328,20.84771135000028,37.42739888899996,16.342696975000763,3989120000,24138219520
20m-packed8-b16-c512-clipoff,small_batch,0,3350778,candidate then native,80,1368194.4252586311,1619476.2409697627,1.1836594354370589,1431291.8048011581,7.183360646973597,26.64678381299018,19.214984262012877,13939470848,17697865728,12.825712138001109,29.269380125013413,16.19114978396101,3989120000,24171773952
20m-packed8-b16-c512-clipoff,small_batch,1,3351097,native then candidate,80,1416918.008643772,1601563.0405807411,1.1303145494732652,1418391.3405155027,6.819542303001072,25.624503842002014,18.562016883002798,13939470848,17697865728,12.627579807001894,29.228880583003047,16.35885967100694,3989120000,24171773952
20m-packed8-b16-c512-clipoff,small_batch,2,3351355,candidate then native,80,1411389.5767365147,1607610.8974358416,1.1390270439385273,1413865.0211839399,6.91046196499974,25.797650534999775,18.647188509999978,13939470848,17697865728,12.848016520999408,29.37006711399954,16.28221073700115,3989120000,24171773952
20m-packed8-b16-c1024-clip1,small_batch,0,3350778,native then candidate,40,1512755.1123432657,1741261.5581650909,1.1510531638315653,1553725.5919226615,20.214221269008704,37.79586386700976,17.319479822996072,24698579456,32793165824,19.840037928021047,35.144647795008495,15.04729884697008,3996525568,36326866944
20m-packed8-b16-c1024-clip1,small_batch,1,3351097,candidate then native,40,1544982.9506166137,1719868.0282219604,1.1131954741219305,1540070.3361179968,20.504550861998723,37.7104181020004,16.96216301899767,24698579456,32793165824,20.32286777599802,35.801082981000945,15.233276311995724,3996525568,36326866944
20m-packed8-b16-c1024-clip1,small_batch,2,3351355,native then candidate,40,1550730.0063396827,1725781.5841612946,1.112883336948384,1537550.040234972,21.079646855000647,38.194545771000776,16.87736037800005,24698579456,32793165824,20.711929015999885,36.11374733999946,15.162245423999593,3996525568,36326866944
20m-packed8-b16-c1024-clipoff,small_batch,0,3350778,candidate then native,40,1538303.4668767797,1738057.9571762553,1.1298537607179924,1579049.4629730568,7.309499463008251,24.62037277899799,17.051443011005176,24698579456,32730251264,12.709671354008606,28.0458310089889,15.059819899994181,3996525568,36234592256
20m-packed8-b16-c1024-clipoff,small_batch,1,3351097,native then candidate,40,1565249.2684520942,1715632.620264376,1.0960762958611692,1571115.216471299,7.356725585999811,24.38311212299959,16.78524798000217,24698579456,32730251264,13.084249888004706,28.579112619001535,15.256160854998598,3996525568,36234592256
20m-packed8-b16-c1024-clipoff,small_batch,2,3351355,candidate then native,40,1565735.9225476803,1731327.5463237676,1.1057596120721593,1555101.1073520703,7.7631177170005685,24.878626577999967,16.877828397000485,24698579456,32730251264,13.563431737999963,28.923029755999778,15.114802684998722,3996525568,36234592256
50m-sync-b4-c512-clip1,small_batch,0,3350779,native then candidate,400,137065.26374769773,468276.9897582318,3.4164526952664724,155763.1668998632,7.807980543002486,38.49025936500402,30.437977519992273,1346372096,1379926016,16.305969346984057,25.30062267300673,8.743917766958475,1052453888,2202009600
50m-sync-b4-c512-clip1,small_batch,1,3351098,candidate then native,400,136778.2762573751,469466.0275649024,3.432314256406552,131105.7721754916,5.846159731998341,36.10467015701579,30.00957984101842,1346372096,1379926016,12.81426157100941,21.837298005004413,8.756000069988659,1052453888,2202009600
50m-sync-b4-c512-clip1,small_batch,2,3351356,native then candidate,400,165431.48342701842,470397.64102195617,2.8434590035546425,164525.88485316784,5.958277161989827,30.944218240998453,24.745207346015377,1346372096,1379926016,12.612967264984036,21.556152953999117,8.70836885101744,1052453888,2202009600
50m-sync-b4-c512-clipoff,small_batch,0,3350779,candidate then native,400,153488.65637406372,468219.1518189839,3.0505130664372855,148237.3257834533,7.422188369004289,34.297062151978025,26.6030192989856,1346372096,1379926016,15.377799186040647,24.404295662010554,8.767374011949869,1052453888,2202009600
50m-sync-b4-c512-clipoff,small_batch,1,3351098,native then candidate,400,136952.55388833128,468851.3366218675,3.423458148901412,132008.17068690056,6.4196047490113415,36.49312874302268,29.8373453830136,1346372096,1379926016,13.002911392017268,21.9838709050091,8.734801087033702,1052453888,2202009600
50m-sync-b4-c512-clipoff,small_batch,2,3351356,candidate then native,400,165741.59193527512,469687.2433302347,2.8338526126481005,156537.5419517619,5.715754642005777,30.678710278996732,24.723434899002314,1346372096,1379926016,13.277303083013976,22.23039108401281,8.72084199800156,1052453888,2202009600
50m-sync-b4-c1024-clip1,small_batch,0,3350779,native then candidate,200,288691.8863733041,630059.9371745567,2.1824649978553032,263190.20980338025,21.051518388005206,35.59925441100495,14.277617991989246,1902453248,1958739968,21.888562277017627,28.64083124199533,6.498308768030256,1058286592,3028287488
50m-sync-b4-c1024-clip1,small_batch,1,3351098,candidate then native,200,285967.0426990861,636231.0922631435,2.224840618898273,254844.51172966682,20.808317704999354,35.31193367601372,14.2406365640054,1902453248,1958739968,20.942356849031057,27.628896566020558,6.443836068006931,1058286592,3028287488
50m-sync-b4-c1024-clip1,small_batch,2,3351356,native then candidate,200,318187.05913330324,634458.8588941914,1.9939807125480467,314454.80930564133,20.484071159007726,33.5949212720152,12.877413067035377,1902453248,1958739968,20.537681783986045,27.220542604016373,6.4477520039945375,1058286592,3028287488
50m-sync-b4-c1024-clipoff,small_batch,0,3350779,candidate then native,200,301260.12986143294,631792.0937365827,2.0971646464707447,257304.7664188941,6.055756390996976,19.902361368003767,13.603424572007498,1907565056,1962934272,13.139849283994408,19.940945947979344,6.496979785966687,1058286592,3210739712
50m-sync-b4-c1024-clipoff,small_batch,1,3351098,native then candidate,200,296233.259619481,637463.6878674885,2.151897760185087,283228.3429747327,5.856317355995998,19.930485833989223,13.849655257014092,1907565056,1962934272,12.90518680299283,19.58880271000089,6.42912359701586,1058286592,3210739712
50m-sync-b4-c1024-clipoff,small_batch,2,3351356,candidate then native,200,342263.1061770692,634615.4746103723,1.8541743563855089,323387.0610808156,5.893496224976843,18.076250775979133,11.947115861985367,1907565056,1962934272,12.942444126994815,19.62210714200046,6.445212165010162,1058286592,3210739712
50m-sync-b8-c512-clip1,small_batch,0,3350780,native then candidate,200,286405.2183260863,647340.3152242994,2.2602252815354467,277857.6382943149,30.63992112100823,45.06358550398727,14.183008210966364,1899438592,1946157056,24.147344919038005,30.695567504997598,6.3191351130080875,1056975872,3242196992
50m-sync-b8-c512-clip1,small_batch,1,3351099,candidate then native,200,328190.83323110064,673808.1286039571,2.0530985645460875,257786.8524676451,21.206665592995705,33.962013444979675,12.504810111015104,1899438592,1946157056,22.990152851009043,29.333968863007613,6.076208381011384,1056975872,3242196992
50m-sync-b8-c512-clip1,small_batch,2,3351358,native then candidate,200,309751.7016071416,666292.4746924923,2.1510534768185123,335055.0116571472,22.319668589989305,35.76971378400049,13.213828645006288,1899438592,1946157056,22.066846793997684,28.43787798199628,6.138969088002341,1056975872,3242196992
50m-sync-b8-c512-clipoff,small_batch,0,3350780,candidate then native,200,263795.29081933456,648572.9702751515,2.458622245532577,256279.19952992492,5.975934498012066,21.728753347008023,15.51666581997415,1906254336,1958739968,14.21970639101346,20.763009103015065,6.313685978006106,1056975872,3206545408
50m-sync-b8-c512-clipoff,small_batch,1,3351099,native then candidate,200,305449.65522933693,672423.276431652,2.201420970427303,284961.18989962403,5.881948996015126,19.83202756199171,13.713257120951312,1906254336,1958739968,13.077235071978066,19.450202751992038,6.138391996035352,1056975872,3206545408
50m-sync-b8-c512-clipoff,small_batch,2,3351358,candidate then native,200,322931.25876731257,665687.8871510813,2.0613919188007173,337419.069396155,5.870877656998346,18.848799458995927,12.747381752997171,1906254336,1958739968,13.177333298983285,19.553607848996762,6.1439350949949585,1056975872,3206545408
50m-sync-b8-c1024-clip1,small_batch,0,3350780,native then candidate,200,609199.9644373326,731853.2080172502,1.20133494868668,534335.9165798804,20.827387738972902,34.66856318898499,13.583800170075847,2948948480,3315597312,21.635963423992507,33.031861719995504,11.168525542976568,1054223360,4896849920
50m-sync-b8-c1024-clip1,small_batch,1,3351099,candidate then native,200,552693.5463265815,785193.133079046,1.42066636800402,623150.6884158137,20.284034910000628,35.12847369798692,14.60300952999387,2948948480,3315597312,21.450956982997013,32.181132883008104,10.456485294969752,1054223360,4896849920
50m-sync-b8-c1024-clip1,small_batch,2,3351358,native then candidate,200,595705.7225165337,758844.8369092667,1.2738585651041905,466186.5592718692,20.182802836992778,34.15769121100311,13.743034130995511,2948948480,3315597312,21.71788518599351,32.72932837900589,10.774621351985843,1054223360,4896849920
50m-sync-b8-c1024-clipoff,small_batch,0,3350780,candidate then native,200,564847.6035514583,731802.2881588568,1.2955747418554617,529681.3415267378,6.611661485017976,21.37763122501201,14.534039612015476,2950783488,3315597312,14.015738544985652,25.42088008899009,11.17157654996845,1054223360,4712300544
50m-sync-b8-c1024-clipoff,small_batch,1,3351099,native then candidate,200,611475.706632372,783456.9162459612,1.281255997169135,622266.0481597212,5.769391514011659,19.45308128799661,13.406454466981813,2950783488,3315597312,12.838395219005179,23.537068819015985,10.44433404901065,1054223360,4712300544
50m-sync-b8-c1024-clipoff,small_batch,2,3351358,candidate then native,200,629642.3322298424,759121.5981053942,1.2056393912032697,540600.2790230648,5.991102996005793,19.26699556299718,13.041304091006168,2950783488,3315597312,13.222616994011332,24.231190413003787,10.774211271986132,1054223360,4712300544
50m-sync-b16-c512-clip1,small_batch,0,3350781,native then candidate,200,519949.585249308,797059.3115410476,1.532954990547535,610009.5459630628,31.77105773301446,47.680945427011466,15.647173742006999,2949341696,3330277376,25.800278468988836,36.38117480298388,10.292236974055413,1052912640,4861198336
50m-sync-b16-c512-clip1,small_batch,1,3351111,candidate then native,200,552325.6636515681,814926.9590138451,1.4754464850069644,644722.9867403727,20.209288804006064,35.31960084402817,14.806430385040585,2949341696,3330277376,22.821235673007322,33.11991236300673,10.046409648988629,1052912640,4861198336
50m-sync-b16-c512-clip1,small_batch,2,3351359,native then candidate,200,575569.702695289,802044.7072372279,1.3934797184101202,464033.338158116,22.134906503983075,36.62635905601201,14.226216542039765,2949341696,3330277376,22.84306678600842,33.37720548402285,10.227571055991575,1052912640,4861198336
50m-sync-b16-c512-clipoff,small_batch,0,3350781,candidate then native,200,617300.4480365806,800019.89034402,1.2959975857600732,598544.1726687279,7.457303147966741,21.318943160003982,13.573618069989607,2949472768,3311403008,15.87605290999636,26.429087080003228,10.248335817013867,1052912640,4708106240
50m-sync-b16-c512-clipoff,small_batch,1,3351111,native then candidate,200,569751.1140213334,816651.7187552202,1.43334817371615,642338.1469885256,5.972040737979114,20.663618671998847,14.422219019994373,2949472768,3311403008,13.288190026971279,23.577578501979588,10.035251025954494,1052912640,4708106240
50m-sync-b16-c512-clipoff,small_batch,2,3351359,candidate then native,200,593333.0906563503,803146.6395202572,1.3536184854140014,496859.91146800737,6.487893641984556,20.52007044100901,13.7766614810389,2949472768,3311403008,13.85766774500371,24.363121369999135,10.19700428599026,1052912640,4708106240
50m-sync-b16-c1024-clip1,small_batch,0,3350781,native then candidate,160,786873.8600439243,835781.068192389,1.0621538096916,795424.0538466045,23.94672945298953,40.86356155999238,16.648281709029106,5114421760,5905580032,25.26773608798976,41.30623117298819,15.713737342011882,1045048320,8306819072
50m-sync-b16-c1024-clip1,small_batch,1,3351111,candidate then native,160,791731.141401574,854257.866700128,1.0789746948539438,780638.6240945902,20.111373627994908,37.041025507001905,16.654869777994463,5114421760,5905580032,21.47627786398516,37.08074712002417,15.320610038004816,1045048320,8306819072
50m-sync-b16-c1024-clip1,small_batch,2,3351359,native then candidate,160,794850.3677925222,835339.7869305729,1.0509396746591424,764168.3931123124,20.797626032028347,37.47383581098984,16.418179074971704,5114421760,5905580032,22.107319701026427,38.04886207100935,15.671761442994466,1045048320,8306819072
50m-sync-b16-c1024-clipoff,small_batch,0,3350781,candidate then native,120,778336.9294920753,832967.0880959252,1.0701883163111638,790134.2276531303,7.0888438999827486,19.971041084994795,12.592981161025818,5115470336,5892997120,15.319426777015906,27.362603740009945,11.782235714053968,1045048320,8231321600
50m-sync-b16-c1024-clipoff,small_batch,1,3351111,native then candidate,120,771814.4329465147,858007.0732635325,1.1116753414262606,784850.7668178678,5.8905127640173305,18.989102372986963,12.80234120701789,5115470336,5892997120,13.19766738099861,24.909138374991016,11.443268839968368,1045048320,8231321600
50m-sync-b16-c1024-clipoff,small_batch,2,3351359,candidate then native,120,799670.9189491912,835959.7150101085,1.0453796620597415,765483.9481604197,6.270376847998705,18.76166388299316,12.248816027014982,5115470336,5892997120,13.601106718997471,25.641729594004573,11.769381184014492,1045048320,8231321600
50m-packed4-b4-c512-clip1,small_batch,0,3350898,native then candidate,120,387175.7139681761,482394.6032772452,1.2459319783598193,389748.7149881443,22.33613307698397,35.279102889995556,12.697844654991059,5872947712,6203375616,21.610460345022148,32.031290602026274,10.17844290001085,4728254464,8992587776
50m-packed4-b4-c512-clip1,small_batch,1,3351132,candidate then native,120,397457.6528078204,486205.2967094526,1.2232883007150037,400022.26848936285,21.673460490012076,34.47615512099583,12.557638369966298,5871899136,6174015488,22.585860371007584,33.01813184400089,10.104997543996433,4728254464,8524922880
50m-packed4-b4-c512-clip1,small_batch,2,3351360,native then candidate,120,354829.7613420739,479740.41523017705,1.3520298111850966,413467.41988472914,24.741928483970696,38.64160621899646,13.675251676992048,5872947712,6203375616,24.48744436801644,35.514338234002935,10.244194439030252,4728254464,8992587776
50m-packed4-b4-c512-clipoff,small_batch,0,3350898,candidate then native,160,400674.52874691435,481055.44551167986,1.2006139921500676,434924.14363017137,6.957675713987555,23.582210064021638,16.37464551499579,5871899136,6174015488,13.93451304998598,27.793746109004132,13.6128683440038,4728254464,9439281152
50m-packed4-b4-c512-clipoff,small_batch,1,3351132,native then candidate,160,401720.53159844084,486050.2904705995,1.209921455935079,427187.3379424534,6.724806635000277,23.517934924020665,16.529980681982124,5871899136,6174015488,14.407455109030707,28.120836336020147,13.473229919036385,4728254464,9439281152
50m-packed4-b4-c512-clipoff,small_batch,2,3351360,candidate then native,160,417282.0721911071,478804.6681774216,1.147436470642665,419052.08683683263,7.037625964003382,23.434535002015764,16.164615462039365,5871899136,6174015488,14.321416196995415,28.236509690992534,13.679146998008946,4728254464,9439281152
50m-packed4-b4-c1024-clip1,small_batch,0,3350898,native then candidate,120,584338.3154524658,627411.7805706797,1.073713230810239,587898.5120890042,21.853417981998064,38.91075485700276,16.806100785004674,8043532800,8470396928,21.116216033988167,37.00419643800706,15.640945739025483,4734545920,12830375936
50m-packed4-b4-c1024-clip1,small_batch,1,3351132,candidate then native,120,583900.127208806,645435.9913406034,1.1053876532378146,585924.5848178731,21.967102718976093,39.12753184599569,16.902199105999898,8043532800,8470396928,21.477022376959212,36.99026489397511,15.245876837027026,4734545920,12834570240
50m-packed4-b4-c1024-clip1,small_batch,2,3351360,native then candidate,120,575970.1392652584,625941.1116051148,1.0867596580676948,587527.6869265034,23.668758543994045,41.011313675990095,17.111834341019858,8043532800,8470396928,23.32282049502828,39.25181895602145,15.692856295994716,4734545920,12830375936
50m-packed4-b4-c1024-clipoff,small_batch,0,3350898,candidate then native,120,592164.5178775534,627796.6165442639,1.0601726337714792,607713.2858952797,6.75199915401754,23.596234315016773,16.58682522701565,8043532800,8457814016,13.439554188982584,29.303571087977616,15.619749352976214,4734545920,12954107904
50m-packed4-b4-c1024-clipoff,small_batch,1,3351132,native then candidate,120,581163.0556503356,645311.4706945055,1.11037937532417,603173.5229085352,7.037829858018085,24.052763384999707,16.772579220007174,8043532800,8457814016,13.813081247004448,29.33844151502126,15.257971479033586,4734545920,12954107904
50m-packed4-b4-c1024-clipoff,small_batch,2,3351360,candidate then native,120,594077.3932193168,625175.0802527467,1.0523461882043867,606159.8527320459,8.98044617800042,25.78454812100972,16.55124890198931,8043532800,8457814016,14.70161558201653,30.618645050999476,15.683621847012546,4734545920,12954107904
50m-packed4-b8-c512-clip1,small_batch,0,3350899,native then candidate,120,602160.1608189165,651505.0884766203,1.081946516671904,608974.4853120294,22.30961325500175,38.869426789999125,16.312583867995272,8042222080,8499757056,22.14712687700012,37.470788626000285,15.076360626000678,4733235200,12784238592
50m-packed4-b8-c512-clip1,small_batch,1,3351149,candidate then native,120,617814.227149759,671686.7454723074,1.0871985719252297,604679.6584679296,21.96494526200331,38.20648721199905,15.985003229998256,8042222080,8470396928,23.951951373997872,38.8354106020015,14.62061245699806,4733235200,11869880320
50m-packed4-b8-c512-clip1,small_batch,2,3351365,native then candidate,120,598497.7505546759,647070.6641586414,1.0811580554128215,608089.1072020689,66.60619965200021,83.2414354169996,16.394900156999938,8042222080,8499757056,26.027189896998607,41.4378883749996,15.179948810000496,4733235200,12784238592
50m-packed4-b8-c512-clipoff,small_batch,0,3350899,candidate then native,120,620105.1553989034,650128.8010156527,1.0484170230731844,625358.0621636811,6.581986564000545,22.66128680300244,15.832188240001415,8042222080,8457814016,13.677604462998715,29.004215697998006,15.082560361996002,4733235200,12954107904
50m-packed4-b8-c512-clipoff,small_batch,1,3351149,native then candidate,120,634624.1795556559,670773.6710711853,1.0569620456958322,619898.5473824708,7.076603032001003,22.81925487600165,15.500905738997972,8042222080,8457814016,14.233820469999046,29.110299599000427,14.632809417998942,4733235200,12954107904
50m-packed4-b8-c512-clipoff,small_batch,2,3351365,candidate then native,120,611165.1540242585,645381.822420394,1.0559859608664428,622675.5704251205,7.598865219999425,23.903344095997454,16.06978589800201,8042222080,8457814016,16.18803547600328,31.61683170700053,15.197809621997294,4733235200,12954107904
50m-packed4-b8-c1024-clip1,small_batch,0,3350899,native then candidate,80,713383.1877975569,758283.067895793,1.0629393583508135,718026.1619464111,21.88751013500223,40.48261480400106,18.34616517000177,12312351232,14099152896,21.71678195899949,39.2072034169978,17.247204413000873,4734545920,18815647744
50m-packed4-b8-c1024-clip1,small_batch,1,3351149,candidate then native,80,728249.2386500858,776931.2841380428,1.0668480554517246,712388.56076701,22.66574968099667,40.88014392900004,17.968816345997766,12312351232,14069792768,22.156350364995888,39.21975729999758,16.822068462999596,4734545920,18828230656
50m-packed4-b8-c1024-clip1,small_batch,2,3351365,native then candidate,80,704498.1031895101,750963.787398828,1.0659557264937285,708843.0824455752,24.647684954994475,43.48413865799739,18.60377786800018,12312351232,14099152896,24.254268813005183,41.907455895001476,17.42069759500373,4734545920,18815647744
50m-packed4-b8-c1024-clipoff,small_batch,0,3350899,candidate then native,80,723131.4270097143,756382.1421085846,1.0459815655314115,724908.6111016553,7.14511375100119,25.544255261997023,18.147420167995733,12312351232,13948157952,13.645106554999074,31.17985692399816,17.289006962000713,4734545920,18794676224
50m-packed4-b8-c1024-clipoff,small_batch,1,3351149,native then candidate,80,741001.9982261367,777972.6015667277,1.0498927174678259,726838.9751123183,7.527471967001475,25.43159219700101,17.66380494600162,12312351232,13948157952,13.99921831300162,31.044201854001585,16.803218627996102,4734545920,18794676224
50m-packed4-b8-c1024-clipoff,small_batch,2,3351365,candidate then native,80,714671.8905238261,750639.925232976,1.0503280389029808,717051.1277222275,7.41082287899917,25.957362823999574,18.310751158998755,12312351232,13948157952,16.26770078700065,33.92042517500158,17.420668934995774,4734545920,18794676224
50m-packed4-b16-c512-clip1,small_batch,0,3350907,native then candidate,80,726022.9897460487,777281.4381744758,1.0706016877597175,742386.4174166617,25.38653444798547,43.65938444598578,18.036580712971045,12311040512,14097055744,22.55974088801304,39.62464912200812,16.829799266008195,4733235200,18889048064
50m-packed4-b16-c512-clip1,small_batch,1,3351158,candidate then native,80,737994.8796346931,813478.6205576842,1.1022822014162963,740518.5088567965,23.649507722002454,41.76508651200129,17.8601847309983,12311040512,14067695616,24.410435474001133,40.81346541699895,16.07819096899766,4733235200,18889048064
50m-packed4-b16-c512-clip1,small_batch,2,3351368,native then candidate,80,718224.9035545638,786139.1961680303,1.0945585321218356,734990.9837282895,24.173528329003602,42.85040426198975,18.16651689397986,12311040512,14097055744,23.950691156031098,40.88269621899235,16.700897944014287,4733235200,18889048064
50m-packed4-b16-c512-clipoff,small_batch,0,3350907,candidate then native,80,735902.4503400332,776561.1409673112,1.0552501090443323,753003.9931286919,6.972498788003577,25.011345234001055,17.802823047008133,12311040512,13946060800,13.951126080006361,31.006827948003775,16.817520934011554,4733235200,18792579072
50m-packed4-b16-c512-clipoff,small_batch,1,3351158,native then candidate,80,751051.3368568572,816826.9991277122,1.0875781175573505,758589.1081203269,7.516283039996779,25.217013802997826,17.451977043005172,12311040512,13946060800,16.39263580899933,32.721401596998476,16.058070607003174,4733235200,18792579072
50m-packed4-b16-c512-clipoff,small_batch,2,3351368,candidate then native,80,731046.9755141321,781646.7520140309,1.0692154925670994,746474.7837687648,7.515794391016243,25.676955663016997,17.9228732699994,12311040512,13946060800,14.352035165997222,31.34013814901118,16.75028117498732,4733235200,18792579072
50m-packed4-b16-c1024-clip1,small_batch,0,3350907,native then candidate,40,796056.3780516306,845510.5600843243,1.0621239693521887,819182.198145412,23.06504777900409,39.72865782599547,16.432893084042007,20916048384,24723324928,22.635062481014756,38.34443920801277,15.48473598001874,4736643072,28852617216
50m-packed4-b16-c1024-clip1,small_batch,1,3351158,candidate then native,40,819627.9336351509,878387.6415039068,1.071690709232114,823222.4806277833,26.624048009001854,42.87195569799951,15.97264290900057,20916048384,24723324928,25.93389072300124,41.12004929899922,14.87279277700145,4736643072,28852617216
50m-packed4-b16-c1024-clip1,small_batch,2,3351368,native then candidate,40,789990.4237830373,855836.3018167292,1.0833502230550782,809079.7298602558,25.007126796001103,41.82214486898738,16.539679388020886,20916048384,24723324928,23.182908749004127,38.707643014000496,15.289331724023214,4736643072,28852617216
50m-packed4-b16-c1024-clipoff,small_batch,0,3350907,candidate then native,40,803491.2119829535,846414.9278310928,1.0534215125293118,822857.828822253,7.823661358008394,24.31213172202115,16.25788146199193,20916048384,24660410368,15.051597688987385,30.722594491991913,15.445787786011351,4736643072,28592570368
50m-packed4-b16-c1024-clipoff,small_batch,1,3351158,native then candidate,40,828418.625639571,883831.5697750723,1.066890026878283,833897.7686964084,8.7346005540021,24.850914984002884,15.85695149899766,20916048384,24660410368,15.244544474000577,30.269702678000613,14.78327803999855,4736643072,28592570368
50m-packed4-b16-c1024-clipoff,small_batch,2,3351368,candidate then native,40,808726.820622925,857131.4454299628,1.059852874385635,814512.3910819085,7.864048729010392,24.525022027024534,16.21110178498202,20916048384,24660410368,15.040467015001923,30.535841817007167,15.267963931983104,4736643072,28592570368
50m-packed8-b4-c512-clip1,small_batch,0,3350908,native then candidate,80,460379.3334911142,488141.57993890514,1.0603029815375646,460090.6149652142,23.04323097699671,37.66267203298048,14.368791502987733,11664880128,12083789824,22.95151290000649,36.60075053499895,13.411244280985557,9383318528,18605932544
50m-packed8-b4-c512-clip1,small_batch,1,3351205,candidate then native,80,436572.4145990643,488533.0094575025,1.1190194183619169,462902.72743470385,25.29530982900178,40.53173128599883,15.003323180018924,11663831552,12316573696,26.03272661298979,39.68603963800706,13.424376979004592,9383318528,17861443584
50m-packed8-b4-c512-clip1,small_batch,2,3351394,native then candidate,80,435033.4298282493,491953.2996762658,1.1308402204182064,429326.16954976384,23.412907956982963,38.71268772898475,15.030356103001395,11664880128,12083789824,23.434737470990513,37.011233675992116,13.308624932979,9383318528,18605932544
50m-packed8-b4-c512-clipoff,small_batch,0,3350908,candidate then native,80,475151.81886830606,488638.181621834,1.0283832708157346,477538.60142846184,7.744262383988826,21.95395578100579,13.967872490989976,11663831552,12316573696,14.687620541953947,28.334513926994987,13.405616172967711,9383318528,17643339776
50m-packed8-b4-c512-clipoff,small_batch,1,3351205,native then candidate,80,466555.03645135765,487635.4293055368,1.0451830785377814,484557.2421718454,8.072495758999139,22.41153964298428,14.108752674044808,11663831552,12316573696,15.010504289995879,28.680809273995692,13.440314641979057,9383318528,17643339776
50m-packed8-b4-c512-clipoff,small_batch,2,3351394,candidate then native,80,452369.5017124462,491945.100088565,1.0874851160971402,461401.9911408303,6.739647767011775,21.68674289502087,14.691819347033743,11663831552,12316573696,13.831328545988072,27.448240999976406,13.327963857009308,9383318528,17643339776
50m-packed8-b4-c1024-clip1,small_batch,0,3350908,native then candidate,80,603920.597763331,638263.2529638123,1.0568661763279348,619729.1218921338,23.25503304603626,45.210429405007744,21.707150770002045,16006836736,17158897664,21.511081320990343,42.26569709100295,20.51162935901084,9385153536,23450353664
50m-packed8-b4-c1024-clip1,small_batch,1,3351205,candidate then native,80,596937.6303934066,632823.19585848,1.0601161053315122,619683.4640153449,25.756308510986855,47.98006995298783,21.99225829198258,16006836736,17158897664,23.890842451015487,44.823392587015405,20.70116755698109,9385153536,23592960000
50m-packed8-b4-c1024-clip1,small_batch,2,3351394,native then candidate,80,587672.7840173115,641599.2304146829,1.0917627085411918,598977.8575750033,21.78222051798366,44.30942497498472,22.263937265001005,16006836736,17158897664,25.184524015989155,45.85778608600958,20.386776836996432,9385153536,23450353664
50m-packed8-b4-c1024-clipoff,small_batch,0,3350908,candidate then native,80,620961.5888990548,636993.1991040717,1.0258173943310092,636189.8657248974,8.124285838013748,29.551375398004893,21.162671794038033,16006836736,17158897664,14.16056315798778,34.94014424798661,20.534469970996724,9385153536,23651680256
50m-packed8-b4-c1024-clipoff,small_batch,1,3351205,native then candidate,80,611905.8816664948,634591.6121152943,1.037073888531707,634534.1894186431,8.546109984017676,30.25592746399343,21.477277611993486,16006836736,17158897664,16.19376037598704,37.86630290999892,20.627035029960098,9385153536,23651680256
50m-packed8-b4-c1024-clipoff,small_batch,2,3351394,candidate then native,80,602161.9130582927,643663.4243625778,1.0689208506952972,616031.9626147501,7.482427749026101,29.601306685013697,21.85459760800586,16006836736,17158897664,13.915972237009555,34.509470484015765,20.306883512006607,9385153536,23651680256
50m-packed8-b8-c512-clip1,small_batch,0,3350938,native then candidate,80,620305.8836636195,655548.2287090283,1.0568144619832756,632843.0597966007,28.82197275297949,50.21247340698028,21.15655608099769,16005526016,17219715072,30.70147080399329,50.90614807099337,19.966101807018276,9383842816,23534239744
50m-packed8-b8-c512-clip1,small_batch,1,3351206,candidate then native,80,619078.244529498,655422.5184613193,1.0587070766142703,639415.999947488,22.66914153198013,44.06133475000388,21.145911578001687,16005526016,17156800512,23.279039462999208,43.51065483799903,19.996700003015576,9383842816,23530045440
50m-packed8-b8-c512-clip1,small_batch,2,3351400,native then candidate,80,624143.9686801808,655358.3086838264,1.0500114421832059,617149.3143732589,24.52220155800387,45.75323769100214,20.979110072003095,16005526016,17219715072,22.900152676997095,43.09723954299989,19.941319590001513,9383842816,23534239744
50m-packed8-b8-c512-clipoff,small_batch,0,3350938,candidate then native,80,636124.8877653694,655904.3542107863,1.031093684315512,654580.0011606718,9.512154194992036,30.44905923999613,20.698454603989376,16005526016,17156800512,19.68606291600736,39.88210560599691,19.956861263955943,9383842816,23649583104
50m-packed8-b8-c512-clipoff,small_batch,1,3351206,native then candidate,80,636811.5777163974,655238.1882718743,1.0289357342112948,655381.9054868077,7.636022325023077,28.499109202006366,20.629485352983465,16005526016,17156800512,13.91642286797287,34.16803958101082,20.01557151702582,9383842816,23649583104
50m-packed8-b8-c512-clipoff,small_batch,2,3351400,candidate then native,80,639898.2321224243,657215.930962621,1.027063207820964,634494.9980909345,7.06180074799704,27.83263344399893,20.528971917996387,16005526016,17156800512,13.763486083997122,33.90369830599957,19.897541132999322,9383842816,23649583104
50m-packed8-b8-c1024-clip1,small_batch,0,3350938,native then candidate,40,732752.6751404568,773081.5372727335,1.0550374819505728,749029.238319477,31.39796236800612,49.48443757300265,17.84874055898399,24544473600,27866955776,31.12182723300066,48.30692231000285,16.938854220992653,9386202112,37392220160
50m-packed8-b8-c1024-clip1,small_batch,1,3351206,candidate then native,40,734561.7609961941,770872.9162102193,1.0494324060168623,736854.6361549691,23.872827020997647,41.92664521900588,17.820488970028237,24544473600,27866955776,22.410033792984905,39.63606695999624,16.991720367979724,9386202112,37392220160
50m-packed8-b8-c1024-clip1,small_batch,2,3351400,native then candidate,40,738196.250847546,775308.7584379143,1.0502745815191532,729231.2045114712,23.302192025003023,41.2675885259996,17.71405706799851,24544473600,27866955776,22.32245948700438,39.43234377400222,16.865336523002043,9386202112,37392220160
50m-packed8-b8-c1024-clipoff,small_batch,0,3350938,candidate then native,40,747721.0515911424,774232.26831374,1.0354560255675322,770393.8766406507,9.073379001987632,26.842559334007092,17.529697940015467,24544473600,27804041216,18.126429680007277,35.24397005501669,16.8755202969769,9386202112,37348179968
50m-packed8-b8-c1024-clipoff,small_batch,1,3351206,native then candidate,40,742701.9012238941,767997.8124087823,1.0340593058173182,747910.2470042584,8.193750887992792,26.06934088197886,17.63895739999134,24544473600,27804041216,14.550741846003802,31.824185768986354,17.036461487034103,9386202112,37348179968
50m-packed8-b8-c1024-clipoff,small_batch,2,3351400,candidate then native,40,749695.2552736638,776249.9431579723,1.0354206428512278,740813.5840224411,7.6446779890029575,25.357222178001393,17.4698098939989,24544473600,27804041216,14.352785270002641,31.43758999900092,16.842436532002466,9386202112,37348179968
50m-packed8-b16-c512-clip1,small_batch,0,3350974,native then candidate,40,786797.2414270699,846618.2552542537,1.0760310416425485,773579.2140417558,25.056747352005914,41.9637020569935,16.63873509899713,24543162880,27866955776,24.352798515028553,40.05062800901942,15.445682488993043,9384891392,37474009088
50m-packed8-b16-c512-clip1,small_batch,1,3351207,candidate then native,40,776454.6724497331,819084.8121000541,1.0549035779716822,764116.9041494018,23.055456879999838,40.18138048899709,16.896094074007124,24543162880,27866955776,37.27719752199482,53.48350879500504,15.967855043025338,9384891392,37474009088
50m-packed8-b16-c512-clip1,small_batch,2,3351403,native then candidate,40,774779.2324068209,819107.4485380191,1.0572139962934917,757066.0325703827,24.976563413001713,42.14532230700206,16.935589680000703,24543162880,27866955776,23.387417773996276,39.62078397499863,16.00467916299749,9384891392,37474009088
50m-packed8-b16-c512-clipoff,small_batch,0,3350974,candidate then native,40,796537.3753594313,846347.4478842629,1.0625332521306425,786366.0517236581,7.689012018992798,24.380887886014534,16.4305608960276,24543162880,27804041216,14.795597423013533,30.498300803010352,15.424577552970732,9384891392,37348179968
50m-packed8-b16-c512-clipoff,small_batch,1,3351207,native then candidate,40,787871.3630616654,819063.1770333875,1.0395899831293662,778266.4615938615,7.720415727017098,24.593446778002544,16.64289841898426,24543162880,27804041216,16.327216532008606,32.52084235700022,15.96405811299337,9384891392,37348179968
50m-packed8-b16-c512-clipoff,small_batch,2,3351403,candidate then native,40,786428.9061105375,818686.9792710238,1.0410184225297947,768420.6137826926,7.779382087999693,24.68945020799947,16.67096831299932,24543162880,27804041216,17.43476162499792,33.64023866899879,15.975585668995336,9384891392,37348179968
50m-packed8-b16-c1024-clip1,small_batch,0,3350974,native then candidate,40,844950.3196413344,912550.8202937715,1.0800052962653854,831409.2170719618,27.35118086199509,58.62258702199324,31.027755152026657,41751867904,49320820736,23.8001762899803,52.73303115100134,28.660096223989967,9388299264,57501810688
50m-packed8-b16-c1024-clip1,small_batch,1,3351207,candidate then native,40,837629.153443716,881332.0827981994,1.0521745562159686,825409.1311617878,26.8600555370067,58.33906113800185,31.250446712016128,41751867904,49320820736,24.181918257003417,54.116444264000165,29.699660916012363,9388299264,57501810688
50m-packed8-b16-c1024-clip1,small_batch,2,3351403,native then candidate,40,836216.4245057553,879999.1262989515,1.0523580983464584,818459.2322418089,27.343116203002864,58.87706281300052,31.30100019999736,41751867904,49320820736,24.390801501995156,54.33997559300042,29.71248181699775,9388299264,57501810688
50m-packed8-b16-c1024-clipoff,small_batch,0,3350974,candidate then native,40,860738.7149785835,912774.2871546664,1.0604545505744767,839277.6360337973,9.367723098024726,40.036234753992176,30.43180021698936,41751867904,49320820736,15.888110791012878,44.79094751298544,28.628889885003446,9388299264,57399050240
50m-packed8-b16-c1024-clipoff,small_batch,1,3351207,native then candidate,40,844651.5375508856,880371.4757637515,1.0422895556627267,829812.0997516952,9.266698965002433,40.475285576001625,30.968872322991956,41751867904,49320820736,18.25461134299985,48.195784814000945,29.709373738005525,9388299264,57399050240
50m-packed8-b16-c1024-clipoff,small_batch,2,3351403,candidate then native,40,843916.1059235977,880533.4210223494,1.0433897573961775,820999.8011519297,9.18299690600179,40.40109140200002,30.988003366994235,41751867904,49320820736,16.74989877000189,46.680840859000455,29.694013842999993,9388299264,57399050240
90m-sync-b4-c512-clip1,small_batch,0,3350975,native then candidate,160,110013.24641650802,273017.2205195733,2.4816758837016355,114781.6735981453,30.967718394997064,46.08938086798298,14.892154908040538,2279688192,2415919104,32.468797780020395,38.70775854200474,6.003439577994868,1917452800,3812622336
90m-sync-b4-c512-clip1,small_batch,1,3351208,candidate then native,160,96305.6325557338,272696.6897558417,2.8315757087003943,98568.35279151027,31.242842568986816,48.02921900499496,16.528624034981476,2279688192,2415919104,33.6588399670145,39.90558988699922,6.008312075980939,1917452800,3812622336
90m-sync-b4-c512-clip1,small_batch,2,3351412,native then candidate,160,108840.9785728761,273923.33679335436,2.516729823500667,115808.9901786859,27.157298470003298,42.45941316599783,15.063667889000499,2279688192,2415919104,28.65743689700321,34.8789424340066,5.98197485601122,1917452800,3812622336
90m-sync-b4-c512-clipoff,small_batch,0,3350975,candidate then native,160,113889.51600721326,274034.4845307719,2.406143200340019,119838.22439556211,7.172554843971739,21.881033379002474,14.480728801019723,2283030528,2428502016,16.88020411200705,23.090180248982506,5.9783779379795305,1917452800,3707764736
90m-sync-b4-c512-clipoff,small_batch,1,3351208,native then candidate,160,96198.19417079323,273045.07062246354,2.838359628016415,108138.38131779476,8.134364632016513,24.804059443995357,16.43087162502343,2283030528,2428502016,19.41170357700321,25.642702705983538,5.998619227990275,1917452800,3707764736
90m-sync-b4-c512-clipoff,small_batch,2,3351412,candidate then native,160,117519.83430313483,274577.25181824353,2.3364332790836757,111200.88960119175,6.780461475005723,20.951667206012644,13.93539716298983,2283030528,2428502016,16.228764244995546,22.457837208989076,5.997823195983074,1917452800,3707764736
90m-sync-b4-c1024-clip1,small_batch,0,3350975,native then candidate,160,193592.19728726769,367484.97969210305,1.8982427228035397,201936.42574725705,26.61027881698101,43.709660285006976,16.873611940973205,3150440448,3223322624,29.557388566987356,38.6816948770138,8.902323177957442,1921712640,5114953728
90m-sync-b4-c1024-clip1,small_batch,1,3351208,candidate then native,160,219630.51982785444,362242.3690769598,1.649326192738987,209803.87177713474,29.25886149701546,44.523011395998765,15.026697407010943,3150440448,3223322624,29.795426827011397,39.077926588011906,9.034134319983423,1921712640,5114953728
90m-sync-b4-c1024-clip1,small_batch,2,3351412,native then candidate,160,226867.14068721278,370323.9633047127,1.6323384787367128,219819.76582357954,27.23908683100308,41.92366602100083,14.44973914900038,3150440448,3223322624,27.746266789006768,36.82334158399317,8.843399446996045,1921712640,5114953728
90m-sync-b4-c1024-clipoff,small_batch,0,3350975,candidate then native,160,214704.99766701905,368144.46671184554,1.7146525265461783,220000.2663780844,7.2473176380153745,22.781897617998766,15.293892498972127,3156469760,3254779904,17.348277908051386,26.45174190599937,8.88393160799751,1921712640,4947181568
90m-sync-b4-c1024-clipoff,small_batch,1,3351208,native then candidate,160,221894.34306722754,363353.97579781496,1.6375089638392866,218858.13479542415,8.066526614013128,23.09370909599238,14.785209314053645,3156469760,3254779904,18.294892357982462,27.53247440699488,9.004535839019809,1921712640,4947181568
90m-sync-b4-c1024-clipoff,small_batch,2,3351412,candidate then native,160,236743.6107654402,369922.9427976752,1.5625466790915252,229674.56612273448,6.805514980995213,20.887922483001603,13.84677369199926,3156469760,3254779904,16.2142853080004,25.32320199300011,8.875631702016108,1921712640,4947181568
90m-sync-b8-c512-clip1,small_batch,0,3350976,native then candidate,160,217143.5715868525,385681.40187717887,1.7761585068288106,197919.8714949371,28.714378867996857,44.03165624701069,15.095583373011323,3152144384,3223322624,29.431929827987915,38.14416084901313,8.489994889969239,1919877632,5154799616
90m-sync-b8-c512-clip1,small_batch,1,3351235,candidate then native,160,194648.6066660096,385679.29465426697,1.981413076930162,179940.1831562579,27.19232424799702,44.09378443099558,16.633534997992683,3152144384,3223322624,32.41806551400805,41.192190699017374,8.495687804010231,1919877632,5154799616
90m-sync-b8-c512-clip1,small_batch,2,3351413,native then candidate,160,233656.64352007615,384572.3894321967,1.6458868176763553,225668.81553421673,27.007565752981463,41.24969113699626,14.017884196975501,3152144384,3223322624,28.766274945024634,37.50672355099232,8.514167611952871,1919877632,5154799616
90m-sync-b8-c512-clipoff,small_batch,0,3350976,candidate then native,160,222594.0512477048,385854.04776329367,1.7334427654309215,194670.75165197434,6.713554269023007,21.664339544979157,14.725631688983412,3154634752,3252682752,16.88291713700164,25.58683034402202,8.481407929008128,1919877632,4945084416
90m-sync-b8-c512-clipoff,small_batch,1,3351235,native then candidate,160,199028.25487049055,385521.6102693901,1.9370194976600303,195577.53089771915,7.189873171970248,23.87089293898316,16.39171951802564,3154634752,3252682752,16.890970401960658,25.65691408800194,8.495393381017493,1919877632,4945084416
90m-sync-b8-c512-clipoff,small_batch,2,3351413,candidate then native,160,231138.87448060143,384097.42015853216,1.661760363857651,226644.58409137986,6.522794981021434,20.951129663008032,14.201877056009835,3154634752,3252682752,16.348071513028117,25.091556782019325,8.51847191597335,1919877632,4945084416
90m-sync-b8-c1024-clip1,small_batch,0,3350976,native then candidate,120,406204.1925231201,433871.2377336894,1.0681111759056858,355125.3596122019,27.27871572400909,39.60001776000718,12.096265588013921,4828506112,4970250240,28.25190202202066,39.792524504009634,11.311182624020148,1920074240,6903824384
90m-sync-b8-c1024-clip1,small_batch,1,3351235,candidate then native,120,342979.0923074693,436726.074805914,1.2733314788016399,409467.5212188334,26.327786165027646,40.86835147099919,14.273617400060175,4828506112,4970250240,27.80018934700638,39.351676641002996,11.258135412994307,1920074240,6903824384
90m-sync-b8-c1024-clip1,small_batch,2,3351413,native then candidate,120,399422.3094774336,429952.01059246,1.0764346417078419,409776.0162154239,26.507591127970954,39.028024930972606,12.294630310003413,4828506112,4970250240,27.557402845006436,39.19816251998418,11.413520707021235,1920074240,6903824384
90m-sync-b8-c1024-clipoff,small_batch,0,3350976,candidate then native,160,409543.4133856822,433689.9644934159,1.0589596861248847,375615.0088243846,6.917494558001636,23.16258715800359,16.020992308971472,4828637184,4984930304,16.50607371199294,31.840920816001017,15.10687894304283,1920074240,7436500992
90m-sync-b8-c1024-clipoff,small_batch,1,3351235,native then candidate,160,344280.5828552956,437422.4688279825,1.2705406305525957,409464.55526700924,7.185260916012339,26.258165298000677,18.791653220017906,4828637184,4984930304,16.27564579900354,31.5050298430142,14.968669102003332,1920074240,7436500992
90m-sync-b8-c1024-clipoff,small_batch,2,3351413,candidate then native,160,405344.49061102176,430328.9869754398,1.0616376858280623,409682.8079081821,6.592546279978706,22.972040934982942,16.153452777012717,4828637184,4984930304,16.454255898017436,31.892007123999065,15.209935824008426,1920074240,7436500992
90m-sync-b16-c512-clip1,small_batch,0,3350977,native then candidate,160,418345.01730689674,458719.9745562159,1.0965111464915578,410969.45888288604,28.195408778992714,44.07208633501432,15.633271010010503,4819134464,4989124608,29.269127230974846,43.76323987200158,14.245660817017779,1918239232,7048527872
90m-sync-b16-c512-clip1,small_batch,1,3351238,candidate then native,160,358205.7573308982,444326.5713146859,1.2404227520671374,409735.8768686163,32.26285789800386,50.7847838120033,18.29747143500208,4819134464,4989124608,35.084695554000064,50.04154742399987,14.728240698001173,1918239232,7048527872
90m-sync-b16-c512-clip1,small_batch,2,3351417,native then candidate,160,409601.9768414966,450360.12269032846,1.0995067117671748,409773.64490778744,29.13411042899952,45.37946313299926,16.003145914000925,4819134464,4989124608,30.960874565000267,45.73870721900039,14.53428009199979,1918239232,7048527872
90m-sync-b16-c512-clipoff,small_batch,0,3350977,candidate then native,160,415968.47105129366,459415.24298981356,1.104447271757677,424332.1104624516,6.8314996430126484,22.993703142012237,15.90524273601477,4826802176,4982833152,16.69910622999305,31.183324764017016,14.242401715018786,1918239232,7434403840
90m-sync-b16-c512-clipoff,small_batch,1,3351238,native then candidate,160,351834.99770956574,449208.1367073335,1.2767579678874008,424613.83761987154,7.892936750002264,26.772591681998165,18.650162196001475,4826802176,4982833152,18.970985706997453,33.76877605499976,14.573165316000086,1918239232,7434403840
90m-sync-b16-c512-clipoff,small_batch,2,3351417,candidate then native,160,412189.2240597357,450750.7662181046,1.0935530089277161,420118.07184480614,7.240297635000388,23.334372966000046,15.854129439001554,4826802176,4982833152,17.48926686699997,32.24476038699959,14.519803393000984,1918239232,7434403840
90m-sync-b16-c1024-clip1,small_batch,0,3350977,native then candidate,80,467271.1563259348,484886.13968154707,1.0376975619340931,457110.8935009563,27.717498312995303,42.01355121200322,14.030989627994131,8219174912,8573157376,28.938262841984397,42.68091644399101,13.50179229999776,1916404224,12046041088
90m-sync-b16-c1024-clip1,small_batch,1,3351238,candidate then native,80,445103.0515272194,473263.5368333178,1.0632673382253284,467624.76141532883,32.93928927100205,47.877237387001514,14.70775962100015,8219174912,8573157376,30.488048094000987,44.53151791200071,13.81707444800486,1916404224,12046041088
90m-sync-b16-c1024-clip1,small_batch,2,3351417,native then candidate,80,456839.946541873,476467.2514780047,1.0429631976903593,464346.1094085948,27.68163881700002,42.247107595999296,14.323993980000523,8219174912,8573157376,30.33676045700031,44.306330032000005,13.731253560998994,1916404224,12046041088
90m-sync-b16-c1024-clipoff,small_batch,0,3350977,candidate then native,80,472334.2777094512,484178.3274618664,1.0250755668418816,463818.97939558333,6.8850540069979616,20.955264424002962,13.836857804009924,8219174912,8568963072,16.984917132998817,30.716435506008565,13.496464778960217,1916404224,11991515136
90m-sync-b16-c1024-clipoff,small_batch,1,3351238,native then candidate,80,455863.6021516007,468751.18363904214,1.028270696380703,473890.322964639,8.016321617997164,22.62657164200209,14.38478566300546,8219174912,8568963072,20.093261519003136,34.27244859400162,13.951097502998891,1916404224,11991515136
90m-sync-b16-c1024-clipoff,small_batch,2,3351417,candidate then native,80,460774.35560318135,476898.3055811154,1.0349931583254603,469172.8398426575,7.623279711000578,22.053978853000444,14.193033232001653,8219174912,8568963072,18.05028546899939,32.00010525000016,13.712355942000613,1916404224,11991515136
90m-packed4-b4-c512-clip1,small_batch,0,3351003,native then candidate,80,252992.88945812554,265504.77925064956,1.0494554997941747,255009.50820257675,34.787237461976474,47.99452141698566,12.972127307002665,10247389696,11104419840,27.437089198007016,40.00685680101742,12.335091507004108,8872689664,15189671936
90m-packed4-b4-c512-clip1,small_batch,1,3351240,candidate then native,80,257510.38228505102,266636.39688406675,1.0354394044932669,232718.08780132054,29.299327741988236,42.2527673279983,12.720496541965986,10247389696,11075059712,28.480729138012975,40.98155233901343,12.273054140008753,8872689664,15036579840
90m-packed4-b4-c512-clip1,small_batch,2,3351418,native then candidate,80,231920.44185084812,269323.1022517354,1.16127366825621,238429.70348678526,85.1318154099863,99.50804590398911,14.104193320003105,10247389696,11104419840,30.01908322199597,42.46826572300051,12.180221426999196,8872689664,15189671936
90m-packed4-b4-c512-clipoff,small_batch,0,3351003,candidate then native,80,262227.149818802,265227.9082204463,1.0114433551358728,266402.0482234381,8.406598305999069,21.121970342996065,12.486218113946961,10247389696,11075059712,18.096641609998187,30.690848647995153,12.327307330037002,8872689664,15174991872
90m-packed4-b4-c512-clipoff,small_batch,1,3351240,native then candidate,80,261275.51110909716,266414.8496710208,1.019670188530519,240431.90792237036,8.135586096002953,20.908620323985815,12.541832150978735,10247389696,11075059712,16.13903485899209,28.648561886977404,12.277548428042792,8872689664,15174991872
90m-packed4-b4-c512-clipoff,small_batch,2,3351418,candidate then native,80,242904.29954886044,268769.2620749022,1.1064821107492953,238995.71689472467,9.04661579997628,22.813760704011656,13.500774671003455,10247389696,11075059712,18.284450675011612,30.743810033018235,12.183537163044093,8872689664,15174991872
90m-packed4-b4-c1024-clip1,small_batch,0,3351003,native then candidate,80,340152.542412302,349183.04939646163,1.0265484036077368,341265.78545964824,28.587926251027966,48.09205920700333,19.268155006022425,13657260544,14080278528,29.699018888990395,48.671179926983314,18.744999609014485,8873213952,20038287360
90m-packed4-b4-c1024-clip1,small_batch,1,3351240,candidate then native,80,342121.9825909239,351181.56534441124,1.026480563116343,337501.52871240495,29.191819778992794,48.541084901982686,19.116827457066393,13657260544,14080278528,27.221544396015815,46.08545834099641,18.632725356990704,8873213952,19010682880
90m-packed4-b4-c1024-clip1,small_batch,2,3351418,native then candidate,80,338238.7350016339,357729.4717536497,1.057624200705226,336944.8800299273,29.523038703977363,49.223448926000856,19.42903002697858,13657260544,14080278528,27.143012865039054,45.78303422400495,18.34159546997398,8873213952,20038287360
90m-packed4-b4-c1024-clipoff,small_batch,0,3351003,candidate then native,80,346702.44724511803,349138.52332158416,1.007026417309203,347741.0109641575,9.194926395983202,28.30265999797848,18.866855060041416,13657260544,14080278528,18.63848519997555,37.59591534198262,18.72864527301863,8873213952,20052967424
90m-packed4-b4-c1024-clipoff,small_batch,1,3351240,native then candidate,80,348291.9231522041,350381.74461689586,1.0060002007677293,346113.8643385109,8.119678847986506,27.12256857700413,18.77228722302243,13657260544,14080278528,16.66158874501707,35.55558577901684,18.65983452295768,8873213952,20052967424
90m-packed4-b4-c1024-clipoff,small_batch,2,3351418,candidate then native,80,347577.33569231053,357363.27346898464,1.0281547062243928,343124.7747379303,8.338156072015408,27.52532944199629,18.934830617014086,13657260544,14080278528,16.78004483701079,35.3712042060215,18.329183583991835,8873213952,20052967424
90m-packed4-b8-c512-clip1,small_batch,0,3351014,native then candidate,80,354479.6863427553,363411.8304409493,1.0251979011557726,351285.58248389675,63.29827698500594,82.6917595579871,18.463252116984222,13655425536,14107541504,30.235542496986454,48.45803668300505,17.98406001899275,8871378944,20097007616
90m-packed4-b8-c512-clip1,small_batch,1,3351241,candidate then native,80,351905.15632796177,362630.05386855267,1.0304766706248423,348438.55107463547,28.828699843001232,47.7663657109988,18.69587589200455,13655425536,14078181376,29.428492905000894,47.708642102999875,18.039811681992433,8871378944,19115540480
90m-packed4-b8-c512-clip1,small_batch,2,3351419,native then candidate,80,351840.78524975316,361155.64056022785,1.0264746319954423,346745.18352398043,29.7362212370208,49.001526686013676,19.033944088005228,13655425536,14107541504,28.260061931970995,46.628787919995375,18.132690573023865,8871378944,20097007616
90m-packed4-b8-c512-clipoff,small_batch,0,3351014,candidate then native,80,358274.2555626184,363598.554220916,1.0148609579829748,361859.9993548751,8.325746651011286,26.957364807021804,18.38790626998525,13655425536,14078181376,16.848362793010892,35.052948051015846,17.97451709298184,8871378944,20050870272
90m-packed4-b8-c512-clipoff,small_batch,1,3351241,native then candidate,80,360783.3937402718,363021.8717096271,1.0062044928014806,353803.2233948177,8.578108252000675,26.962044799001887,18.146234893003566,13655425536,14078181376,16.888180178000766,35.1498202110015,18.02085919700403,8871378944,20050870272
90m-packed4-b8-c512-clipoff,small_batch,2,3351419,candidate then native,80,358764.11076053546,360701.9894850957,1.0054015400828478,356168.89842050156,8.240476790961111,26.702823589002946,18.226319377019536,13655425536,14078181376,16.54600279298029,34.91377407099935,18.128040686046006,8871378944,20050870272
90m-packed4-b8-c1024-clip1,small_batch,0,3351014,native then candidate,40,420343.7445425426,429402.13888667716,1.0215499682384777,418989.26396904787,31.00120236503426,46.794946493027965,15.558841755002504,20394461696,21741174784,28.22110591598903,43.68068457397749,15.23216434600181,8875573248,28726788096
90m-packed4-b8-c1024-clip1,small_batch,1,3351241,candidate then native,40,416950.1797946191,428454.5941597656,1.0275918201325955,415980.84113915527,29.68137757799559,45.60138689899759,15.678645145999326,20394461696,21741174784,28.53112017699823,44.04480426899681,15.27575910399537,8875573248,28768731136
90m-packed4-b8-c1024-clip1,small_batch,2,3351419,native then candidate,40,417355.35206191,427739.8842751355,1.0248817516342408,422523.824964093,29.605820408003638,45.52052051099599,15.679030417028116,20394461696,21741174784,28.066239398991456,43.592369126999984,15.293406827026047,8875573248,28726788096
90m-packed4-b8-c1024-clipoff,small_batch,0,3351014,candidate then native,40,423606.8281002355,430547.3334382813,1.0163843094058993,425217.3275227262,9.14950299100019,24.883204634999856,15.493994969991036,20394461696,21636317184,17.636303242994472,33.0919477790012,15.199547257012455,8875573248,28634513408
90m-packed4-b8-c1024-clipoff,small_batch,1,3351241,native then candidate,40,421691.7038825198,428075.5673119292,1.015138698178392,420677.9428500942,8.936127921995649,24.698745826997765,15.5234959790032,20394461696,21636317184,17.51961034300257,33.01655238100284,15.258360133004317,8875573248,28634513408
90m-packed4-b8-c1024-clipoff,small_batch,2,3351419,candidate then native,40,423033.19585285045,427040.7403150258,1.0094733569409275,429101.26768710423,8.827595542999916,24.567507026979,15.505260447011096,20394461696,21636317184,17.052201446989784,32.57424219799577,15.292832347011426,8875573248,28634513408
90m-packed4-b16-c512-clip1,small_batch,0,3351017,native then candidate,40,441502.0277181291,464010.98536113946,1.0509826823658008,431524.8879145186,29.794923973007826,44.8765633800067,14.827395957981935,20392626688,21739077632,30.794987295026658,45.16995632200269,14.115619218035135,8873738240,28760342528
90m-packed4-b16-c512-clip1,small_batch,1,3351249,candidate then native,40,431694.48515930027,445552.2230444405,1.0321007989713527,432653.66641626536,32.45202924401383,48.36038796501816,15.18868515905342,20392626688,21718106112,29.613008057000116,44.571842081990326,14.716180128947599,8873738240,28760342528
90m-packed4-b16-c512-clip1,small_batch,2,3351423,native then candidate,40,429819.8798734828,442636.7836741907,1.0298192438294862,440242.528108784,33.13356193801155,48.59177989899763,15.227744990959764,20392626688,21739077632,33.306923967029434,48.336177322024014,14.79286321697873,8873738240,28760342528
90m-packed4-b16-c512-clipoff,small_batch,0,3351017,candidate then native,40,448692.032226862,465895.09178509586,1.0383404614359988,438134.1971761556,8.939800348016433,24.114973476011073,14.877881628985051,20392626688,21634220032,18.89939396601403,33.23758820199873,14.066865175031126,8873738240,28632416256
90m-packed4-b16-c512-clipoff,small_batch,1,3351249,native then candidate,40,436630.23824888945,444536.9899931726,1.0181085757504869,436638.48534610734,8.97517278799205,24.208290795009816,14.998568568000337,20392626688,21634220032,17.77767853398109,32.74402174798888,14.733558949024882,8873738240,28632416256
90m-packed4-b16-c512-clipoff,small_batch,2,3351423,candidate then native,40,432472.7861309767,443050.2696062054,1.0244581481527608,446077.3113805335,8.534875087963883,23.896913247008342,15.133930017967941,20392626688,21634220032,18.12608193801134,33.11202548001893,14.757524249958806,8873738240,28632416256
90m-packed4-b16-c1024-clip1,small_batch,0,3351017,native then candidate,40,481101.3389524071,506648.12073992926,1.0531006250016888,472228.54571786243,31.088917704997584,58.5506986649998,27.196392918995116,33952811520,37415288832,29.8852994509798,56.00966822099872,25.853345976996934,8876359680,44591742976
90m-packed4-b16-c1024-clip1,small_batch,1,3351249,candidate then native,40,468000.6074456864,486714.5401609136,1.039986983814757,468314.55692237883,31.53361493902048,59.73793820699211,27.959644370013848,33952811520,37415288832,29.872425641020527,56.99376002201461,26.88351957499981,8876359680,44591742976
90m-packed4-b16-c1024-clip1,small_batch,2,3351423,native then candidate,40,466121.05461579346,483809.9957732048,1.0379492429750714,481291.59051496035,36.3922807709896,64.69323252700269,28.076096346980194,33952811520,37415288832,33.24146106198896,60.530310803005705,27.05529270003899,8876359680,44591742976
90m-packed4-b16-c1024-clipoff,small_batch,0,3351017,candidate then native,40,485292.4300534052,506692.87400004704,1.0440980378455251,476150.95609374886,9.874194398988038,37.158232151996344,27.00590343400836,33952811520,37352374272,18.79181915303343,44.87001813299139,25.789806423999835,8876359680,44459622400
90m-packed4-b16-c1024-clipoff,small_batch,1,3351249,native then candidate,40,472252.6101203239,490189.5941000301,1.0379817572106929,470858.0147158434,10.008827074983856,37.95860989400535,27.70756381301908,33952811520,37352374272,18.60451847501099,45.578427558008116,26.73294873701525,8876359680,44459622400
90m-packed4-b16-c1024-clipoff,small_batch,2,3351423,candidate then native,40,468144.5148938544,483775.2139083181,1.0333886193625652,484665.38389522926,11.463573644985445,39.62783411197597,27.93580999603728,33952811520,37352374272,20.673920058994554,47.946388840995496,27.016626785945846,8876359680,44459622400
90m-packed8-b4-c512-clip1,small_batch,0,3351027,native then candidate,80,264076.30574647104,273041.8735552793,1.0339506711269117,272673.75265202473,30.00032193402876,55.08794874101295,24.808687978948,20431585792,22198353920,30.457509538013255,54.704197182989446,23.99615252300282,17675353600,29947330560
90m-packed8-b4-c512-clip1,small_batch,1,3351250,candidate then native,80,271738.035358494,272031.0215591174,1.0010781935632858,269399.83697412256,30.254020118009066,54.5986682450166,24.099764575017616,20431585792,22464692224,76.5770469919953,100.90994720198796,24.091114999959245,17675353600,29813112832
90m-packed8-b4-c512-clip1,small_batch,2,3351424,native then candidate,80,264939.4498944243,264751.09740777,0.9992890734591268,275071.66517857794,30.31999202701263,55.25173823098885,24.692880324990256,20431585792,22198353920,28.914002739998978,53.84212652899441,24.694670243974542,17675353600,29947330560
90m-packed8-b4-c512-clipoff,small_batch,0,3351027,candidate then native,80,273185.5116975808,273043.2890979743,0.9994793918655396,276694.89289548784,9.163800231995992,33.388673055014806,23.96184261405142,20431585792,22464692224,17.35393538401695,41.61468172099558,23.973674129025312,17675353600,28594667520
90m-packed8-b4-c512-clipoff,small_batch,1,3351250,native then candidate,80,279351.30817974464,271451.72957943345,0.9717217053616648,275318.030993623,9.437187787989387,33.11425834099646,23.436925327958306,20431585792,22464692224,17.99233609199291,42.32809260499198,24.10039839000092,17675353600,28594667520
90m-packed8-b4-c512-clipoff,small_batch,2,3351424,candidate then native,80,273082.8473366905,264802.2979441889,0.9696775192097936,283587.2980221943,9.226552062988048,33.478621809976175,24.017490422003902,20431585792,22464692224,17.346736267994856,42.28848361299606,24.710712588974275,17675353600,28594667520
90m-packed8-b4-c1024-clip1,small_batch,0,3351027,native then candidate,40,350768.77243305836,365523.8429966561,1.0420649491151999,357860.2935052501,29.81188853198546,48.769585440983064,18.709118397993734,27253686784,28846325760,28.769707000959897,46.993171544978395,17.948346302029677,17676664320,37874565120
90m-packed8-b4-c1024-clip1,small_batch,1,3351250,candidate then native,40,356865.19817172934,361626.87116959563,1.0133430578892562,351710.6370124532,30.10145531903254,48.64871952601243,18.31365230999654,27253686784,28846325760,30.316915843985043,48.63421680801548,18.08243199903518,17676664320,37887148032
90m-packed8-b4-c1024-clip1,small_batch,2,3351424,native then candidate,40,347291.0451005099,352147.90726303903,1.0139849910645509,363752.33694150305,29.579413806990488,48.685039265983505,18.87261236499762,27253686784,28846325760,27.84083783897222,46.67558306999854,18.60422351496527,17676664320,37874565120
90m-packed8-b4-c1024-clipoff,small_batch,0,3351027,candidate then native,40,359361.1621877069,364714.94904683356,1.0148980675221941,365489.30420169525,9.394668222987093,27.935146616015118,18.23054707297706,27254735360,28825354240,19.69378335401416,37.87651670302148,17.924681684031384,17676664320,37864079360
90m-packed8-b4-c1024-clipoff,small_batch,1,3351250,native then candidate,40,364294.5866145156,362105.6422207354,0.9939912793815504,359513.5869600612,8.965393866004888,27.13998172900756,17.93936202803161,27254735360,28825354240,17.71460374398157,36.01492821399006,18.064876194985118,17676664320,37864079360
90m-packed8-b4-c1024-clipoff,small_batch,2,3351424,candidate then native,40,352947.5643074547,351163.56172738265,0.9949454175053664,371601.50890216924,9.008886491006706,27.79904835499474,18.556479766964912,27254735360,28825354240,17.468393997027306,36.30722993001109,18.608398985059466,17676664320,37864079360
90m-packed8-b8-c512-clip1,small_batch,0,3351028,native then candidate,40,365503.0414784734,369651.2349446355,1.011349272086444,366953.9051545834,30.94881083400105,49.09903185602161,17.9054274619848,27251851776,28577890304,29.728084828995634,47.65008482299163,17.680303544009803,17674829312,40200306688
90m-packed8-b8-c512-clip1,small_batch,1,3351256,candidate then native,40,365683.12490017654,373563.27273037593,1.021549115323138,363903.66596333386,30.745252959000027,48.891052198000125,17.906798238000192,27251851776,28844228608,32.67509138500054,50.430554519,17.52219487499997,17674829312,38222692352
90m-packed8-b8-c512-clip1,small_batch,2,3351458,native then candidate,40,368864.80104492896,373893.9971340804,1.013634253186817,374692.40586713946,32.18509782399997,50.158304013002635,17.736839494002197,27251851776,28577890304,32.83870581700103,50.676720243998716,17.48579982899537,17674829312,40200306688
90m-packed8-b8-c512-clipoff,small_batch,0,3351028,candidate then native,40,370127.5142463334,369904.5943736214,0.9993977214226673,377680.768933066,9.53369737198227,27.43738179700449,17.65622168596019,27252900352,28823257088,19.3738511170086,37.28556707300595,17.665119434008375,17674829312,37864079360
90m-packed8-b8-c512-clipoff,small_batch,1,3351256,native then candidate,40,373299.22869089496,373257.46700655593,0.9998881281258323,371544.50507347664,9.66587820399991,27.444421438000063,17.542871150999417,27252900352,28823257088,18.690105112999845,36.44933746300012,17.51309703900006,17674829312,37864079360
90m-packed8-b8-c512-clipoff,small_batch,2,3351458,candidate then native,40,376988.72857773706,374517.03376625484,0.9934435843193319,383251.7712846933,9.227090211003087,26.825072919000377,17.353242710003542,27252900352,28823257088,23.299511447996338,40.97960803299793,17.443718445993,17674829312,37864079360
90m-packed8-b8-c1024-clip1,small_batch,0,3351028,native then candidate,40,425659.86082561745,438732.855910149,1.030712304089878,434196.4494828938,32.17635015101405,63.1667884280032,30.747070684999926,40721273344,43285217280,29.775420688994927,59.869469642988406,29.848065113998018,17678761472,57331941376
90m-packed8-b8-c1024-clip1,small_batch,1,3351256,candidate then native,40,428844.95761666744,442194.58949489624,1.0311292732749389,429801.4532265182,32.33188421600016,63.077580449999914,30.512885594999716,40721273344,43285217280,32.21058810900058,62.02011831600021,29.573116324999773,17678761472,57331941376
90m-packed8-b8-c1024-clip1,small_batch,2,3351458,native then candidate,40,431712.3484443753,444202.00639939355,1.0289305089373126,426718.20886489016,34.95537863499703,65.51517931600029,30.322551466000732,40721273344,43285217280,33.43795847400179,63.16111329400155,29.473852407001687,17678761472,57331941376
90m-packed8-b8-c1024-clipoff,small_batch,0,3351028,candidate then native,40,431170.7710010252,438008.4910416054,1.0158584962164885,438647.6306021379,10.643584462988656,41.19468516999041,30.30822953497409,40721273344,43285217280,20.025106673012488,50.1131863190094,29.83601857101894,17678761472,57751371776
90m-packed8-b8-c1024-clipoff,small_batch,1,3351256,native then candidate,40,432897.16361356014,442432.5363731639,1.0220268774228234,433853.4118557725,10.985922177999782,41.49395816299966,30.269281047998902,40721273344,43285217280,19.929052138999396,49.71158537300016,29.54635672400036,17678761472,57751371776
90m-packed8-b8-c1024-clipoff,small_batch,2,3351458,candidate then native,40,437542.6976190314,444348.48090566485,1.0155545580435197,432692.4423266735,10.589445892997901,40.72802329999831,29.899814351003442,40721273344,43285217280,21.09996389099979,50.78350306499851,29.44294552900101,17678761472,57751371776
90m-packed8-b16-c512-clip1,small_batch,0,3351040,native then candidate,40,442057.22301859176,464550.2441292913,1.0508826005762462,446654.8262129269,35.06590968600358,65.0342855489871,29.681710011995165,40719438336,43283120128,35.13252733598347,63.59002662100829,28.193987059028586,17676926464,57464061952
90m-packed8-b16-c512-clip1,small_batch,1,3351262,candidate then native,40,451934.42410745146,465899.2782468637,1.030900177978237,448909.8879997569,31.662632874002156,60.88683215100173,28.984726008999132,40719438336,43283120128,32.09121498699824,60.4587147759994,28.135110558003362,17676926464,57464061952
90m-packed8-b16-c512-clip1,small_batch,2,3351465,native then candidate,40,444852.3225812668,469680.6935553855,1.0558126140154815,443181.05684204854,76.7022943070333,106.42497831900255,29.465869172970997,40719438336,43283120128,33.558832265029196,61.73209242100711,27.868271991057554,17676926464,57464061952
90m-packed8-b16-c512-clipoff,small_batch,0,3351040,candidate then native,40,449499.8539004481,464940.6649156365,1.0343510924001502,453009.7408039703,11.938914738013409,41.34150756901363,29.134866826963844,40719438336,43283120128,21.77232525101863,50.13485683401814,28.100795282924082,17676926464,57749274624
90m-packed8-b16-c512-clipoff,small_batch,1,3351262,native then candidate,40,456220.2537530631,464713.3604848749,1.018616242181148,454466.8681890646,10.106524356000591,38.965274302998296,28.62760208599866,40719438336,43283120128,19.497769034995144,47.882242899999255,28.14833502500187,17676926464,57749274624
90m-packed8-b16-c512-clipoff,small_batch,2,3351465,candidate then native,40,454567.5761374834,469922.9213614189,1.0337801154988038,450449.7594033442,10.828474381996784,39.84023425800842,28.778327970037935,40719438336,43283120128,19.97398030300974,48.025711727008456,27.800979610998183,17676926464,57749274624
90m-packed8-b16-c1024-clip1,small_batch,0,3351040,native then candidate,40,478181.51466324896,504865.53018144326,1.05580310969776,477789.75747149443,34.85945487499703,90.05279336101376,54.901213656004984,67827225088,74717331456,33.34984851497575,85.43624756200006,51.83533598197391,17679810048,89133154304
90m-packed8-b16-c1024-clip1,small_batch,1,3351262,candidate then native,40,485219.4431501297,504342.76203493983,1.0394116912559361,479883.29076679883,34.96005683700423,89.13531666900235,53.94662244700157,67827225088,74717331456,33.889456680000876,86.03907647699816,51.91266290000203,17679810048,89133154304
90m-packed8-b16-c1024-clip1,small_batch,2,3351465,native then candidate,40,483498.7954465341,509345.0364114147,1.053456681191957,476406.18764488806,34.1187992769992,88.58064501799527,54.19702885005972,67827225088,74717331456,33.20669083399116,84.85345138798584,51.387045475974446,17679810048,89133154304
90m-packed8-b16-c1024-clipoff,small_batch,0,3351040,candidate then native,40,484157.3546834172,505359.44906840794,1.0437917428701553,482975.4855626752,12.999565976992017,67.34090647398261,54.06271398602985,67827225088,74717331456,22.20162078400608,74.25308157899417,51.787720355030615,17679810048,89005228032
90m-packed8-b16-c1024-clipoff,small_batch,1,3351262,native then candidate,40,488351.62610983994,504302.0288373649,1.0326617172437498,485430.271330092,13.341634091997548,67.15841946900036,53.58271503300057,67827225088,74717331456,23.920727060998615,75.9886762069982,51.837725471999875,17679810048,89005228032
90m-packed8-b16-c1024-clipoff,small_batch,2,3351465,candidate then native,40,485620.5302089416,510145.2580595621,1.050501834920506,480953.0627713187,12.931289592001121,67.04315346400836,53.80573856600677,67827225088,74717331456,22.155302850005683,73.66769623299479,51.2566483640403,17679810048,89005228032
20m-sync-production,production,0,3351041,native then candidate,40,1742776.7553799853,1841949.7863631693,1.0569051834533798,1728593.429793514,20.13970499599236,35.4204897369782,15.035896287008654,21988175872,30335303680,20.5711967870011,35.03250833999482,14.220297238003695,485636096,32277266432
20m-sync-production,production,1,3351267,candidate then native,40,1726695.974617165,1829014.2953606534,1.059256708909728,1744411.4256621867,20.702718825021293,36.10721863701474,15.174279788014246,21988175872,30335303680,24.506027799012372,39.056889188999776,14.32063180199475,485636096,32277266432
20m-sync-production,production,2,3351472,native then candidate,40,1750639.5371434526,1866664.9601482726,1.0662760211586109,1747080.1508769859,20.05514722299995,35.28111934399931,14.974323036003625,21988175872,30335303680,20.607635142980143,34.90667557698907,14.030913940048777,485636096,32277266432
50m-sync-production,production,0,3351041,candidate then native,80,855586.5011638755,876953.0893568248,1.0249730309721856,853253.4719199857,21.748187383986078,37.3005026190076,15.308872962050373,9426493952,11349786624,22.633863574970746,37.80575228299131,14.929274261958199,1047014400,14797504512
50m-sync-production,production,1,3351267,native then candidate,80,844892.22468929,873478.6378617827,1.0338343901590588,855490.560282235,23.413823214010336,39.15249049902195,15.504497331014136,9426493952,11349786624,24.355015215987805,39.59040995500982,15.006379163009115,1047014400,14797504512
50m-sync-production,production,2,3351472,candidate then native,80,851762.8033381916,892838.0950182012,1.0482238617594348,855813.443920916,21.43508488399675,37.05339874202036,15.377950637979666,9426493952,11349786624,23.035564812016673,37.981917766999686,14.66156264298479,1047014400,14797504512
90m-sync-production,production,0,3351041,native then candidate,40,497639.3038068649,505239.58489781513,1.01527267045189,496063.47938289697,28.62549275602214,42.037576190021355,13.168252104049316,15003133952,16410214400,31.07257182302419,44.275807041005464,12.961749099951703,1913160192,21424504832
90m-sync-production,production,1,3351267,candidate then native,40,495834.5280715963,502014.1415834027,1.012463056043798,499988.46691070363,30.046799713018117,43.485870300006354,13.211090998956934,15003133952,16410214400,32.664851742010796,45.93923288301448,13.028723046998493,1913160192,21424504832
90m-sync-production,production,2,3351472,native then candidate,40,500554.23152432876,513019.73192867154,1.0249033963140852,500709.1678659067,28.426182427967433,41.83014833598281,13.097231779975118,15003133952,16410214400,30.80674440501025,43.85680922301253,12.768541551020462,1913160192,21424504832
20m-packed4-production,production,0,3351041,candidate then native,40,1604057.2378079207,1797844.013897114,1.120810387261504,1594011.032817883,20.44669994499418,37.34657397700357,16.658766141947126,23146253824,31392268288,20.654609173972858,35.468910983006936,14.573981005058158,2041040896,33961279488
20m-packed4-production,production,1,3351267,native then candidate,40,1586624.6217580638,1778529.2623613037,1.120951507982146,1606534.0477371793,21.75266346600256,39.00246034801239,16.53177118700114,23146253824,31392268288,21.87600984200253,36.8232377130189,14.723823408974567,2041040896,33961279488
20m-packed4-production,production,2,3351472,candidate then native,40,1606223.34293386,1824855.5149820258,1.1361156734584754,1611624.7316198973,20.919999123027083,37.522566875006305,16.32606787997065,23146253824,31392268288,20.57430954303709,35.21176465699682,14.353875715954928,2041040896,33961279488
20m-packed8-production,production,0,3351045,native then candidate,40,1513875.481127286,1748248.458607316,1.1548165489182158,1533706.6308040603,21.5651847620029,39.16678711300483,17.30698261395446,24698579456,32793165824,22.12455686699832,37.388441440009046,15.010147962981137,3996525568,36326866944
20m-packed8-production,production,1,3351270,candidate then native,40,1533455.7531054206,1706992.5555543099,1.113167140360886,1541901.114265079,20.95905867900001,38.284374556998955,17.08767644499312,24698579456,32793165824,21.736036429007072,37.30863601699821,15.34084882598836,3996525568,36326866944
20m-packed8-production,production,2,3351522,native then candidate,40,1554062.6406040585,1722295.902088637,1.108253848390041,1552187.9803561205,20.920840545997635,38.032322510000085,16.8680289920012,24698579456,32793165824,20.809655765999196,36.252919251001,15.199198696005624,3996525568,36326866944
20m-atc-production,production,0,3351045,candidate then native,40,1597936.1436593109,1828692.7637857085,1.1444091624324608,1588772.2385163605,20.187300925026648,36.86519378400408,16.411416850984097,23146253824,31392268288,20.596824393986026,35.22324126100284,14.333335084025748,2041040896,33961279488
20m-atc-production,production,1,3351270,native then candidate,40,1582755.3367250906,1786189.5566893194,1.1285316910604506,1597685.6074829455,19.964259745000163,36.76807452100911,16.561395911005093,23146253824,31392268288,20.451861253997777,35.36335815498023,14.677421552943997,2041040896,33961279488
20m-atc-production,production,2,3351522,candidate then native,40,1583433.5105232121,1803838.4386811745,1.1391943057243585,1603731.2082956152,19.494042506998085,36.278833972999564,16.49462322800173,23146253824,31392268288,20.577434245002223,35.33550570200168,14.512152817998867,2041040896,33961279488
20m-adaptive-production,production,0,3351045,native then candidate,120,1272582.3725371682,1539409.4931729485,1.2096737518875125,1274375.6005523447,18.34691731201019,34.055922657978954,15.427130733965896,7003950592,8829009920,18.94948819599813,32.02720266598044,12.789053211949067,2037567488,12132024320
20m-adaptive-production,production,1,3351270,candidate then native,120,1262753.848063595,1482457.76539202,1.173987921450674,1297458.8666827194,18.29611624899553,34.09893709499738,15.56392955800402,7003950592,8829009920,19.76524012599839,33.25635528299608,13.25595130000147,2037567488,12211716096
20m-adaptive-production,production,2,3351522,native then candidate,120,1269471.182875267,1495870.443710682,1.1783413943455068,1285134.8130581765,21.24824457000068,36.96853050599748,15.474046892002661,7003950592,8829009920,18.182893183002307,31.560116092001408,13.132859841993195,2037567488,12132024320
20m-accumulate-b32-m8,production,0,3351045,candidate then native,160,400235.8512012013,1309745.587262397,3.272434449166771,442637.4608157004,6.712184253003215,40.29061741399346,33.21357406399329,1151768064,1216348160,12.334583260002546,22.645080235000933,9.999603525007842,481507328,2162163712
20m-accumulate-b32-m8,production,1,3351270,native then candidate,80,421906.56857233314,1302920.6880886967,3.088173508408697,430896.62340284185,17.89124854898546,33.66000526098651,15.534018044971162,1150293504,1233125376,18.96919938697829,24.255940897011897,5.024491059943102,481507328,2296381440
20m-accumulate-b32-m8,production,2,3351522,candidate then native,160,445290.8070379103,1306393.6436046953,2.9337988185627966,429133.37306627334,5.711241089997202,35.39706032899994,29.438671043000795,1151768064,1216348160,11.178800436002348,21.44656703200235,10.02049770099984,481507328,2162163712
20m-accumulate-b11-m4,production,0,3351046,native then candidate,160,118973.5489045574,855700.1269702686,7.192356072833682,94699.78319549357,6.716546028997982,44.917893648002064,37.94194085203344,1276349952,1423966208,17.216715723014204,22.72398467399762,5.2649456090293825,481417216,1535115264
20m-accumulate-b11-m4,production,1,3351271,candidate then native,160,103338.34524301557,853760.7788610728,8.26180036900462,114304.05431120898,6.351206533989171,50.08974198400392,43.49414409999736,1276349952,1423966208,16.474015232990496,22.03375811400474,5.278628696949454,481417216,1535115264
20m-accumulate-b11-m4,production,2,3350698,native then candidate,160,119062.99592276465,853601.9148111519,7.169330052511677,119580.24241300159,6.6062414449952485,45.79038371099887,38.95984119100103,1276349952,1423966208,17.509708926001622,23.053630844002328,5.278762212998117,481417216,1535115264
